temperature,humidity,rainfall,transit_time,storage_duration,food_type_encoded,risk_label,loss_percentage
9.887695964245044,78.4768250204577,119.3700315892974,32.37704182903177,2.9992474745400868,28,1,16.67
29.988204336800674,24.23086842703252,144.39975445336495,67.60651869462613,0.02336297523042985,23,1,22.35
2.3038511244478483,21.72968187810618,104.95493205167783,29.090059477640768,1.3999698964084628,21,0,3.09
38.97743748966178,71.02306539408347,90.0998503939086,1.4484447229304567,28.266052670545584,2,2,45.42
6.199900902274506,71.31747698841177,88.03049874792026,9.225733791401685,14.855307303338105,25,0,9.18
9.83615177488668,76.65210577382393,85.03117489824893,15.367828895075501,17.031009834599743,35,0,8.58
18.99146014807802,89.49941493453457,145.45439917128417,23.84766496961723,17.11331923216198,33,1,29.22
18.713123456647725,40.35117738304219,165.74750183038586,26.007862858591633,8.428035290621423,20,0,2.27
9.106478379709106,21.172730505589545,84.68029614127393,28.734028549553233,8.804645241541143,14,0,2.79
33.347308225762454,77.84527600144594,14.808930346818073,26.13029959091549,3.4760717857538914,7,1,22.47
6.102635009087686,47.81136891486997,133.76825053272145,48.11344849815101,17.738933631231813,33,1,21.22
7.142552575346973,73.49335904172463,152.15700972337947,40.63131962621898,23.12901539863683,34,1,20.45
6.768305294908747,52.95023763993276,40.34384046707924,64.54709709065664,14.261106695463353,14,1,23.91
12.719565853401622,50.77871922767223,151.11022770860973,16.859068832651005,2.30939729486379,36,0,2.45
28.84722406975311,42.17252643782855,21.09885196605412,33.14222178952808,6.553213116505008,1,1,27.67
17.32080703730992,88.01213311593155,54.426449876927066,46.809843618707404,0.015611309859474565,27,1,16.1
23.962134010835328,51.30582523615843,44.42156209414605,9.07037376435832,10.12845514210884,5,0,3.91
25.998386086745672,50.28771282935306,12.978449421796313,18.654952096305646,7.406281885158036,31,1,24.25
14.248141258231108,22.76652105158996,121.91286679597937,36.4415501608636,1.5443625374996806,36,0,9.17
31.270334416854972,59.820093748785226,89.55663291461833,40.03185586859995,17.780901716381805,18,1,17.39
33.313302990309964,47.58373495394399,126.4611661187159,45.79737431940397,16.073240522242756,16,2,63.41
31.91995069200792,84.37691036102899,65.19178104037695,16.247234900936704,21.334485973140534,5,2,43.95
9.497756447214632,71.82033035768495,77.34706926010747,67.47619419467652,4.1256283243797975,6,1,12.27
25.28226287458533,72.18382995088116,45.71000435945993,13.009277287359437,29.465050299883067,22,0,3.35
6.003419015653666,87.29118184649951,180.0836114326661,45.76675419503866,10.170893731461021,0,1,24.52
38.821944550757976,50.33810953416426,177.55401975219195,61.34138408687716,28.069049826628426,2,2,56.76
18.00815896215495,90.51000818433339,194.73276735106347,20.800349693728798,9.160915810331803,34,1,18.97
32.62370651794404,37.793681562260005,65.07993963185355,53.87413546593873,19.48898697141644,35,2,56.3
25.32922991386067,58.161055762907,127.26652363717908,18.408020030299266,17.696125426816316,32,1,19.73
29.138960917882304,79.61084776562363,100.52741862103842,41.74862775078468,14.775530814565917,7,1,24.45
26.596180565994874,77.64155107297317,8.72075435088675,71.61036152200988,14.098335419728288,18,1,27.67
41.917698191272194,52.11381112379858,193.3309638087339,69.39882836188158,25.590283664020802,36,2,45.4
13.544418846276743,56.395990570723676,74.53737341880986,28.72043987687726,25.326394221789343,22,1,11.41
30.859171223434174,46.89850859721229,50.83272981394775,21.61327707195412,9.676522927158015,31,1,12.73
14.749936176855336,51.48356423347074,51.24138871889161,44.22323032689616,2.4478254120072105,28,0,6.65
29.948449023443903,72.64751579432775,159.15853388722022,64.13538193995599,10.139854705546075,19,2,33.76
30.897123817693572,44.611450060604895,31.00832334554884,70.70162351420296,25.1680050620809,22,2,40.01
15.040417130948581,60.28118203974916,65.33024835920817,59.69263377081259,8.146287474592256,5,1,19.15
4.22231401025013,59.8515973676111,108.1270243220213,46.07623795712177,21.782740011679845,5,2,50.65
3.765903221018659,49.91156760835959,86.70414751614841,53.69904897443675,7.525815820399836,29,1,11.62
31.605495732910754,24.364519663133272,183.04274552529608,32.128184425773966,7.193620774722097,8,1,13.66
43.059207068517345,75.34226875218263,110.87081050228014,44.23803335575619,12.588001872833697,0,1,17.12
7.167079855642614,45.64097500373012,18.359813162688376,7.232224661202048,9.342399281738826,36,0,2.58
6.206868907993064,56.871190633762424,94.69435415611314,12.883933698566086,13.01554947713919,15,0,6.54
40.12725665381605,39.56702175062855,3.06090805807695,67.24069602768303,15.031196517457776,4,2,57.36
5.034456138218483,68.18144586547368,5.302262108324363,42.38295406105262,28.206907242748727,15,1,17.76
21.704874291135216,60.92125919869512,188.29296175530504,28.106338602755358,28.835716914717427,32,1,13.92
11.227332147460087,48.294431242098184,7.792626462046726,44.70515273015934,10.096626446661794,12,0,4.47
3.000693236640512,81.08513619417019,56.37095495467999,8.948785174948423,20.902114960924518,9,1,27.55
19.971679363769887,92.56854136401856,109.59437664961746,30.778172375030476,17.05560851249875,35,2,59.27
17.996777689089676,78.23097205564977,68.16070805060357,67.04914878065487,25.752382555290353,35,1,25.02
12.244154553371116,48.32966646322211,106.86549470611268,36.004125133840056,11.688542586576103,24,0,1.9
2.4660190136528293,87.90364823144478,18.25733535722671,23.330925087714665,28.501859011524147,35,1,21.47
21.28315744506775,41.99080787735484,65.7329090739832,48.585069609508245,22.5712358831304,15,2,61.58
25.629741939920628,53.11478760300328,177.54083655165996,25.590423397473625,3.5120104928281757,13,0,7.85
6.34827507327998,26.308010458624807,140.193826291824,5.702554955039838,24.655801778710686,16,1,11.63
12.028807114254695,63.59790629200867,172.62770439780078,63.4457377576468,7.100555810462362,36,1,21.84
18.17916217782938,26.26255375240016,155.42938318548735,40.42590385611006,12.72666027740929,35,1,12.22
12.908333476544966,50.39015650860628,114.29460504100213,53.47963105511278,23.01584559325715,2,2,59.77
27.084856899177865,92.16294113559064,74.97411590474081,20.928414169153044,26.057973845683808,2,1,29.26
25.908216661631137,44.201479120818775,8.680156659634552,66.61199811098712,27.573471458359784,31,2,57.82
9.147263572097875,36.26068299398684,58.898789367885975,71.7019433146,20.907751675914444,17,2,59.48
14.081417152465903,91.28086130574191,178.05275677818327,33.079457824178476,18.603977934046103,10,2,37.52
18.695540511564502,37.20460592787123,53.18758499284779,26.26467430717668,7.798495885627881,25,1,10.65
15.309687500312092,81.03462647802115,136.94623451077587,12.127111163159729,27.327815534815272,8,1,29.0
28.376853425238963,51.368227721796416,186.54569667080264,62.423568099279194,1.3565601031856822,4,1,17.53
22.65591352025325,93.89645379991282,75.34779398758815,54.094848448289156,11.789683469365773,0,2,52.76
22.15380587118372,51.11146267532489,54.68141438614125,4.5308480105412885,25.941671287651598,32,0,10.0
25.88356334091298,77.67405613853829,188.95314597648562,61.24978843343492,7.42044305229593,2,1,12.58
10.910788907346427,85.86655006093942,151.39982643444574,3.853097447072224,8.060174460759221,12,0,5.48
24.367030547815716,83.9136125238905,110.38136775489711,40.60706496478012,26.29960807975035,2,2,35.36
34.47090199396562,66.52321635150986,140.81595361984472,15.726937547887117,4.091144267603093,22,0,4.16
29.37570582975815,61.61117064066693,18.200418210266058,52.43738783449132,16.423389206973347,33,2,66.42
28.74972810979856,84.67727815600588,189.9041247315284,11.015753886426213,27.797628754844833,29,2,40.33
3.972034455399217,66.56042633165684,69.48268164508285,15.452851562113764,17.38949803415215,23,0,5.84
7.505971075184215,31.392702013422074,27.76543452988203,46.32254425342985,5.456402531974344,22,0,9.07
24.155150359161066,92.98327619525783,120.38707910819204,16.505208212301923,24.653719105333476,2,1,16.95
5.8142089515533915,29.04769033254506,92.15575360654515,15.252860866014164,10.928095831442263,21,0,7.21
5.968495207836082,56.08590455422199,137.5569434192166,37.08347646862918,4.709330481485812,8,0,1.02
36.66665503110164,76.11947677877438,36.90420387127546,15.468476618574787,11.11416308374146,35,1,22.37
24.844427420861965,74.03870460435986,12.46827250224829,11.063345071295208,3.9935078576243477,22,0,8.6
21.23873177340855,59.94629498412674,48.49410072694593,19.75089101288074,11.31852489313868,17,0,3.9
16.082386143650332,28.982159886443842,178.105456147979,42.94186042911448,20.37306957433469,21,1,19.97
25.095581298197555,64.01308385156594,149.08789483686598,31.363657555422076,3.827409083866913,35,0,4.27
28.12487455862363,38.32648665984909,99.64953956978803,24.11991641158535,28.01075471279624,25,2,39.01
12.57618232053385,32.051102994466675,37.313404810261154,20.88430456161007,5.201207858842645,5,0,1.72
19.647063560555445,93.67839626814548,22.40778043361047,28.94667533177053,29.084112998261066,30,2,62.68
9.348166257772832,70.14824149433232,185.87519782551715,40.30854685049598,17.148380684096995,29,2,60.78
43.62374485968207,73.32143591275613,39.90138546766395,53.14167363444191,15.8952006954335,5,2,60.71
23.762470123451923,89.90107566927006,64.12843843190285,42.962641475389766,11.076914445296884,36,1,20.97
44.568289992767646,44.17653837310422,161.97488917092699,18.706806815609117,20.44508166671788,9,2,53.83
28.062380885401062,79.57170874748468,21.339850022687212,61.327013391176514,22.379235766461544,23,2,67.32
42.34863964330463,33.59247996242451,13.299253473355499,53.49012642423922,17.234193395397355,10,2,35.59
10.669974762053014,32.27419571492784,32.853159586198586,58.74209249654382,19.955916620886004,36,1,17.18
31.368228726936692,53.89614509742794,142.7564909710652,64.82622233839038,18.72304632545513,24,2,47.55
11.985145891313143,87.46809299559264,76.77824427464228,39.364029569650185,27.19416332893641,32,1,12.34
16.311078794236824,74.7911852606976,138.74352148066768,12.421249339526895,26.358873461203146,5,1,24.83
35.90968008265482,31.375615979956336,62.34441355910965,18.266973496734302,22.31838877718031,26,1,21.4
23.241203946627095,76.59764688950875,20.583206148829003,38.85841663114852,11.364646966707472,9,0,6.44
36.283700728520806,31.243807051158033,45.8502790465283,52.14105864010424,21.601096096382232,14,2,57.76
32.795700213516945,64.9272023582995,165.35976556181566,69.07384781132798,10.275727715356302,35,1,18.47
42.733183603308056,31.501355233706015,117.24596640335945,36.67104054023932,18.343627063039435,25,2,64.88
6.3951445616835825,88.90628916955599,158.01692742481734,2.146116242316082,19.541016329647384,11,1,17.49
20.2376188660026,75.23331767185421,186.87340295380298,66.67814867283451,13.525181142123962,8,1,29.7
7.360495291740475,89.06314119630292,173.97927241242564,37.59692108451416,17.738263072347877,35,2,32.19
10.839931760152412,79.08424165358693,120.7443063460278,8.670111953981674,12.43513752610883,8,0,9.31
16.918987681537793,75.31259360823113,90.44358817796143,16.55924484020871,13.573185483980803,6,0,2.59
9.117072649402875,22.540937018494624,62.29463422655148,56.305443089545264,8.327615178882544,6,0,2.91
43.948276574358516,54.42417410127598,111.46107377800958,62.03518927918748,16.052091568009757,6,2,41.98
4.884288527702381,76.24703527993833,41.981118619117154,64.71088169501104,6.1541892144602155,31,1,10.73
37.97228697157031,64.05902031755558,58.80893584419431,51.555232784972716,15.829431904343576,29,2,49.24
26.06453424625337,31.643018444803438,36.38562609905422,62.11767190246648,28.38346386400898,29,2,40.83
19.575569357218146,21.903976674525865,31.230519473238072,51.69201436258892,19.76771825730454,33,1,14.44
10.43286328681847,57.913090932952535,119.00979594008412,24.757894081577653,17.08330553290501,23,1,21.13
6.275979888651841,38.23791432495906,144.45338637113184,61.68229746959943,24.906595937009747,7,1,23.36
19.474869255761448,44.29925458300997,17.385002990069864,45.776715406133675,22.07713839588007,20,1,12.46
27.070787121696764,51.606841294437345,178.53434221539496,58.94721466429853,10.25452055093628,18,1,17.59
3.471808765282752,82.29908799239374,69.03842897625512,55.82916840889583,10.882736839978364,22,2,38.78
35.52962731588532,28.567844444029763,113.1553239933121,70.95376282528403,14.131963580814432,21,2,49.39
13.553126453552682,60.62256609956502,126.69564396522945,18.938969508473964,4.180682222184724,16,1,29.69
9.38220929147705,40.42304948895267,3.6781353094933467,65.87236466907568,3.532532486704234,28,1,15.48
19.425667785190615,57.309867048491796,144.04051632645917,8.120379204200216,4.20055615981347,16,0,3.4
27.688763393323256,65.038764532524,133.00733490925109,13.039046421576646,27.432358377748795,26,1,17.66
9.150184856511414,75.35252123197779,16.559733585025292,43.625375826846756,7.360473290439629,1,1,15.77
32.91897392292256,42.28412867173813,113.28092805937943,34.53760375723563,19.910134960879443,35,2,59.3
13.60618256286438,60.48820841811451,32.40277557831692,60.6693707121681,25.392235479436717,32,1,13.09
35.14922476107034,27.994868985032884,15.027556347161752,52.56549606855764,14.864739486185954,8,2,47.39
37.22139965999059,79.95619092267344,138.93929417088535,19.958377311942332,17.706920006072615,34,2,33.66
42.86020621429451,53.45043297184668,37.02658576772393,39.24591773755261,26.18837507629225,16,2,62.26
33.13644315874496,67.79236848421152,196.11536003599764,65.09051260347579,19.3999475735149,22,2,32.06
3.6953528888457536,72.91813793867664,185.04966348313317,13.411137176604347,17.038356916578884,25,2,31.36
14.786007317019683,89.32971465323978,194.21164903307354,68.01505397161053,14.226426499723914,6,2,63.78
24.464686771060265,68.34099879693666,130.03347008864563,26.57585333619737,16.82031582010542,17,2,65.4
33.16497117573674,24.901725559920678,63.05806756612207,39.073627404836614,23.721694945168906,25,2,55.04
20.35313343615917,85.74990333968371,83.50121680557842,33.528913816154514,29.710239400253315,15,1,13.71
42.37991103605454,79.90874268302491,199.58682210666748,25.575894804797276,23.015648667933807,17,2,49.2
39.568115910012565,93.80626018994714,153.65468277290364,30.370324924964365,12.640710068312105,15,2,39.55
22.09436296111906,42.275215734116166,170.56436433838027,51.6620620392483,17.673256034126844,2,2,66.41
20.39424475064208,48.82449853697612,135.92945653861398,16.105152982352088,28.49883551850676,14,1,11.79
44.24021214844351,86.31492335986272,120.15968928843961,65.11626365303184,29.67554729440077,5,2,32.6
42.5374662878104,68.72349867442763,121.54735897577183,37.15722853768036,6.920094351532761,7,1,14.41
37.52684491914053,80.05772653474062,125.95558459923062,15.967167647113577,15.547811000291766,2,2,51.0
34.60425445527593,72.20154635403442,30.779181267971012,58.83206843682917,6.73321715509982,34,1,20.74
40.481621972797114,84.50951123134428,91.48641955474146,28.468638274747153,8.188781245689448,8,2,31.78
39.071487542414374,80.71370560436586,131.04839612780435,39.88630199855346,2.609602797342304,33,2,44.91
31.915714592539256,23.658768625487983,106.52050388015242,69.29172104033157,3.2840658016336164,7,1,29.83
24.191397879075517,87.98852895834351,114.26378838391483,47.84100872261937,16.313367239921977,31,2,59.36
36.28931892909791,69.38388759938192,170.11634581884837,62.51153536862587,21.250889301451043,23,2,57.9
28.600289263252925,76.4537479668231,31.72102105861474,63.48225928272338,26.15530583235696,35,2,63.03
37.257717448548306,37.146887114369264,181.74026185387356,0.5800879708278284,16.68545205119271,9,2,40.35
14.342639726521249,66.26951887818066,196.2372356054847,45.67466718169179,7.794107431924794,1,1,20.8
7.523294878007229,41.25072111991862,3.685543747643494,31.405216048314628,25.203645082236562,34,1,13.59
6.407918303599208,90.29213654273383,137.57714446016266,5.350349726019791,9.028907008404488,36,1,11.35
22.363677202708807,24.34403454190987,14.938883551570804,61.44764813270331,29.70445118251941,9,1,18.92
27.55902194682745,48.77091953042164,13.12522891480259,59.23817573963203,11.155005877161738,34,1,15.05
21.17381637420018,40.52199997112494,199.42490003154222,30.971963109872064,13.541610729890264,22,0,8.15
14.830100532569682,82.99603735043539,154.5645560033609,16.948838336747524,3.9400537922813417,28,1,29.26
33.44461287986848,88.21433832108637,171.47201841849972,69.46321376731991,22.802822353142915,27,2,42.48
34.070991517331464,35.02693576615345,173.6245626981062,51.617068874460706,16.88250859030148,14,2,51.73
39.35079622209126,78.24476395938063,154.1843689288104,60.90200081035747,22.830719728289967,24,2,35.25
41.59645745607453,66.24877358905536,159.30745819523526,34.92884813314733,3.519245668871834,23,1,23.71
26.01174492107751,36.91551068328016,32.165093815638016,47.08364187636192,9.777763918562247,35,0,4.9
8.431967634705327,54.844894747685764,136.09132527186506,28.78147349741776,29.240995556120694,12,1,23.14
38.9852630791358,78.48882416700124,7.923765069671429,34.85624672893477,3.147905352545246,24,1,29.73
2.78980838844322,56.17672861636937,42.06991598377372,25.24018458660603,23.27414207378868,31,2,32.9
5.778259463227834,46.297019840688556,6.640621758273313,6.118362546583983,11.907698286047882,32,0,6.11
10.606460502526835,32.56119366943023,20.91356806688005,46.00476284237002,21.194271794607033,14,1,28.72
25.27574241794603,73.17953895881874,174.19382474921713,51.55721564746859,24.051842492093755,30,2,62.59
30.41526508686778,61.47510894439688,119.49517252638601,56.54402756944863,14.427114943469546,6,1,13.28
5.510089227315351,24.526406299292283,49.42064680202929,11.907444628092966,26.15350699776605,13,0,9.78
34.00399982058309,85.38745842298408,86.73106679127778,3.6218085260763253,4.85017632440408,35,0,6.88
44.842358390439905,93.10948716100873,130.06513726938738,14.767285241433877,20.40684727293874,36,2,31.23
38.13945346990814,33.064500243369025,192.1561102973954,30.237376679506266,25.38735876057148,32,2,59.41
23.708329921399766,60.747539252246625,102.799173561745,42.546174033440664,0.8818333726952188,19,0,6.46
40.73018015248412,51.62906951550916,55.36555944701031,42.8530484944254,27.370900368500727,14,2,54.92
33.52385996385708,29.867576384544485,143.16499293641772,65.49582522759333,5.390493266107259,20,1,29.43
38.738559014891905,56.92083923360261,49.44621488063541,62.758617940984564,13.359157650079965,36,2,44.37
6.096244842048931,68.90924341478285,62.429611339289416,29.031785148803444,25.739587617681174,1,1,21.77
7.627567410889043,92.73657838089085,90.75790827672785,17.377608129272172,2.20490241990038,11,0,5.68
30.783787262752536,30.931742618356378,89.88676704274754,42.53373253439267,28.457500645543014,9,1,17.19
3.576871358142348,75.23015112992303,132.76090552436102,34.43610761611169,25.325113469075912,27,1,21.71
26.000030732536104,60.492937962665934,6.837553187831635,71.04854809553706,3.6891242558888013,14,1,11.03
7.250726302431152,53.91492712125765,186.77500350558097,23.10516150583766,15.217044260651774,0,0,2.34
31.496612647268318,21.303484263910974,64.6261314140557,70.07648898702978,17.403366890864042,23,1,20.43
30.675163074482487,30.47384410672347,5.9947179745355905,22.51699082377015,21.1404228820994,22,0,7.06
6.037730778944991,70.44515886688447,88.75004386091423,62.572171187991636,5.314493683421578,20,1,26.76
18.094760987011085,21.313699314654666,48.82945808447485,59.90771918093194,25.9382650786511,25,2,34.52
31.64965029435713,70.73850393329349,43.13503047954343,47.61031112163499,11.815932169624755,24,1,12.13
8.84936014544062,65.37154420179056,63.6223107236239,62.450364728226646,29.800108120758853,27,2,33.62
33.753315997807036,85.88866709760109,80.8280643302066,23.882871051771566,20.02780156690754,30,2,60.49
20.730082536956118,81.33756621312662,24.04181107412169,39.430970504200744,0.17275981494364712,22,0,4.3
26.22787387598373,48.53147781745983,109.69994433029535,43.148711461457644,16.370606654864204,6,1,10.29
27.94828951539925,70.11595989162622,123.8980692019229,33.63982413174092,11.393573405376895,10,1,20.38
41.31217018591321,81.03247162396897,21.783668369346287,11.152917701868923,15.798713918068788,5,2,49.07
36.95838676479202,73.85923071698707,191.10473919098695,1.8036296613598566,5.873339570506383,22,1,22.95
12.469738752780868,89.527590859723,12.05347805791217,67.31217591659427,10.548680617189031,14,1,19.72
41.973052729145536,59.91951600042801,116.18641065255954,6.9082832495783615,21.529073577258885,26,1,29.53
7.241102013488745,33.58620121510103,136.22357079299655,13.472841860237327,15.754901510011805,25,1,12.14
20.25467928344356,26.5279221940744,163.14972870085617,27.205942337244714,15.794975824613429,35,1,10.05
37.225120955351976,86.31548475113058,45.615954389786495,15.661206053438205,18.32942966552975,21,2,63.59
35.10762211082219,61.7477793452538,51.12899956185446,22.097325881187846,21.958742027569038,7,1,23.43
6.1080184948907315,66.78944935074298,90.35353574744582,42.4425051170464,5.040426232345903,24,0,8.77
6.115725887366954,21.77289395347523,128.3943000886532,43.907223580347825,16.4009223814221,20,1,17.82
44.47477736924015,30.232981441754987,139.02891080951875,29.40879191945689,12.845988447768443,24,2,57.7
7.520954446527385,27.808223703812473,144.86776342574822,41.85466456595825,8.224819996794176,23,0,1.77
27.617281312125137,50.0890935529237,73.39121584096013,25.064573946462833,18.514673501869403,32,1,26.64
5.007059045505668,68.01261678711245,54.22948730003696,42.88605740321972,20.40395793310354,4,1,19.14
30.787939073522175,94.56045209158756,132.36783796987572,40.38151434195678,21.919515307177384,21,2,32.41
43.351626646056964,67.62200341932748,150.96756398816956,12.689172579435104,12.284335590156116,35,1,26.44
16.94557554227623,69.86837933654135,159.08999215794583,66.79321409278087,7.039262455663606,11,1,13.05
33.698749675311454,77.64498535913813,48.731343212773325,48.516428718332165,2.7878743313816976,4,1,25.76
7.491679796315098,81.95507226893963,156.40561753407718,51.17524588862282,1.0848114157428634,31,2,40.52
18.37910959697245,45.97413264417527,47.81106643945312,36.94528364274642,24.758583246986905,1,1,28.85
24.174215390949403,88.95439799108131,99.39269658116605,71.43929805986686,25.542748732352873,17,2,67.22
29.001852269223342,70.57278548067863,106.49623851188524,52.081677814004316,4.238341478265174,17,2,62.75
19.328147686901943,33.01433862398815,138.99021778049234,25.246130447451666,29.268306025797447,14,1,26.45
22.612240925927626,43.52957683955721,121.27418888667512,10.452658760153383,26.94784881878118,24,1,16.35
19.142510194209464,30.978049412168684,73.50688445830629,5.37432012106279,0.7743572084846095,34,0,9.67
43.53035292958846,52.4373408747599,62.363226617051915,36.689143193077456,13.185350658987304,11,1,22.82
2.7605758133700604,65.19148728821487,72.9596438289059,28.13195014287902,16.933232720366476,28,1,14.24
34.43290240678611,66.46233135556908,59.47100964736778,31.269108191887867,5.1199427564999525,10,1,25.65
31.76293769284767,24.6718848597547,101.88442562995795,71.76382505048784,24.419108085180564,6,2,42.25
24.66278294820102,51.95625379177786,26.142075348039896,63.89220138969337,13.493539464639676,35,0,4.31
22.71029840099908,33.26653588578908,77.41575206712616,69.4132926969881,7.457407731448262,27,0,4.77
27.032373880538806,71.07311204286833,37.93896963493544,44.75479580005209,9.705011847344213,14,1,22.59
4.778517233295704,23.197490696527456,74.28171353002814,19.508356270783413,19.38270370387524,17,1,15.32
7.469589795560332,84.84952941053133,48.695593680973445,47.09731132563424,24.320577839587987,25,2,64.38
43.11755419790478,29.98587531335727,20.42990593150762,47.596488453832215,28.284934242397853,20,2,33.06
38.15747791531467,22.881976172174376,180.3523984270847,33.495638720668495,19.116044304248412,32,2,65.8
11.759481857710659,86.70431870966331,90.12393134595158,63.595849992611136,3.1708043971882227,7,1,18.87
3.7919347259025233,26.35940120343524,143.26467761253645,5.654030023905146,2.1377018329577577,7,0,9.61
18.66659495375909,54.64602025032168,198.3176817740548,69.90862197345292,28.269461690195786,20,2,44.19
25.633489879913753,82.290084230363,13.742566503653553,30.837227340769502,2.4785299037780604,4,1,27.98
35.07659535703974,66.84976766406979,76.38792793057918,15.20663924698219,3.641592544782193,7,1,25.49
24.802991729713806,23.14634175737272,193.69775551887676,57.608064703302084,8.784661101028941,24,1,22.04
34.16714671546988,80.88273410676032,131.29572146630053,9.658845865183302,10.148025179834953,31,2,38.98
18.167694267476392,61.2568955343617,77.7305597259694,12.203391804769057,8.213739225423195,24,0,7.08
14.293991937283886,81.19602042264628,172.2739992726872,61.02577521635488,27.567796009186633,20,2,60.2
44.07108298842562,76.11439294842481,111.56264510221399,13.412513769534012,1.6157462099407838,20,1,25.06
42.30768685937611,23.238030184775877,32.96296314588743,9.918607302001176,21.779397299558866,24,1,14.27
38.1502302044816,74.9601158574688,108.44744109836965,42.70985986780226,15.250816407488399,22,2,52.6
6.031547587758935,63.287958746566254,175.42768830228079,31.516736626216183,4.825445218732386,28,1,26.24
39.90238352602592,40.842657293665084,38.79077345355497,63.40687874484862,19.726809383340694,4,2,59.69
10.085063588462894,46.65384265143045,156.75835689707944,40.127195760439186,0.1568884062873821,26,0,1.32
2.474359413286029,76.21591133516662,151.73527802220096,49.00408583414264,22.687939736743576,16,2,48.81
44.84237651797164,47.62321478801363,89.72212619090851,52.1280720814957,26.585873413952235,18,2,45.66
2.0808349915711575,33.37794382304973,5.814276068790747,12.43228592662327,5.439578397765157,20,0,4.62
22.681834265103323,68.17441444289206,12.97071889659367,41.968840801111384,16.844537638785713,6,1,22.07
27.772865523506155,65.16092330393607,4.586562253608406,23.530722302386764,19.09471953147462,33,0,7.26
35.7505700157931,73.07607010556868,157.72299293448128,37.48473753557507,13.205969938664717,11,1,16.56
5.8098184762235405,36.545896453340845,119.64505881274776,53.09991266810207,29.95042534178849,32,2,55.7
29.41479037221988,57.21247880849146,35.65049338092832,49.542655880065254,29.73379295463911,16,2,59.6
27.274082517074522,33.83571898502295,72.44708833045767,24.41755714504815,0.7859012559619438,25,0,8.49
24.277386948269065,42.40441801915798,188.1358490230681,19.039718258902823,12.889704382168052,5,1,26.84
22.678958032381995,52.638529944151756,187.47065884317288,50.98035904797776,18.93511937870119,36,1,28.08
20.78458021245272,74.71311714892975,153.10257979822194,11.86193398835878,18.30675448432924,34,0,7.76
22.298598670470927,21.00519698241242,56.549137915752404,3.68853594866675,1.0886286784050647,23,0,3.48
12.730486593528763,40.39622945964733,151.87965248359274,32.65639873521361,23.301316708655435,13,1,19.75
28.647075928574875,62.14946356001051,69.18408950033886,23.03605075846117,23.155731785448637,19,0,3.13
30.542956505550332,92.25458256601628,112.03363669236839,67.48280603536607,1.567736378580713,31,2,40.41
44.1957748913816,39.23975468331859,130.8349202948149,14.663980742321419,16.959907637148298,36,1,29.44
17.028773999733207,28.557183866595004,30.24936574698691,16.61016049151331,7.5289998402089395,11,0,6.05
44.16222334604756,37.05571218960342,80.79557526530965,39.29202494277274,23.750999653600548,16,2,54.52
38.41750530780807,52.14729102278568,28.191925504353854,47.98943588713734,6.482713595559225,5,1,27.24
14.495265071673268,79.02276011882498,22.387185404306067,25.95209622633197,29.341854539205855,21,1,19.95
13.120695900185668,32.35297650742219,66.04301297429951,54.607732656737404,15.58157578511812,31,2,65.11
8.949651885292472,39.162000849170354,189.32759083992144,40.5530314738062,22.521885209980415,21,1,21.05
41.09646885204709,60.402634846453566,99.56250160685805,8.041369546899087,19.70340314172882,2,2,45.22
20.9661028047837,34.67069547833863,37.344659154608294,7.223581467050044,10.700129224252942,18,0,3.49
36.31030886348344,49.69778544968412,183.01801368140863,38.61156400809901,4.73864468506044,7,1,25.87
28.37934496148458,47.23255524755078,179.4372681929238,12.573075777454559,15.211533115963231,6,1,10.67
40.44155753033843,69.07194142437214,30.420856644454574,31.983124413336952,18.458940752094062,7,2,65.3
33.80840427967824,43.97501243304085,197.6831978824153,35.20316729593193,3.673016950768231,11,1,16.46
39.92289360709969,52.061726594046135,32.44668115649587,1.4014376782667715,16.792670509151478,27,1,24.39
11.019376750398298,48.4270344664323,194.69147799523464,24.584095883068883,8.894693438499457,33,1,12.21
40.7557284633099,68.87509390298194,62.812158998546394,18.684021654249644,24.577653146143835,10,2,51.02
6.856557961680463,26.53846008738734,143.81548947077113,30.538489041112335,27.16079622833611,20,1,13.83
29.999346149911986,66.56964256088233,70.47498932193088,60.66350004556033,14.138615021944936,10,2,55.37
33.789673612085245,27.975779469183095,62.98391772259353,0.7729250898908208,20.4500844720486,19,0,6.9
37.992768385446425,40.94570663408078,128.57638201174154,50.13176600595292,15.379642594351587,0,2,38.51
34.81567752413224,50.62297570695883,151.84974661216856,65.10796087079585,6.982894413038663,34,1,11.18
13.19233487533813,88.03962730293723,134.1464623811668,40.57150511510146,3.3296840764044324,14,1,19.21
18.409313414289603,29.66365340001911,82.55222585320521,57.86833453488739,14.372101893100536,35,0,4.79
41.47729174456348,41.0027997162867,171.66833535982417,21.39360347802569,27.323104849317456,13,2,62.2
44.21734381020699,66.60083729401472,111.83696136586529,45.41902489812462,15.980276602846649,19,2,47.99
6.150982218403955,38.14203711941292,2.480807255462958,34.01690953071217,9.037957822800012,35,0,3.68
33.957307545458946,23.61071269837651,180.57899903839746,61.43686701896947,20.034140496792194,13,2,65.69
12.298937306110139,79.59337090251427,6.934053345296665,42.170688708469505,29.8631254857393,15,2,50.86
12.849211743094482,36.51689760329863,97.67492579658774,53.23595106013712,15.757192725604805,4,1,27.37
39.796092712137494,62.88292640362417,103.48927035100826,31.275559837950798,9.508397633733578,33,1,25.48
40.37850146805838,53.25350107843908,121.4179157437508,45.638490046077195,17.750914869189767,18,2,39.5
7.662817854297656,37.56383351116143,157.35006703088737,69.90978376294699,7.880269277959552,6,1,19.46
13.565234670538256,50.52289322256979,178.29600312470134,0.7088538324273835,1.1929789496570864,0,0,9.17
13.903015235026148,92.8649518175788,66.26940142061015,34.9659356550139,5.882931382151789,18,1,15.61
25.09132199910841,84.06019982378783,9.899370698733323,60.08217061032039,25.31773837835172,12,2,48.51
37.11733354438088,41.34217263221731,163.6413337496495,38.509361719216805,26.3958803208348,8,2,31.19
3.9287034250134525,53.79477642373505,185.8853388946228,12.312081662656286,11.696170588246323,10,0,8.94
31.008137675397297,42.25457308280675,143.68584596374706,68.71336862233039,21.64180353318865,11,2,30.08
13.07711047435004,24.464352526082877,120.75909058987754,49.59117881472139,3.4346291419771537,29,1,19.12
5.9682460591500615,64.72411391452763,109.91673134442873,64.87297066731041,12.127191889326275,17,1,25.0
30.748623809085306,70.90024675044236,72.383998167573,42.9467465714105,0.30393552083230135,1,1,28.27
9.389484697065065,67.84078194977255,148.1962500549157,38.39439388923894,24.87053197636473,27,1,26.4
14.686750429128718,56.45003703482023,115.43997734691015,3.627343670089736,3.690098853712369,11,0,4.09
37.119097710017414,25.05384160891419,77.47851713373186,61.40664843648726,12.116935925103713,22,1,20.85
21.196039205268033,79.87852553887643,164.48447473365567,61.81570714278179,27.49905707523622,29,2,42.75
17.960414207817983,65.08056251001747,141.1171725287649,49.72095882218779,11.236586610603641,31,2,47.22
3.9254733717007335,77.14301150993116,189.32888679870925,24.79347114130493,15.517181451429957,3,1,10.13
36.0439711482379,64.69916316376114,20.251982923031786,61.07047351310563,15.932560346557285,30,2,53.21
6.526144963471532,32.5519799853971,194.40505129931822,16.83680239296611,29.32356353971104,0,0,2.22
3.676828540721198,22.321684318950766,77.59735198937389,11.941782957118374,0.7005628898455774,25,0,5.13
7.592054647978964,82.66101772867458,74.0793972550613,27.29845509639844,14.220192854494677,29,2,69.79
44.312566018049964,41.63040783640593,192.2270970815186,28.347955485523055,11.56535714210767,8,1,20.83
22.548773264956424,59.91931483617321,33.66739118382605,18.15388100673237,25.156476447084845,36,0,8.44
16.72526308989267,40.26857690980874,193.28347717328148,40.37618107687814,10.418311170915226,20,0,2.25
8.472424141526783,81.25676975896461,41.461800637511594,56.440765556396244,22.037337693642396,34,2,43.03
28.688400632457114,35.0984080866825,79.02754865286371,3.3213566016993012,14.2663811246048,23,0,3.05
41.1065482703014,74.16074265919295,106.67732575307252,62.70279491480947,3.919570314703887,26,2,34.99
31.27250339730088,55.00865579233909,6.892251885,69.82695246963883,28.473364292683215,16,2,33.75
23.15303730454635,42.68356087170349,98.28363550571136,37.85475639649071,16.881350970670177,31,1,22.12
39.219817261855745,93.55545076875721,81.51684171476339,59.66760293060067,22.93583383964153,16,2,68.24
4.557277461293074,20.23758864355263,128.03966231192476,21.838096233874182,7.211471660984515,8,0,3.3
23.948597027181986,66.99443833199076,185.27652134601735,1.8668007517281282,14.305304049534513,4,0,7.5
7.78071056454924,42.45466912787609,71.7431050834027,58.01726034908461,8.36279617243659,9,0,9.62
44.906296794325065,70.76159741430467,165.69385988982341,21.56528683875281,0.42945833001179934,34,1,26.68
4.968270258177534,20.424936089717544,187.41820569175894,59.26775446970497,24.27549513417093,0,2,58.0
22.967995815690067,25.82370010037038,81.50860620648616,29.608113972482375,1.9802953242072474,22,0,2.0
42.750585116472244,25.423735644345395,191.0230414583403,37.86422685257728,8.986970338616217,12,1,20.01
22.56517502039461,30.88973846634952,142.02201128434132,48.18009110252015,6.333374134984085,15,1,18.03
41.95680630616972,50.38270208956748,181.22220042649943,23.48694263922356,14.293109590313748,22,1,22.81
27.950203129865283,46.83605630851616,129.56348919810569,9.288828510275211,26.65977240796196,12,0,5.04
37.32157564063151,61.59930110263217,127.41816741618099,38.12890991418149,13.895181502540252,9,1,16.06
25.757541598539234,59.012741923306336,28.575192267882343,55.9372497538242,8.142281413401431,14,1,15.69
37.4224578743501,74.12911645378844,54.30940948224847,29.274934576507327,3.0824475735727006,17,2,61.32
13.875290986298678,73.02323655917871,12.537924324373172,60.51270220345417,0.11459767975749324,17,1,24.82
42.02815699861476,82.00359949482637,25.985984907140256,40.89638157378063,25.996439452472607,28,2,66.29
20.162534453925154,48.29852460547427,187.26423079383136,48.772514372201265,3.4806804404450786,12,0,6.08
38.302694203450194,70.68858098482522,27.823169778217505,18.677543938031736,26.265336796578485,26,1,15.57
42.883226432447536,72.69053761511051,59.61044172788863,8.033591940936237,23.454715900348067,10,2,31.93
23.438544378745494,48.884008992687505,173.16403304447104,34.531692767333396,3.3293257375544427,36,0,7.94
35.00540802627049,51.23783239279092,164.43597736328465,61.29988208007252,6.359821640959742,6,2,48.89
11.276849204587528,70.83599002325332,121.55042445054451,21.614055646386046,4.098027109535178,21,0,7.65
43.907447887419174,23.914897178372872,136.43877612532208,33.973021103023676,17.375257661241665,27,2,31.72
4.497953939455041,28.36341592409573,103.17238054246562,19.63287638604996,25.06440677226583,12,0,4.41
38.04541046046531,73.20372253155432,189.76919116622608,2.7466602380560143,22.08601275182286,23,1,28.12
33.16882947054573,85.8235264738086,8.331363676536485,28.93180194083058,22.86927096065816,23,2,40.69
24.415730049127976,93.20103674594102,25.110042952530677,1.7117580396050411,23.10474635271288,16,2,34.81
20.7268278953042,44.907452404485234,68.3607410984365,53.34039888183904,6.697901565155889,5,1,21.41
14.891422685305143,68.48440562284479,194.83888876327143,61.064849129348815,0.7078489393658738,15,2,61.33
14.519202654762697,35.53211886324284,30.465557132535757,64.81104769704626,21.304062953941976,24,1,22.07
34.14010948365784,55.535737129846,11.568889889432121,68.98197077065657,28.281729572823366,12,2,69.65
43.39903906088786,25.67037804625631,73.13614965227427,16.614760662483757,5.874992524028101,10,1,22.45
15.55132268269979,40.71779937313648,196.33066477048956,38.19946043544084,27.192628917433105,9,1,22.86
16.843264965251052,88.81143823489927,58.10090113428408,34.10416117329247,26.70423412188044,0,2,32.49
23.384435185265815,37.268819053288595,8.91276468973583,30.218416348042258,9.057501002325054,4,0,4.19
43.37933872847472,66.5681442663281,185.73205740297658,54.90108563278644,16.405789229253784,20,2,48.34
9.127240532266704,53.41562290564182,41.837093081585564,4.073500549167029,25.30948992155471,2,1,25.86
18.849906745590392,69.4335323352145,21.778662796207815,46.012513242864834,14.947080014978189,10,1,29.06
13.160296676571884,52.77469142492156,118.71218707575719,5.725331684931572,18.670297938517383,11,1,13.8
41.03964813252363,90.77761946151657,192.02712088108944,37.78436416858524,29.31923723974511,28,2,36.47
35.24282879299105,43.2499952878842,46.4079657802212,33.26377750308762,23.440465218432188,7,2,60.54
23.4525135750455,20.907733758208057,1.8076938158584355,26.02759809385587,27.78582205295346,28,1,22.69
36.747409141300686,33.341609303676755,102.93672342428779,58.291693928249536,7.614632344700846,23,2,46.11
2.019039601799939,87.60373224814512,30.761404928321557,71.29117588882497,28.645409791154044,12,2,50.51
17.98413485530076,49.434363967211,150.85299466940455,66.16748989839672,28.527857835076453,6,1,17.14
44.6750184431155,48.97423798073494,114.76825082090268,30.21567855737449,25.41815003165578,17,2,65.09
6.377558366830087,57.946843080119876,44.170556592601784,3.2834923777852225,1.0805645487427917,19,0,8.8
20.54936789728521,73.93699227084267,112.66492840660933,31.066380939959988,9.790152927959618,28,2,35.75
40.44605500892978,90.9842384862804,178.5116454972949,30.490531567947922,23.41096509020645,6,2,49.9
12.978290289669062,42.17710055312031,118.7604961619231,2.8458881251955033,19.08127406339905,28,1,15.9
23.797578832358887,50.70590538627637,162.1757162015837,60.261553845601895,9.965730993468139,34,1,25.42
8.518588216404273,85.69123126377927,107.81891054720174,20.696778485455265,12.756845563130817,3,0,2.15
4.349280060041808,92.98086222292497,45.225066249934386,22.25020845399408,9.11827536765082,5,1,10.03
43.57435649136927,36.82201124637838,132.6094383606845,53.54558737754813,25.45276137271574,3,2,42.12
32.642717323236056,81.2584599879227,36.32279355132053,27.022282083280214,27.0582059024745,36,2,69.39
18.907393644200656,64.29783754959783,132.20285084946406,6.109590866674362,16.334908773115952,21,1,13.35
13.560409925472264,67.13255355642491,96.37349585492332,26.362283222460015,28.476258806115368,8,1,12.6
6.408186454858401,58.53908481550758,101.77811111821117,26.903575070411186,27.987745877090163,36,1,23.94
6.224104664130461,80.26385813262007,24.40609886436973,9.446455885634906,25.514148442825128,31,2,31.23
8.113329208267508,36.00450109817672,133.02923884768109,11.748829020130719,3.5662317353121598,28,1,23.42
15.415312874035994,56.18753151765205,101.33452979654916,28.18746488923386,27.197166320164882,0,1,25.64
2.4909732885251663,72.77748347217883,194.05142194521142,31.79278496259655,7.049202149878583,34,1,26.34
43.582516836014285,23.875154124347084,100.95911966090563,51.86945723356233,25.87921413447537,32,2,62.0
42.95608601757741,37.00455367474724,175.8682040353056,58.328483896293,20.31457237373021,34,2,42.66
30.926228750982613,79.75110478935292,50.09357975849979,45.178498121900425,17.15237949431246,21,2,66.24
12.642933145037714,32.21112872576478,37.382888121692325,1.9153895718286886,11.720463329578175,17,0,4.7
16.364148523757077,74.95242879427103,80.90547711477394,5.387253822162041,23.512795274523217,5,1,18.66
31.134260656651964,25.40833196970764,41.08028169560587,27.773034461051772,29.461486110478877,18,1,24.67
10.556661975255782,51.37503980767101,150.18795967266365,7.748162175050879,8.335583282691367,22,0,4.89
4.902609507404343,58.90257457854463,35.87293640244209,69.9033729967967,3.399105141823926,7,0,7.64
27.03387889398136,35.33304304621601,103.94085257889685,5.794018580732882,18.164480076432138,25,1,24.8
14.360851590581754,69.25670476059179,193.70746633997845,43.66005983999532,2.309384011948988,1,0,9.56
20.50611423670411,72.18481082415836,91.60444233365175,7.0848106061525185,16.601370483801222,26,0,7.33
12.788400964717408,70.70197160394106,141.3259739757419,44.11553032118323,9.387221826409446,5,1,21.95
9.485512038391459,28.77995310681265,89.81694900218935,44.27645777947189,6.392550260544246,28,1,10.13
28.883805089809016,48.01661007857614,10.097788882481584,45.36528988257597,11.568405385969442,21,1,20.84
43.175983648604145,49.92764882318261,167.96032133288534,13.980653311071457,20.173814940750866,18,2,34.08
20.644060083202415,26.94691122885254,149.67686993524626,65.89022946517197,13.020629181262764,26,1,18.69
20.850554141322736,94.71967148936577,45.83439024283243,39.601631560137186,20.120265761469767,8,2,38.16
4.150798803307826,88.36409699939874,5.900811029041186,25.951928822920195,0.47439588698886204,22,0,9.2
21.734442213663275,74.95501060896238,121.34634494348728,48.610324304762706,2.434475356087175,10,2,63.54
23.220542662639556,41.2478571818698,157.35390067142546,28.91754321828505,15.408331396329736,18,1,29.75
4.943724931343857,47.83347038225959,184.15332169267145,42.28809704765596,16.149958297671404,7,1,17.37
30.657911043653936,79.05402700642497,90.86908461353103,45.562676191115294,7.451508262296226,36,1,18.55
25.006096697754113,30.82907241002504,156.7974717378711,30.48635723418847,15.002403548147479,35,1,21.98
14.94498134687546,57.697343197259784,11.235215469487802,35.61334465089631,27.81331886575282,12,0,7.88
2.4941763518189584,50.6582945921849,184.80537408514658,8.499464083262355,15.492731646558331,13,1,28.85
32.98431859170947,81.98660676468218,89.24024419550874,58.11788408217507,0.23893214236353377,6,2,47.73
12.95993670333994,75.68981246303161,15.327161295049763,62.89345988209872,24.843504870190284,22,1,26.19
16.049929307291755,46.581871159479114,101.12683068439176,67.79013809615766,26.289582994269345,4,1,17.85
17.002273226798415,59.11995470085186,158.89712672969813,63.73292311214245,10.34344260217941,34,1,18.29
14.725544220922234,54.43919252994213,82.21872177608796,52.117939767371084,11.544108516633097,21,1,18.59
32.905803567701795,74.93007867937843,102.98666998265189,12.037440275459934,2.5066301253206924,20,0,2.49
7.224301816773913,67.59794423655353,116.4287615155597,8.96667530107913,6.356829913203272,13,0,2.5
16.433974820679566,76.20428396008693,114.38244077012014,71.01663704452521,12.442074809024131,18,1,27.43
31.94648170255261,72.6609572136372,34.338781541089915,36.25806177347883,12.35874285102306,2,2,55.26
31.95497266234777,57.17778126739183,186.62544688166167,31.89533291543424,29.413067108111154,12,1,12.29
40.51401543760748,35.32372875492277,101.56101279175583,30.477923773370573,0.543721231371892,25,2,32.76
26.10916668237485,67.13198424609402,137.7263258615751,18.608975421874128,0.2993632997534812,2,0,5.82
21.997375676927707,85.56280116177695,40.68729502721824,9.60812874402426,8.565263403555347,0,0,5.6
38.7638828411434,86.19199075792605,93.26195122803402,5.912530502649804,11.634782697507937,18,2,66.07
4.879865317086676,85.8012839849629,77.88098779577506,39.235908945130774,29.04197436152277,1,1,22.97
18.145163924059517,80.2860908895085,86.69444655112687,71.79853830406095,16.771778548398064,17,2,38.8
18.018930771660685,25.153525829297074,73.91483988535464,33.69305416135458,21.68213256716414,13,1,24.18
18.306741098759307,82.35257796664774,168.4651009499868,27.18674268111522,18.95966041188567,26,1,12.07
26.983649015129707,51.95532332195728,109.60647133284802,37.75673312134973,10.506089732721907,24,1,25.17
30.859771355326615,66.5355338788978,148.45063743981743,12.646491932627574,5.849255997008677,34,1,25.0
13.103933845644882,65.40588181306904,86.63262226303328,55.86264183053855,25.577548648150284,16,2,60.33
22.37861246499242,73.72978339685741,54.18853966327308,14.961173907504246,9.414804246732466,11,0,2.93
39.3515045124073,74.32583047471547,149.1506758152252,40.3918123282751,17.540042704974745,29,2,47.75
30.35896305155312,79.71810879060264,54.38920788368975,50.00366295596566,7.921859540811563,22,2,55.45
24.735150021232734,81.94382804870227,92.6229427675023,20.40971456571047,19.64127226068897,0,1,11.26
37.330861117356164,54.61421956914551,196.66113136369347,56.7496463605726,23.209876946869972,14,2,36.02
3.339410990115816,39.46823369562869,6.7352807748928045,63.361782740989206,7.301900496555914,7,1,10.78
20.44635206915829,35.07988640374589,102.84020800186784,53.140365100791335,13.09258796188779,5,1,11.89
12.707375652690866,63.25267991433172,13.45118279347357,7.2866324827493845,29.966778360998717,7,0,7.73
30.99313020627946,20.428893602059198,93.16515064462494,41.338104351498814,9.12090817343999,31,1,29.22
17.498353567083903,78.78036883064273,113.23613824501417,22.863626228540316,19.630260164781593,10,1,10.29
41.413941970623675,72.96188765892906,61.791198013630535,9.98408729846815,15.349071536852314,13,1,28.77
39.17062961533966,64.02023799191804,116.19007597763587,71.33355973020225,22.70190501205704,4,2,58.3
11.841644886790457,64.76389076658197,185.6364196227903,66.93347568110559,10.25715834316471,24,1,14.23
44.188070038321236,68.71316972805855,160.8828119354947,51.62966153178455,17.794746571184046,20,2,48.19
17.58454687248065,84.7731065972462,22.012656840223045,66.64087303702554,18.949305452486747,17,2,55.77
29.891475141059068,40.64661600888951,31.241313737324393,45.96973336810983,17.979063484183133,24,1,24.1
26.928224755180665,53.96833027007081,189.7488790299422,4.83325090161605,20.561860303380172,21,0,2.54
38.04066392451163,80.21082011183753,192.18402938576494,38.81935813792645,14.654868979797161,14,2,36.15
37.853053889509575,68.19332077427255,15.711566184745429,53.45037771305496,2.8472532380203863,36,2,58.11
20.203411198587492,26.342403357292838,121.36939110802783,63.489569903235505,26.487444495561665,28,2,38.45
33.70932168813913,41.48896616953422,160.52806247058592,71.80250984310759,0.9007801598817844,26,1,22.45
42.453251886648545,78.19336496054794,25.587384902356636,25.346756393400444,13.061809385272069,7,1,23.39
15.160212931479885,61.39078523158892,157.88188438271712,30.25959120744248,5.043543851978876,29,1,11.1
6.342058593163727,32.56183168205808,29.455112710418184,70.07499105072932,22.778775207554208,23,1,18.79
36.326607479995026,44.469043853086006,59.87667474106966,17.12417844285993,3.8903693467270606,22,0,4.2
4.690288215436418,35.78802047490072,161.8047280583353,11.00491753623961,10.279354395675647,12,0,2.39
6.239065861963731,82.19856755943195,141.33510673553997,44.63114462026991,4.6794259109679945,22,1,25.61
28.831934877746242,40.523031339557875,97.5668637088025,6.382471185809925,13.787521716408692,23,0,8.4
21.712551237651834,74.37545572243391,114.85751501804219,48.20568210938394,23.311478569552683,33,2,42.56
44.546398631497425,86.71394832828224,74.29345252487536,14.454405981133505,14.681776122197661,12,2,49.7
30.297551144215184,28.775879364345965,159.94358272374393,9.311129163717226,20.955918756274112,18,1,20.28
40.265000238359924,81.33922292412721,102.02967609126465,53.141146424569065,15.38691166556428,12,2,46.11
18.003449975616576,69.62504447218919,28.24470867462989,41.31773530402255,5.558110661499711,7,0,2.97
40.83720348988045,65.28882369052084,115.32280142594355,40.45176504064443,11.135085480585943,33,2,40.11
17.79780133397403,26.526291372709156,111.35698218563759,60.92614088196649,23.87779161430507,9,1,23.46
11.382923985743407,85.55538299788888,49.933790548046034,19.3221852760378,0.019601722838986646,30,1,25.85
18.190802374939828,37.4041804775867,53.07402232039509,40.13512941533466,5.985159447888253,19,0,3.13
3.7225421191798627,41.85956851203454,41.50818724114069,17.527485737097287,27.253036556381257,26,0,5.2
32.20699868830416,66.14402399618105,152.08486233649435,37.17393478139575,21.12249813964017,24,2,45.03
22.454576174471224,70.5799738860486,152.57866711087283,3.7498537811594113,19.398013318459856,29,1,23.4
35.26276790019015,29.255061140419734,125.26447033123902,20.41065711831999,25.589459859917746,9,2,69.86
34.41056502840419,36.16255691506633,67.20141179802175,33.79630173600299,23.20143143346749,34,1,13.78
9.460330165265947,48.48136421894881,160.28915524459075,28.534690748676947,22.52308947633167,26,1,25.46
25.927616850494626,84.23700520719302,167.013189091004,66.80589541192025,10.976574286706413,31,2,59.98
35.33549422890282,37.581920000863605,69.01674910264674,2.652426863109304,28.844769737223366,7,1,28.66
27.68357407519918,69.00376238590104,38.461979206725495,21.639299725292698,18.58847780834767,27,0,5.56
13.930981228173023,41.12120315792238,192.6720640892076,1.23534145940198,21.481499197264334,21,1,22.45
15.410815737840185,45.49788978449361,15.78788058931111,32.16006676287723,7.831455787045442,18,0,8.51
9.986522096222982,47.93816986650994,185.7261124230788,4.919304939279418,2.7708158433413557,11,0,6.36
16.681286592984826,53.658410299596106,182.64653608429126,14.041629378766496,0.15079657829409343,23,0,9.14
34.41632755652626,63.341833452056626,180.87195499877146,58.94466108238682,22.711443440958764,19,2,30.28
39.193392019953684,38.70936532199242,143.42411369443872,61.713473679482654,10.703061348698178,11,2,41.8
20.922495999904147,74.72839298730668,188.04416111425698,43.67148492293037,25.894066132072172,0,1,13.47
7.027712027591834,71.16148711712262,189.97993364921518,10.30189625263109,22.01649392407624,32,1,21.67
17.27066085341394,23.39368917641659,43.58174165040269,1.5851470835081232,17.442513167460618,4,0,8.86
32.08666608952446,50.814281888037236,112.11596180020973,67.90013115311407,2.4820211887101227,22,1,25.6
7.104491106891793,93.54261702955426,42.939177492671085,5.3072438764751215,17.845421385057286,36,1,10.65
39.129026404682925,36.729654615706764,174.62176855284554,56.948699337319745,22.444824791630566,29,2,39.85
44.29338988008751,39.475312921281045,193.9447265595954,31.333221690096387,10.42556385941264,27,1,11.06
24.514218864522476,36.36949045202971,197.88635315592632,41.57222804486271,4.136558080680313,11,0,9.08
37.28993491297151,55.8012798591801,70.16382186700312,26.42302545397526,24.171435770046536,14,2,38.36
37.8874109615967,46.87509925037553,182.57848894731507,40.94670430808191,5.480171527190044,16,2,53.06
35.60474285291383,40.681805333096094,40.849351782433494,1.6980757712053425,20.37597453603508,26,1,18.42
3.4043396137333226,55.669714386650625,81.54962100054645,12.027145056221263,19.692288105019706,33,0,6.06
38.329080082054205,36.798690939881084,47.82850908690464,37.12947480242626,23.20716305192161,13,2,57.73
17.25064681435856,61.29975345806386,80.64155122665045,60.105546748974824,24.440130141299676,34,1,17.47
21.096955599342287,76.25213091066433,106.3322047528966,38.95147983400842,8.342985451990693,0,0,3.59
37.57399243870157,23.143641253719316,83.83657518042426,12.526561387306051,26.37990647035422,15,2,39.26
43.653008039697355,39.67572250857093,62.610029012629376,60.309642079189395,1.5064329507136576,23,1,17.59
19.33805722690438,76.4298411727841,106.25880367018638,48.93682209282306,12.853737115463863,15,2,62.98
37.815977769691806,60.52223988427304,168.93318181804486,31.338072003382546,11.371214561491051,22,2,40.05
12.728632426357896,61.0603617396739,54.87692104051749,64.96318487802533,6.456134391995784,17,1,21.19
32.652377822021066,72.25213335775615,64.86916153901115,17.22363060026255,6.3265868304236434,10,1,26.41
42.71051852176635,50.0159206887254,156.65959659120955,19.513884220196495,29.70996911380945,34,1,22.07
21.764985245361615,52.323792644061655,60.89850654979016,14.663829445500705,1.9707634946897767,22,0,4.78
19.939316998276787,32.01692007323797,34.187280484169655,30.397352353640176,22.71848934826502,22,1,11.68
6.310559240083695,21.244436047444843,132.3437365287913,43.57513510061103,4.890573414446586,29,1,10.47
42.77481612497341,42.84517668306428,52.90316079776765,20.512324635619525,8.331572620525314,20,0,9.34
20.060175185500412,20.72651620557258,171.59101818301144,52.77775012852658,28.402681055211097,10,2,42.55
17.656849325451475,62.46612618144624,1.2514942052940459,4.92482767015398,16.061038235449537,11,0,7.76
19.651319144603846,32.25024860667929,44.35639563846372,23.205152460669375,7.781652022295887,11,0,1.81
21.352521495327686,45.309070922317176,174.13769109148788,6.472031399621342,6.333778276741122,35,0,1.46
33.283756899679084,56.3293389200637,138.76111139348234,40.0225093144012,6.487515845595867,36,0,3.67
8.417727198883378,40.1130775808685,72.21494526820744,29.704574070706506,20.39091650500036,28,1,10.69
31.97803876193316,34.50765072173619,128.30089625125035,19.077711862731412,26.58258326440549,18,1,15.95
29.868516484967305,85.63385334185352,158.1041020543347,10.589192972526604,16.367463653761995,18,1,10.91
33.73189073809647,47.035587885616536,134.2541650458265,19.851041851696245,2.4368890442001803,22,0,2.41
7.043046355419137,32.67963338297872,70.3610012820705,54.959825149276874,15.212472721808002,6,1,29.7
28.633768682759584,50.83928569021183,85.4972908180536,24.115353726399036,16.92695450053608,31,2,38.06
31.630769111173876,81.74549095100227,111.23813852600233,56.23544415182054,0.4860119201840163,30,2,31.61
23.165989552843556,34.62567353289619,130.41861237633012,56.335733981605465,23.74390622668557,32,1,20.23
7.4160734443124054,93.43636663254617,134.76777965400092,61.05243654667012,9.729881320545541,18,2,53.77
34.930648687101126,20.40536927545024,0.26925419131274,27.534205039802732,4.301861100326776,1,0,5.18
28.889197308041517,76.03087003467718,43.74277778130784,4.785946011583542,3.929212289825222,32,0,8.65
33.568504138790786,45.59889844625391,95.7056739839045,66.91345781395795,9.959145142075364,26,1,10.27
36.690575242932425,83.1511746130058,96.54269461538689,56.08806590354057,20.18541400465634,31,2,49.7
30.54445241866718,92.39770427227998,10.08335472044184,64.16247894115153,17.306436039336255,1,2,50.01
25.507942116742612,82.98652641526164,25.49713602804924,57.714753859375904,25.89027138201681,9,2,64.06
33.25406973507421,78.8577261368741,198.88305351177468,43.791909412605094,9.236591460487482,35,1,22.29
12.906328887103646,76.7250702187165,16.33345517201925,66.58652556181828,9.774703823114542,2,1,18.85
33.337456341377845,44.26478093641187,133.01119780132623,40.29535763790396,10.281927762837215,13,1,11.89
15.685267779586214,87.06988386923105,128.9805810584712,21.109987767466848,8.963486131627548,33,1,10.27
17.333635567406844,39.08609987136952,2.579493957905088,39.13140758344723,25.534522062779452,34,1,21.31
25.783814755509976,80.91935907427563,76.80852767822009,48.13815209575125,29.665065941674936,8,2,45.6
15.541493117322517,27.24836257158142,35.37939016479679,71.09453533843754,13.323106707198558,0,1,27.47
40.32668287349284,54.786068729575994,64.00546331247838,34.566980893617064,9.54912284077042,34,1,27.19
15.555295689926385,29.990744310247152,126.47925129310171,9.675299146496663,17.354775246879903,7,1,24.01
36.57611379424449,51.94532813502046,198.93683303929743,7.11378131263591,23.410435882204755,8,2,60.7
21.050449372517633,66.28294583214922,169.99186610064106,14.531568744490844,3.7664936969543126,27,0,1.97
14.81725297256738,40.83838724049241,154.30241239969752,47.110911887715936,24.97251550230758,25,2,48.97
4.067969347717524,42.174877945371435,186.50891787049017,37.90973343041755,8.153595482403874,13,1,21.97
40.61121761808069,80.74433152271746,116.6260438199167,52.71085281964332,10.944674106233961,27,2,48.65
32.11856736372967,77.78354158054924,67.46056729349728,67.82274497047626,15.891418983251029,24,2,66.96
34.960674597529966,72.65805905853445,66.27044374726341,48.80989750780572,11.878116785878495,12,2,48.17
17.911054538141087,61.28538328272054,158.0029683119764,23.235752420833947,17.391934984025763,10,1,26.32
16.5901264943114,57.944874073966886,32.38460132644274,47.55430859103918,29.932481670306018,28,1,17.09
39.52416810357038,53.906494760852446,197.16106417004116,0.5133367642024127,18.419383688201812,28,2,48.3
19.84329875142626,74.78693581117246,27.071086994656813,14.631204272265805,5.415546851772708,22,0,5.73
16.53762960274924,29.511801691281413,78.34849011245564,12.130248280042187,22.03097029476655,26,0,1.53
3.804455158076274,47.27340191895872,19.718846048387295,8.828166251643601,7.627836943345937,0,0,5.77
27.489150457417946,31.12702529671376,34.41720649052529,63.33200136019339,16.75056945192341,26,1,17.43
5.466462422292875,90.46764417688743,151.02672348903917,42.44361015728188,24.853160128169726,36,1,19.54
37.63207496308644,78.76021700369508,55.413849942679924,67.7729321234831,3.730375242926111,11,2,68.84
33.048840760762765,23.021413908349885,81.08456502783099,37.41425589263369,17.41935677728902,5,2,56.89
8.41305551540871,78.9443957156685,123.5863119692596,24.942080913113582,26.216248665630552,32,1,14.53
28.24623229868809,21.808264505650012,23.291786096342506,9.587381175618406,5.6785093774802835,14,0,7.77
37.921018802222584,34.766590383176265,88.23011044612647,14.757929239735253,7.934154500015723,32,1,11.36
37.515089267650694,67.35940944372655,156.88109464255945,43.29725401506984,12.424232046469987,1,2,51.64
19.850372399993006,21.074817940025095,95.66709633411116,2.0030091309245264,24.588286591973997,27,0,8.09
38.001200383538176,60.724859945395195,74.76162177340049,45.21109211885266,0.3702313818112202,31,1,24.85
18.62840345289105,23.836265421529824,79.55868818581963,37.08708246870111,14.498828548989756,28,1,26.78
22.400700425691603,20.55006131271352,5.161878572636347,40.06028073304451,15.613482124958578,19,1,14.04
43.271013877408556,23.652113629994734,19.601536956148212,3.6507091022822697,5.558305510006201,13,1,22.91
16.20683336762151,64.19109607608917,90.8556793579645,32.78693944229862,28.107835911934167,0,1,25.93
12.571440027216212,46.86047873968583,197.9010666768645,49.42846879816215,28.46942001141004,13,2,45.29
14.293722952161703,70.42923595990283,33.97451888089527,4.462236023620477,9.934394674924494,13,0,4.72
3.0322169283302207,45.15287046630968,35.416451079457964,7.537329520747865,28.701613016680493,31,1,24.57
23.087566324977068,32.71280688995439,10.194975404488481,44.65333172695528,6.233502628850744,29,1,12.25
5.127602754482741,41.0450609928437,69.9875707141428,56.44344557321433,29.77543860485914,11,1,27.49
19.17130094856657,50.725465196938934,195.64413370531167,13.43377094859123,23.974739133143462,23,0,7.58
33.457171141128754,47.9090161431274,104.37686563158863,5.360090937087365,5.436766831491287,27,0,9.01
21.764717687586707,70.68209696714177,123.7220578187878,41.151486275729766,1.7753121559062546,34,0,7.92
8.82568082509531,91.19548296842127,175.9202993423524,65.35350016967406,29.745983274821597,7,2,44.22
22.803509214007832,51.37921500337501,71.56224986711861,42.955315183956834,17.26780285920246,22,0,5.25
15.545451808887258,36.84518300561636,13.830713543700245,59.66616002695065,7.636216287649836,22,1,10.87
13.22998459796699,72.12148395072859,113.47818883121468,57.431418076131685,22.050755585694702,26,2,49.53
15.644135529080922,88.3969688149725,12.18574434414399,50.122245108560556,5.482534979623077,22,1,18.31
14.281917508176452,75.09562255329013,4.789253054096698,42.315188508364045,28.24422712518196,10,1,19.43
3.3300278999233397,73.58105761028733,72.3294189682089,9.46433747022194,7.6083831257912475,23,0,3.48
40.29831358485922,64.77089175598795,162.03221799194048,31.221645479893077,22.495797938648064,33,2,52.88
9.078682069169709,33.587888813751505,158.13822038003357,28.008379220282315,13.079855417117574,18,0,6.31
28.46309353229592,26.118119420852445,17.557647411631994,12.78580641557258,15.542324941210342,5,1,15.67
28.00809546259099,49.058847194190406,172.69597898256262,22.579362687497497,8.806043773759813,8,0,4.0
21.71629817404166,62.344297920009765,132.60544074462948,49.053262221438075,27.952212099495245,4,2,58.81
7.715905836443254,67.88665885993515,63.948639081538985,4.583877180986693,4.128892031950841,30,0,9.13
11.006598088908975,51.21970855159305,71.31426519016382,65.68840019926347,1.2086683720362634,12,0,7.12
28.675963841320005,80.2816427008822,16.74498756906968,28.094675031990306,11.218414034372024,22,2,36.05
43.52247593647242,49.51665020797367,26.14346471795146,48.52718343595034,21.879294014316184,30,2,38.27
17.77934050130962,31.042030580788772,41.31620324435617,22.89855307551364,19.08205261056677,5,0,1.06
36.9193372733732,81.89085284447233,159.01160352122622,23.646754031145292,22.95581501263176,15,2,56.31
18.197086938466885,45.443049588037724,12.486265455556067,35.26141626849913,3.270408469227861,35,0,3.85
39.64601196702355,42.68497380961023,171.73962424891477,61.79201202194006,22.939528511546207,18,2,57.61
38.693156312027874,44.61200542652058,10.754462332396674,48.3590243732135,6.938397849478664,22,1,16.12
36.503029313806195,84.6063534571638,27.460006543114048,68.59565279650882,9.86467853545828,27,2,60.07
39.46381997814206,41.70806712261562,156.64309093133573,57.93201068353365,29.596893423432313,7,2,33.28
28.874129180169515,67.87629330653238,61.4291296208423,61.9670903332438,28.784165488662357,3,2,33.53
9.235979305831652,82.73316443524023,109.78192632801434,14.027499155910375,21.611519957593373,22,1,22.09
36.101710219938205,93.59311980915966,186.49778471796037,67.27141491350679,12.066712045413372,34,2,58.23
8.10575315213964,42.818139787039684,27.849368918821902,44.258609892101056,9.189029906626127,30,1,11.42
31.2039904377412,67.35319832325325,54.11185129759828,18.28861289485116,28.261746584657864,26,1,25.51
27.05303177973572,94.66056142601107,182.30294517317017,16.338484956087065,1.6848602970993931,31,1,20.55
24.383385004108913,53.049866256822014,175.9829253454029,36.64473660822956,15.232735145657063,28,1,29.65
5.154654900762915,69.73596867314066,119.07327403137454,30.18291426048132,12.665767016420341,1,1,13.91
38.68942617547606,70.51599335985432,27.472349193734846,20.296202818678875,1.381891910459323,15,1,23.22
27.63015497772086,94.68008390384922,87.05245593131077,66.32943515567129,10.350505197736982,29,2,38.17
39.06927413079367,27.905396446712523,110.76468812674511,37.17802351219488,8.441789465164891,4,2,60.11
33.13325511723561,89.6605970515914,86.10716418260739,9.018558047717443,15.371784621963197,32,1,17.5
32.57304136384188,37.58746082555703,149.87580334483118,66.12562314118904,3.2408687247473775,31,2,60.01
3.6751873929839616,49.38581709628788,160.48035689026486,24.898978157677025,13.325502206350997,23,1,20.18
35.2468905541266,70.36908072041945,6.34449836320623,38.750117148775246,1.1309317474455838,14,2,42.83
34.44648253184668,38.64536634599797,107.67899585739154,71.43769822271867,25.72591823255771,6,2,58.25
38.92674148306427,44.44110069618428,190.80845301561715,9.21438437736893,0.548252091705187,13,1,11.37
15.236223451123124,38.087391073082145,46.7134722137222,5.375343313230583,5.6137281123150515,7,0,3.62
17.62073024515268,52.89856251845411,195.49925164177864,58.262393666404655,22.122298329358387,34,1,26.8
4.58975863071279,42.32377081762103,59.61324023400083,23.408691959025365,4.928605298172278,29,0,2.1
16.0301325174647,21.556852409297317,152.17719553430194,3.555881833429523,25.939570638082373,18,0,2.55
12.619330180651378,84.47340090144549,33.76200115691284,61.55691607314248,0.39686438715881955,0,1,25.39
23.60602293979892,21.078592698811473,160.59626026182076,70.62675708714282,18.17778586242742,9,1,27.57
34.445087383805806,53.40896973007159,118.4442798662881,50.61687859878695,5.828207130054043,3,1,26.6
33.79717702926527,68.41507673078917,31.154652116034033,39.61374221151381,2.623395053996563,21,1,18.27
42.88520237640655,35.7423222189673,52.183715930033614,69.82753963166016,22.04125710795077,22,2,64.12
42.75452701267688,30.58992976528887,152.70316873364246,8.270801565290483,29.437727321738304,26,1,25.5
35.022709056658755,67.14248004854625,126.65264032188207,32.69519759395409,15.933284890125828,25,2,63.04
36.75553308229996,25.177770268353118,66.95780837813584,22.92977342013667,19.0693596585784,30,2,35.94
31.618851654369443,61.39522707953499,48.36763908307062,30.95882264199261,29.03228474501147,33,1,21.29
27.840655835121918,72.20598961752793,72.50039690630263,59.415832109418446,6.122629834672808,11,1,26.02
18.263654155463826,58.797011161418986,82.62147954542884,14.753202497189594,12.370994618240431,1,0,6.18
4.396856704259995,65.73595711610878,48.16076321463465,28.15671780670942,2.417424368595408,10,0,3.68
11.958758064847654,83.66929021070547,79.45429456809194,18.056869755031112,24.369785407411847,16,2,34.46
10.849158210545134,75.61745813501221,109.33545297946235,63.74022902316828,16.619797665093927,29,2,37.82
41.40903349796711,44.587864913752554,74.41645099257919,54.82739157762977,10.164704472684221,19,2,59.52
15.503883697492597,57.439921013099884,43.315837125448176,62.89275081224159,2.613278683843021,8,0,7.22
28.84235169089328,82.20388626067809,38.06739501900951,66.08127231547769,16.60675597987074,27,2,47.23
20.64885624677634,83.63538308046985,72.65107033516205,57.26636204180737,28.22976967723311,2,2,59.67
3.7659314299874334,75.86188066474348,89.19110901842035,1.9316609258514148,1.8752082453123242,15,0,6.25
28.625785643562658,56.02206940935169,132.34076909626936,16.167513623962265,3.3852956155086424,27,0,5.36
11.289351936902104,92.54533927777233,143.02500396337757,68.93514052659542,12.813151360810297,19,2,65.92
32.412993211943686,38.91296581216474,89.3452937405281,9.32666540544039,6.17940107630885,32,0,1.35
17.39233136490888,45.024566797526944,77.53903096780135,10.393326363505587,22.145048116105308,8,0,9.45
32.137225062393426,84.16633425769044,83.65822221869719,22.623014833236773,28.101736675604705,11,1,19.95
7.133383487542462,44.58821284143637,163.14907612522418,43.2078350506459,11.809065608323262,35,0,8.69
10.9007248535375,83.85543109186054,16.852873231170218,25.96065558939915,20.411532412875665,5,2,63.11
32.38397754675137,60.15108260462426,127.0646693416642,14.548818137369098,6.352375861572586,4,0,3.9
32.28641858615876,89.64476611479787,147.74870192318605,22.39815392082995,7.952438530157178,10,2,37.71
4.271547513683045,74.45636386128879,24.260599601106826,22.148421671445654,15.974127236516921,33,0,6.41
32.41932983196309,73.38334587432121,179.67105503353307,42.16205947865267,3.723221031413322,12,1,24.42
10.257004872862815,70.00142389193849,124.67591319198141,43.57654568769455,14.693576039647223,5,1,16.69
10.494903944174565,80.38807980202826,37.155390939741565,6.575089727096849,13.087380790714722,35,0,4.94
36.62002460659564,30.26338749397676,13.943885166745895,64.37843812979108,11.63502808713283,20,1,24.49
16.461905953624342,89.0401913826916,2.4006054545365085,40.02626361386196,22.21990743199878,21,1,11.71
16.502476530331734,33.4699836080072,56.27012437076833,33.216636255905875,14.261575660664471,7,0,7.75
38.36369601124717,28.567785394354686,51.0706700457803,59.70031714041098,11.339821158784593,31,2,48.65
3.5678251855015937,23.955796412166304,166.83282164168827,8.935032579406402,1.3545409323687585,22,0,8.6
6.324197479588107,49.49461138244114,123.3425415293552,62.047123989457894,10.38590660040983,17,2,44.01
6.584815614273709,47.509874048470124,19.89893377459293,55.31161004691169,28.988228932445576,7,1,27.3
32.13722498148684,41.39043520103105,126.15408403452413,33.07894278495124,14.460520193307975,12,1,15.64
6.112549929019785,51.435213083154125,22.65992087965354,12.79174787748796,16.419740530184583,0,0,1.57
16.760846029771276,83.90363118535197,111.84362635369163,37.30406685360976,2.9873914062008677,18,1,29.27
39.00871633692206,72.11887848361306,2.1102244900379707,28.677445923376972,25.528556982204,12,2,31.41
19.475911072682802,85.98783109561009,129.7365906714729,64.79629765767798,18.705159337420117,8,2,42.39
34.697202893361755,70.72987766825045,60.193263926324335,13.659201201590268,22.693532639667353,6,1,14.52
42.600980048882626,94.66332260118998,90.05536208831815,18.55592285900578,13.284881111529725,25,2,38.24
16.70022805832049,93.93527445877287,167.72177750679245,58.31279319153841,9.537140213198507,15,2,45.29
5.728382406612529,60.377232657576705,182.6459372558541,28.240051939448875,24.886974942851058,32,1,28.71
21.146783064882296,56.60881575753012,162.61255944282402,7.594916120767244,12.859328376255952,12,0,2.94
41.71758801463506,94.81385983795062,6.490215358135143,17.344558319494443,9.309213473750923,7,1,14.85
15.093088247223307,93.72101596660256,128.55548269598557,51.81384528223522,29.298529119450276,9,2,62.07
29.536372105702366,83.78781712464479,148.17385367704355,39.29399287806583,19.607603101332597,2,2,53.72
28.153089200957208,53.34301258020714,148.47398741795638,16.825684544355674,1.7537396171063102,28,1,19.49
17.25628345522471,49.99872637201764,11.478368737654709,42.206468245170626,26.530302839138624,31,1,21.96
20.031391258029398,72.58231905232024,82.1463086982024,36.581566090386595,0.2205913366328094,22,0,6.95
23.841793751975555,76.2748081864967,62.14306566228949,37.28600656531077,25.70506049169529,30,2,44.39
39.16774945760685,54.26660538029501,95.02167298636708,28.10264189910626,29.001184200553816,12,2,33.33
25.637841972022375,51.28732092317766,175.549880972525,15.085614158071197,24.79393828476549,11,0,1.49
15.389423415381126,50.127266956983235,100.55003832192246,60.52090624598288,19.52499664684455,27,1,13.51
14.807954130779084,78.50360652800326,94.32527303905233,16.76493466408811,4.985549988292476,35,0,9.46
2.307109516034537,54.25479446643802,65.8461230682789,4.252442272130521,13.507088600178518,4,0,4.17
6.157866070865387,74.03425560970672,56.3650006590944,13.677549881932084,1.1808563945918849,20,0,7.97
19.819561101895292,90.18696000521172,91.41193185315527,21.253240034135853,16.8580576055899,30,1,22.19
36.05570043644552,94.00157087127681,50.1746943432221,36.94043623246888,27.265962189570107,28,2,49.5
41.85702517227216,92.15438742060137,101.79180808440951,32.87697357782937,8.360829477855773,27,2,35.71
15.946141802889565,91.41079378072635,164.72911895061816,51.19360805983614,17.628809598453262,17,2,45.69
33.39007400647704,46.83160724702857,12.780188409674764,5.81492453535411,3.460884039171116,2,1,19.44
18.89510143101041,39.40332105617259,69.43843351244239,57.28403769017863,18.756483750943147,22,1,23.59
35.892639984268364,21.803092802482837,106.82793922713944,49.71619642557938,22.46095435317465,19,2,64.69
24.932912557963014,50.423394458542816,33.83237876848404,70.38814426764475,25.59951559999758,6,1,22.06
13.681560228637187,27.78172576518923,59.08440726275299,6.975001933465815,20.04009752229042,8,0,8.67
9.329887998010609,48.838686027969985,69.39179007551716,31.374207300206074,23.45339477786179,10,1,25.88
36.255729367650936,45.34861628523771,141.09800493462333,13.906568684007095,22.51795370232379,21,1,12.87
29.876793673848464,58.33203661042985,89.10356289863223,69.63824879520955,17.13597551888741,31,2,35.58
12.49834510179701,53.758239401377224,185.16547488870347,47.68953168467518,11.663052385847907,28,1,15.25
39.283587842294736,38.29964767643542,193.3468455070216,69.00687556602148,7.428949292143161,8,2,65.82
15.88855637660534,86.67591425832195,32.126722523710136,12.87120668720825,8.003161908717718,19,0,3.07
37.33535393037179,30.422674391496844,149.45951151197136,3.9258415558033626,28.455609825417454,3,2,30.27
24.105522592945967,78.45238777513399,104.49936177811769,46.333277320927856,23.589949661851215,11,1,10.05
4.756072574555546,64.71069871624226,147.91623544434853,15.584347179326455,25.24866022628322,33,0,8.59
11.356281417060714,30.0333608745476,190.66143351647452,5.695589512052705,5.97280259807777,31,0,6.58
7.4026701737295015,41.729598780366096,47.750354217204816,15.76831409605941,12.334330094399611,1,0,2.96
7.990737742255994,84.96702729340076,174.31717657248132,30.4117252358037,13.331868553532416,18,1,24.33
13.472165625654727,57.94443501097954,155.5455820135586,61.870090129838346,25.345922562315256,34,1,23.74
29.33217594152172,94.47075993371804,155.54349781451015,16.647533703972528,5.280742651234014,34,1,18.88
14.638420701712151,53.474476998992095,145.4037054028268,50.043796389572385,29.621054169366,2,2,56.49
24.853607590118298,54.34724108671516,79.35786508291685,31.331549667799514,17.078938024043858,11,0,3.35
26.910476319903818,86.67504581109993,113.8609968824404,45.668152910350756,15.562435413441284,25,2,39.31
14.747130172998585,89.72372057759962,24.922677135665474,47.152030818767095,1.5815929900350345,6,1,21.08
21.56825232737653,32.26653458976405,60.82476989360723,44.909102231079515,9.054001675834654,16,1,22.57
29.688042153913884,82.5743596812049,115.47068024393354,46.718127328808364,13.750904382789185,14,2,31.38
20.705627556629604,41.94913232505559,109.08559004234262,10.039267989909307,20.749302059199547,36,1,13.27
23.007326056931056,59.31472032974805,133.38708351144342,19.600800995751428,27.319949861516655,34,0,2.16
28.920352486174455,25.645903748875522,22.479405435202594,4.025592578352464,7.724376494774079,19,0,3.34
42.54825971505883,65.77820448362691,166.99475713659245,51.29013230093175,3.3750939157989523,4,2,41.0
21.95201841244633,79.18220837365675,120.57857652108706,47.276763035074424,29.94599722996853,3,1,14.46
16.954643331102147,21.62341710102377,18.355521294235167,49.1881603353557,26.37973390087682,30,2,51.57
44.24675096585366,88.38639271545853,87.8261321609701,3.3562800899557454,10.868804700006145,27,2,58.06
4.369366011829737,52.0171045867477,93.8049879435767,66.89172060193071,19.232583107464784,9,1,20.51
41.29668048383724,93.57836466908493,132.36214571488495,58.90765569954804,22.486366926632556,5,2,42.28
15.573744690054838,29.3938423322156,131.10199436922252,3.3454946044991574,17.930470065703773,25,1,27.82
21.750058593162173,25.772688725601302,134.15300508860716,59.220048556658455,7.339651638141391,15,1,26.78
17.1329801414664,53.46119423428772,134.33204619957974,24.374026714148606,7.627774829667916,10,1,10.5
24.103004904689918,65.43152978907008,126.37603184937703,38.184086189218306,17.47601332322208,19,1,25.06
39.393507682487254,34.20825748755521,80.22959389835951,68.26741872003369,11.897717231589892,15,2,51.02
37.23831447160025,44.50541679264752,69.92287976154444,43.13877457101948,8.22638667372441,30,2,59.41
26.97250795939334,75.62630967438673,135.0461675124075,15.220562154749963,10.574431408300534,27,0,2.17
34.647276125250784,66.48108908686746,15.482310396950115,37.16772841411266,10.299029075872228,24,1,22.05
35.406431172809526,25.309357700838085,132.0776504791651,58.357428461457,20.1849506976129,5,2,68.01
29.539232781709874,43.56215478777291,191.5942132964908,2.8897854291385188,17.39378531498865,19,1,24.24
11.36234268636614,66.59198978601255,9.615793697290043,35.07558287782653,0.4394138181746021,10,1,29.52
41.20675983241617,30.99609178698817,129.18557860460785,17.150858949854776,4.702812859549179,35,1,21.87
23.21648811777599,88.37246852813567,185.6028473458762,12.327540877181267,0.06970218395790817,14,1,28.12
37.820473349466006,54.3353699419405,51.792321004995046,63.33037644290049,5.900016971709218,22,2,38.22
11.59271238474592,60.92514987264761,136.79502598302827,14.101297053639836,15.626573481020376,6,0,1.64
5.9997485982950245,30.790097475749732,20.932088069296228,30.74046337752138,23.867351287727594,29,1,12.61
6.197231638686639,32.513643365418325,184.74627917535523,59.235194573497644,10.621936870652823,36,1,20.75
11.387033807895028,24.101988093220072,3.5340089590867763,7.847929349459398,5.165924382708992,20,0,5.59
20.26568368554001,45.631163174444545,36.684728699591204,0.9891134926079939,14.010535995652251,8,0,3.04
13.826065216975305,36.77094648444986,171.41938792198317,58.92315759042343,13.450394115739009,19,1,14.35
15.345948231649162,77.15972153377434,187.23531283330104,67.76368643526396,5.243438546248015,11,1,24.75
22.385279356637877,85.67638456895794,54.286172855210644,0.7647220885178048,4.876836177942453,32,0,3.84
31.264108643970026,42.46672397111729,91.54876343324267,7.332475933020969,26.94439334460302,28,2,69.19
41.24201615597375,33.301352124480715,1.408582924828372,58.09296729130547,2.30387052860202,17,2,57.16
5.610390228209248,77.75159213418715,126.03501697740829,71.17706964080654,10.32924099959878,36,1,24.69
6.306664892790978,40.37881991736348,163.1911578830413,27.54956591231605,2.6519090144027513,2,0,9.83
19.894920695464783,32.490388512295254,197.23535945673896,59.19070416231371,8.444319073527582,3,1,11.13
26.97304909542013,89.65725659041193,99.34868560119689,60.770601995618094,13.376598595794235,30,2,59.27
34.37244142892951,57.502543667720595,25.562368872076547,42.12997758938492,8.996228053321948,24,0,6.71
20.578893257864564,79.72930419647817,119.08296032402168,63.89157406742148,12.328276570503297,23,1,22.6
8.639877574186158,67.00778895629165,5.76023610930374,46.52596615223363,8.314330556200796,25,1,16.91
23.759921773708975,32.188329897309224,191.94914429239384,61.38807010123247,25.9136886889501,29,2,60.49
31.661023634453244,90.91211454196251,126.42402438313027,31.623429779415837,15.75461682334885,7,2,60.02
21.03582918459974,74.91644047341667,46.60379287936696,58.63965332044337,17.65293721360357,32,1,14.73
4.980234240646677,63.36637859174671,119.52648797378006,53.333527557487265,0.8750967687222988,27,1,11.06
10.783028121265046,67.0101972548633,71.74850210857772,71.68863013221598,14.405505457856636,17,2,52.63
36.43517829396926,53.834755234838106,143.7398531945592,42.41583816282446,14.771011461037467,5,2,48.56
12.7646314973996,82.37934734788172,92.6398872617841,35.30821715379843,28.046791396635257,28,2,65.95
8.425759116286653,89.74516955555643,91.74102313350765,13.486646664335764,9.071872209117668,6,0,5.21
41.84317147839039,73.28163612593087,83.78472495858374,37.484960137433205,2.52639033531295,24,1,23.33
6.707741740966741,92.43775016056877,34.95699757667319,46.83416774094781,7.363633876167913,18,1,25.54
2.2093415291866387,50.9508686284362,20.091509936193685,36.90479453772609,0.7400986362146145,26,0,2.99
33.50234606733714,71.35438729107534,42.416247495475545,17.58833413512592,8.438536906591024,21,0,3.11
39.81390144270941,92.42073735356631,68.31407740631359,24.70324187892131,0.2127543832311296,15,2,63.02
44.15123193610946,68.75849175644103,148.40449037595204,2.7531825803781285,3.6481577804417133,25,2,65.96
7.763070455716647,28.68200346847435,168.83717916481632,10.460117217615872,15.606958815120763,22,0,1.73
41.03373347695768,26.55626059033129,187.29866626204515,59.52574116870972,23.739321429380006,16,2,62.2
8.357654828082502,90.56572006210317,36.57861061373373,41.07218937366091,11.310231358762339,29,2,40.94
44.262985067783085,60.23527933913549,100.5260231242507,18.931161906585377,21.040906809313242,36,1,10.99
37.37427114465837,20.996090259393505,108.40305969594522,33.35875289164481,14.969038326623792,36,1,23.69
34.918364896635715,35.76439765391348,64.68857102003935,59.075246165323044,16.095768251803445,1,2,38.52
5.60301181957525,68.22957451550222,152.50680755510695,42.3225589194786,7.986945044964307,24,0,2.08
23.58038983405366,54.12176597958028,150.69512108929612,9.971651928447749,16.407465413793727,19,0,1.81
14.766513993525848,20.047063747134214,192.6188261795605,66.10445996363866,22.93704791278291,11,1,18.95
6.350121643363439,66.73533903108691,71.21345982382896,56.90734835205949,7.010713464760908,22,1,14.71
39.5681554861122,29.510134934507,173.3191377191007,42.9406306906223,3.813314726010719,9,1,13.22
21.490500812465918,83.98818591933502,116.26420394501066,6.143484635246481,5.750139564908229,17,1,17.23
24.758500270174377,63.82969411920931,159.3723140552382,24.879109287567655,24.1639884912176,13,1,11.11
27.279799970477026,90.0905184216395,145.21226521249488,66.12074465335243,27.250416307290287,17,2,51.11
6.5933026974515965,37.91338703027052,189.85623435119675,22.31462760759615,5.065778681011059,24,0,3.76
31.65207181792888,85.79823021447767,58.07237707333619,6.363767996385416,8.954792942248899,15,1,16.58
9.930713195123392,57.31373201558252,55.18976563143752,52.767239963473045,2.2986720597660817,16,1,14.75
35.36219780371984,45.40497168308235,112.7474202890799,15.156015147052623,22.25986173378517,19,1,27.05
31.383033592992387,33.76730856626996,164.18384272260005,31.16523384172178,5.669569799135253,13,1,15.35
23.2002953818285,26.145382927860958,39.196036940352386,67.97929632815902,29.294689834436614,13,1,28.47
7.470670138291461,88.60209202527928,98.7087319178906,32.930455887484996,1.1414753493027274,17,2,51.12
6.886779663958935,20.293878121331996,199.89213621193463,57.86256934604466,23.601690442006223,29,2,42.0
27.289420815117758,70.02242776153864,40.14256858275844,63.43106340308351,5.849902125630592,11,0,6.59
32.07354386245679,28.400878480115423,169.89288598571108,38.59856995825308,14.13965382315205,3,1,24.81
35.67588124819982,32.60885731982938,102.4521127752521,35.34729876636901,18.752746580595858,10,2,53.19
9.456030846863133,74.35902312187895,101.07073364756522,49.1179772713904,6.086195277427038,11,1,29.91
23.21963991713374,89.23804914644487,3.17036844637526,52.68953162893621,26.662395504414388,21,2,48.0
4.404833055513704,30.663603229051372,10.565178781720498,45.24764544123987,1.6352783224115874,34,0,5.61
2.4304476540428666,86.18068898328414,114.33577566994771,24.21353585865675,21.691713763809894,21,2,49.96
43.715026115992586,21.648636110721718,160.53948106720432,56.84451319461408,8.91642341535288,29,2,35.83
6.340489898925151,34.925847081139125,199.96984889728003,0.6561662142932871,19.160179083612157,36,0,9.29
11.000161260870968,25.439173771586105,140.6560108084501,29.280634417545155,27.601201576377107,11,1,11.81
41.84661881713541,56.27681173600954,63.11069488862218,56.90957636134726,20.453564933653638,28,2,57.7
17.080520883659624,77.96300625698775,160.6341023265462,11.469021090819792,10.996535621376786,3,0,2.36
17.54911469229175,50.48139057516033,161.87390888738915,27.618762508519435,1.4167462948426446,33,0,9.6
17.2620416416247,57.738437528850845,98.65616546771201,0.7831359253682069,15.034881943724711,17,1,29.44
29.70115968755357,68.80432882503501,173.36429713769783,64.41907360856908,27.59377715338309,18,2,51.77
34.54785434046159,65.50371514775028,33.35746703673483,57.515569606829,21.60334000544837,8,2,48.55
16.51151296565779,21.356081915426408,80.06597368215165,39.816199862669045,18.587477784812606,14,1,26.73
39.96139599517523,55.47429452736145,103.93700623007538,14.126187325979359,13.861180285186668,32,1,11.02
6.187199351644181,42.72993208813263,127.64488300812229,25.52549109583228,27.851176559423756,5,1,20.99
43.349348612631175,78.13113502543393,124.38734675134184,43.88569205122558,25.48409704750987,33,2,62.15
34.77406298134553,73.52055246976036,41.5022990769758,41.17011065502191,26.03169458415277,31,2,68.66
15.02664221927361,75.8447731972307,192.88643591359616,51.82774650946289,29.778766453586105,33,2,41.75
17.984260338507806,21.328538795704176,140.63995695509738,2.051556812201226,18.935642341802136,23,0,6.09
18.176190157093753,47.550538645795996,105.18931538029189,58.32916028183227,10.853049357676976,36,1,23.41
15.60754679093868,45.663980431899304,38.89270383646275,40.67928986451661,9.436924527820956,15,0,7.17
25.467236230515734,46.95678701231128,16.29477954258838,14.323755203261731,28.522341396380153,12,0,5.2
12.211899821574592,93.41896670899249,77.27362742736139,19.608995988014915,12.645335475308716,24,0,2.13
10.167193977423862,54.55341285112066,57.25597242238818,18.193603158169964,19.35712933659995,0,0,8.42
37.485692666043775,85.11523068342342,82.82630291581967,50.397304267678315,8.047510767669323,3,2,37.01
3.613732273867534,62.6922659068586,184.15416992721507,69.74196783077916,16.216580261667726,6,1,28.9
38.484735027150805,87.95143032832723,108.31938455969738,45.503795344872685,7.7074285407688015,35,2,55.28
4.584667911371021,88.69512218833653,123.0902840768812,14.27741327054721,18.191583509491583,14,2,51.03
27.002519760930845,91.08271865241112,10.739415719861366,8.096568155573575,5.210149108630196,20,0,6.81
29.025667703593417,61.7938874988808,148.5271979363381,20.50333555842342,16.948578229574196,6,1,18.27
29.251425749184463,30.538047733144495,88.59020214958655,40.64284402221839,25.4713127753579,26,1,28.37
27.071910430152176,92.01635542871185,132.06716610282552,37.87372596583347,0.7077590334238759,28,2,41.97
4.054598681300431,46.4173231303059,171.31439773666713,28.817895136635872,5.97470692791201,35,0,4.47
33.61580230119212,79.8002604237472,53.88357786591433,63.952080888802875,4.1191012542481324,24,1,21.73
42.74530043193385,77.51366733633299,53.65744008555453,42.74252414653098,21.643474713287162,4,2,65.27
5.247930573747027,66.33999908090274,133.17155324325546,27.575206013054025,28.632683409632214,11,1,24.16
2.904586805800151,74.21294029251592,6.497319338032992,43.0622941389399,16.175813823819432,21,1,19.68
14.391074484009907,65.29403327466706,9.918701644017226,7.269690821092847,0.9857009322118904,30,0,6.41
33.012652102453416,37.27963036359233,137.0402907539732,70.70564551252006,20.733176101615534,24,2,67.93
36.89303538352232,24.151986270380714,107.62420200796264,5.5443295552574625,28.02098973391918,34,2,56.32
21.310585885072875,79.73388271533571,109.41259818368843,46.97157501886107,22.61304606135157,9,1,20.8
7.455531606713012,64.43701093823037,96.49861210553259,45.01414094504389,0.3014094316449478,11,0,5.42
23.173275645786436,82.75472646078393,32.73513274594557,20.302255195909606,1.9739465338571693,17,1,14.76
21.079162222275716,86.84854517048417,82.26605806624735,10.883588923940307,15.72944815020363,35,1,22.15
22.401486733314503,20.747692605088886,16.953230885266635,58.24524967375272,23.144200345788192,6,1,27.09
4.250312863928502,78.7136463489993,169.1021621681121,57.63437342269474,15.254371059240782,36,1,26.91
11.004959845339734,60.281259169257766,147.44384471426096,45.352960796233766,14.150963006736285,1,1,23.52
44.93811468318203,21.861290858386187,167.04881203177314,26.623729170871677,25.24846379273446,36,2,66.07
16.02256043546812,36.532841366946045,185.05763895863103,62.55961490315238,14.990496908487126,23,1,24.29
10.105493670209128,80.3725125411264,193.46562227069396,19.704823703393718,14.84477854801639,3,0,6.03
8.210768818668337,53.154965983855625,66.82093041731265,37.810907584321036,17.569630062863975,5,1,25.22
14.26410502009328,61.547746240870616,0.32023750980576526,20.75016449239122,26.4423099696975,13,1,22.16
26.808253303828106,31.61310459855912,71.23878869227589,50.336430496299805,16.803479490280452,1,1,18.4
21.451180654584796,32.70668015699353,127.36429285687056,70.19604380455954,24.76810274721045,19,1,17.52
26.4636204513228,86.12817272289385,188.38111745208403,53.378772239955666,2.5985928256408206,7,2,46.41
32.91783605600432,41.524009960365746,49.97752128618003,25.971867464170277,5.316451706363761,26,1,22.32
18.78400850824685,88.17969071725486,5.824756997821057,55.49120366077189,27.057287152466664,29,2,52.03
17.739215427100156,80.53302652396346,104.65724986004996,8.847475047968882,3.871953744871889,22,0,9.43
5.7301913265594075,65.40833639790068,11.418952101976787,48.60705103190302,15.91272660981728,22,1,21.8
23.57306413827627,74.41011263376221,22.646244651825075,29.555197977338498,14.552187274280863,14,1,26.37
14.291182292526607,25.33330311600776,69.13138710837185,53.64555497852148,13.143349530998856,35,1,20.99
24.56090918748176,67.95311004070817,67.599756205698,65.34096027979827,17.62109605726731,12,1,19.0
36.14778615448771,57.09477895728191,178.9495141662602,19.638293259392274,12.317960917147998,14,2,65.85
10.514130303224801,52.8516347262747,81.74875256170557,31.167705603800286,17.566838804923407,6,1,13.0
7.80407490108061,42.21325741692489,114.45676290840024,32.092540128511075,10.401562837077336,29,1,27.87
5.132347794443589,89.94797703499468,78.91022585627464,57.177518958730516,8.374323996669133,23,1,27.47
4.719896582643222,29.878215140476634,171.74899370591604,45.815504859431066,7.5960349010993,10,1,20.55
12.027064840129501,84.83022403957983,61.87371241600257,50.13041325930094,0.4837393911664467,0,1,17.03
5.12765925641945,79.25985302945813,43.556160353513704,48.90820376406373,24.096363697322797,2,2,59.64
17.287781277536325,80.66439042751739,58.9402739771056,41.34172361923348,22.361932174246185,0,1,16.06
38.604230196568594,79.88631821978191,53.43305251759798,17.984641673377403,6.819662132100824,33,1,19.96
11.385747547604232,29.783855745771355,2.5155624972390767,11.508371564655025,21.160691105823545,21,0,5.22
35.20750494401275,25.664531451941514,165.51624349614042,31.078339636428087,17.881917933017853,15,2,43.49
38.883858268799266,55.55765568817002,0.8212405794896904,1.2874551209959333,12.499081122412516,32,0,6.98
42.582287174827094,20.287271787524194,47.62496865079975,67.59900628934415,5.132579005714861,12,1,21.4
44.76626303743456,70.93787746534946,14.814981442089547,71.48749741526125,12.236827103405712,9,2,52.32
5.71767280616655,20.107125730938254,89.91667058405245,60.335734689201345,17.169455568902297,22,1,15.74
8.869226790059601,32.304769119900136,57.03731920200956,57.18806323705719,27.172703719093438,32,1,14.65
13.364889369271463,41.543101098113056,102.26781795922655,58.17803861559594,1.4959372948253657,14,1,26.14
21.496897916843526,94.19599588297888,10.948996451919024,25.883591528741636,14.457005013299323,36,1,16.32
39.614124160025916,90.40394764833972,161.01867535990525,61.31648410742186,16.516359018599864,19,2,42.14
6.581703630292858,71.62682186852433,51.958883234232076,18.708310579919946,29.94585163433357,0,0,2.33
4.4552603731425835,28.290737473143537,43.87787783924926,33.70104286657313,12.997527969270838,33,0,7.66
37.4435233946836,62.36310775380699,35.931393167369194,7.633094375753231,1.635356697325776,9,0,8.27
7.6278889578037665,37.66744509458759,186.5007906194765,61.9544627571802,21.293551506719176,1,2,50.81
43.52812908702435,36.14517843393757,162.22091326106363,14.6028506309417,6.406124336518541,9,1,18.1
18.66785888370575,44.23956873930331,187.03171447532424,26.477563904165013,11.708637259894093,12,0,7.03
27.18097921709881,64.35137780399072,143.8399391191534,53.78476626132955,15.433573032046183,19,1,26.75
23.822891062181252,50.0939437402796,171.01567719393762,31.38217497692676,11.582975665124529,3,1,22.05
16.06129104533239,67.09690515071809,55.038042354695136,65.53544869634507,19.016683854973255,5,1,28.18
37.02630412088062,37.54421155845387,40.12641802931469,51.632279541999054,9.448561857562783,18,1,13.05
23.632121811679188,26.218593604586086,124.00026669548167,24.825944103264877,25.677755687738934,12,1,13.86
22.882121563381396,72.81316671460175,5.958100806524436,1.1992256918619733,2.253687304635277,31,0,8.69
42.276436097141286,27.970888367790185,168.39670561164525,35.024115696280695,19.78072161836532,10,2,49.08
18.49339781331356,56.88034572642421,179.24724982922663,58.179608253771896,0.1096893403394783,19,0,4.8
38.930188086813196,67.1654858309979,152.5695804692958,55.21684247436242,10.687843463788772,18,2,62.05
22.771848543312014,51.205300280651464,195.57073870035634,14.840373160546998,6.460778485638254,8,0,2.55
30.910052829726574,59.84007851146972,19.77466853253027,58.57084049143173,25.98069572041874,7,1,27.01
25.62543032840619,69.21342771670152,76.44746400289829,20.648102796912518,21.659494408549342,3,1,23.08
8.833764974299378,24.00940344536136,89.13835804934929,4.02849380436562,17.080038957216754,27,0,7.81
36.91461292280447,85.03641132508415,134.6016332577354,3.8579562021482117,16.989686404995965,12,2,35.46
32.56845620980329,93.00249246142155,158.11351053823103,17.87059336062364,27.25095781239245,12,1,19.36
17.472470727372357,60.557422347540715,135.4601372671319,50.73801471531098,28.67940176478217,19,1,17.99
29.610740106097406,42.36127672074167,25.29284908071423,60.742646854760466,10.865448083824546,11,1,19.42
9.201231093651828,48.42543748836496,70.71502472645501,9.971530212276614,20.168479575394564,10,1,24.42
37.90314132724102,83.19008812638512,60.64163875193498,31.205524641127234,14.121178419478122,24,2,31.24
16.9967336380318,72.0407401491212,31.926551354688026,64.58413097971085,12.134731933557282,14,1,24.12
3.668376553342161,34.0079396173347,166.2491610179885,55.323937478191006,10.519280743714406,0,1,20.67
6.354873324733274,70.6919467122658,49.745078758124926,1.608124290572607,5.002928066180761,36,0,7.38
3.5662940619739665,87.69065861322149,14.661163622743967,64.43402434108484,6.844977412527173,20,1,16.19
32.119559213247385,50.13600939512713,15.26049083481591,52.888063146762704,18.506542678955448,8,1,10.19
13.154188768479715,67.71002507960492,90.8428839530495,62.23524603830636,27.50883339307466,9,2,36.15
13.438919199338477,64.31119061716308,101.15456677384218,1.7861514074257174,27.98313839718284,19,0,7.19
2.874666520933639,35.38903571786052,97.4165088647156,63.29505144286278,15.817654498520314,31,2,49.35
7.149111905522871,80.19921831141649,49.3930824934125,64.82229299012053,27.324726609911885,29,2,50.81
35.47618284265153,29.82609639878492,120.19143899949944,2.9522999431867847,14.926982501661776,15,1,13.66
20.59479816880963,66.73793183991404,14.885683687703132,36.51396092847729,5.478753907593034,7,0,6.74
33.74670695056723,45.1706933180676,153.0213183266262,31.442846342135848,14.525534949677905,25,2,30.73
24.538650710874506,41.22504765718083,7.595193513921306,71.61348438636873,14.459585604792178,23,1,19.05
17.339096280282973,64.43622454261973,167.11434101812975,3.6217564029801097,7.098993944100266,30,1,10.18
43.238039566837536,66.00513848916283,52.33427332750129,5.289863249303104,0.8457402134166647,13,1,27.63
32.974334874137696,88.87137765349684,81.60809232056332,14.17633202917389,15.513537925707585,27,2,62.17
2.4643308727490147,72.57584503212806,22.65395061293716,55.760961288641546,14.756034657516203,8,1,21.68
22.725781462513282,25.284550825021874,55.628728089782165,23.702225415579736,28.35367346234661,25,1,19.22
24.667333654864763,77.29723972442135,1.0157625951454419,66.11974294841399,5.923464512733951,5,1,24.73
30.216728156065084,55.37473870888702,114.3255386722331,3.8178063500814843,18.71878528296043,2,1,27.82
28.565967367339315,77.74802136549508,20.791875182477916,69.30912012649878,26.70662011663668,20,2,62.91
33.429905545120434,41.5788825867522,147.41270352883504,5.512255839122103,25.936240247462507,14,1,18.77
4.234542219640751,84.48108542638002,91.65066295300959,19.262749841279334,7.2529352243904475,31,1,27.74
36.73278960763072,46.729287447492815,20.189536327208124,69.27500906888812,19.578060456463202,18,2,45.91
12.045864836888361,50.717069544688194,156.01680474699296,55.64257429326386,6.8430113370715535,28,2,53.7
23.58322997357701,65.38034400783079,111.97810636915708,35.27796004083674,15.147984122682004,24,1,26.25
7.636434053302233,77.46178261870836,186.48879567547016,68.23244329544279,11.070531972335182,3,1,20.37
41.34858333439722,42.001147000256715,98.1388691853968,31.860717669684522,22.809349533132718,13,2,67.74
9.343035180143486,40.040742161455555,101.8226770375044,11.042955095968646,18.34967026938042,33,0,7.43
41.22694612734969,90.95567135516235,48.94311940474019,9.906919424713855,9.068301014893455,6,2,68.88
25.494790090104654,62.71073859972581,68.6347714414567,40.65328180913393,2.1942752843485183,8,0,3.56
17.817579868120713,30.711808286516195,139.17631487369698,12.267337347015454,22.610415466289712,30,1,25.59
27.795088886269312,72.15580032272932,165.09166515925705,4.504165089138511,14.40323483856859,6,0,2.52
38.69601654208849,88.57553319998627,53.057017817210486,65.13264416107708,9.619882642092968,3,2,32.02
32.976048147484725,53.33599834833433,51.25847507384351,14.11456496578108,20.098604725776543,25,1,26.12
5.425118887678185,23.642204247174625,89.59073943623712,32.363174258784575,26.86932459191505,21,0,2.11
3.278659235667912,25.379880336118127,131.9739733658078,31.358279531901907,22.90809201264041,6,1,23.18
4.303792063118541,30.5374257346638,124.50987924262276,15.35940466430676,15.12210239245273,24,0,3.55
16.663867407009455,92.1398655760999,109.48128120024505,5.094069691254689,19.28329650179595,0,1,27.92
22.961116924950883,47.309079263112906,127.87728429081959,9.72610323559388,12.909492841271726,18,0,8.99
5.095175193922834,39.25104437376976,142.7801866793196,34.82132345389039,12.071806944432904,11,0,4.98
15.041084120814146,47.193740944600776,13.281070692099473,71.2384902540058,1.1787583545207736,32,0,4.98
39.308589432969605,37.44260556926214,121.53918069952161,29.290991390160844,6.235311642589471,23,1,24.86
10.132963942049823,63.01188229182325,43.04876410019074,62.10618393100446,28.265563634689155,30,2,44.09
35.694107473944,89.14906069738795,39.010944447272664,69.1806503471256,4.2796305441948626,9,2,63.19
24.0407772847411,40.08307359530881,90.99015536839994,34.16112728640857,21.199275652468017,16,2,43.17
23.340690396527506,60.834599911187645,33.68811022638305,54.87321934873877,29.54787325324475,34,1,13.94
21.5154022436972,60.545824574354675,169.9200349964916,34.82964818414368,11.196221073153806,27,0,6.21
40.7390324014806,70.56402116222104,126.65378346749779,7.613980171915626,18.125218145177755,15,2,33.15
17.598986724911462,38.82404047370531,136.68689741078342,49.397186993176405,15.055207276669153,2,2,63.65
31.559785020457294,44.406371051195585,18.94778295586883,70.27476668902287,8.587771061495497,1,1,23.0
13.963339043959353,24.620598896935192,32.49968309488829,64.49492090802073,20.58072671807673,13,1,11.31
8.473417286675662,55.178003499947216,100.88494921268737,42.33306387068495,15.395100489916931,30,2,43.31
5.84936846226422,52.53337058053653,71.1586255641986,37.403638534226594,9.145145077688008,16,1,27.28
9.817764023678839,26.44327911521154,142.82382818498317,14.530751140681677,20.702260625663932,2,1,18.32
24.66738040988638,75.06708508895625,11.021927988133351,63.982914627370114,21.089751784404584,3,1,13.67
37.15530917041767,83.22124948543303,104.09121842787661,62.04797668210173,0.16331127575071713,30,2,66.47
5.231146986636222,30.065181974476268,128.95134531801858,24.785734364423156,21.238434801035673,25,2,40.24
37.84368671476668,34.63316150181575,178.5222656088294,33.293467712796925,20.309302569330853,20,2,33.76
19.402352596154316,36.89053251621512,51.41921787902235,34.781030937708245,11.018331038421277,2,1,17.37
25.96945900836575,85.13571134020772,166.88582398114846,60.05994438687765,20.945215821447153,15,2,43.45
39.444278410538864,58.45624248454472,79.65004697268256,36.047460571314524,20.022465916014934,30,2,64.86
6.089026851561368,24.06588081544948,145.09560680309738,6.295758817248625,21.4935894467637,2,1,27.55
43.18669935143689,86.2821511593524,186.66588382326944,61.900081350701505,20.80145701844566,4,2,40.87
5.368543363766287,25.44310985335331,170.06354163151977,15.718781151742556,20.062597633494413,31,1,26.66
13.878274489795173,79.42930815191102,45.04798046704926,49.224398252906944,7.608468829156925,32,1,21.23
37.987896812318816,94.66127080499149,4.513716640475418,8.5693573469625,18.28403290099866,7,2,41.41
34.17951583743065,78.79464413395999,64.92175961938894,52.062887677292224,19.733663401085582,11,2,67.24
33.10597162076192,40.55311922782069,169.19305121970666,31.066657815505682,8.16721627518134,2,1,26.72
23.508511227479765,83.03320629095151,140.25866841767683,56.91640320044637,10.529268717782742,21,2,45.75
39.620581087710825,77.88372043012609,83.58149675908189,54.011053624960205,28.840038935844188,24,2,39.54
37.67468363017592,72.79525002758865,189.13470741016093,29.738297356602047,19.859095183519024,3,2,55.22
25.330744459029948,37.47834712001543,114.72557158858156,59.239793819112556,0.8571275317203131,32,1,16.99
23.513121723244137,87.05746520796194,183.97418682610856,4.44369622802766,24.619246810634362,30,2,44.69
28.75961540168773,73.003893278342,59.6078664188902,29.964904662630197,6.713351588129287,19,1,19.76
30.886508620959237,49.57558597629982,0.25688510536028275,9.091386999596969,16.036636342681174,32,1,18.35
37.45893317043839,65.6262534898759,88.87043921949899,67.99570732980871,1.4351643752111642,17,2,69.9
44.57956898844818,35.70550354624502,2.355975257328402,71.81574014232912,8.432216563353395,0,2,37.07
40.87350441754605,44.013587557132894,134.05079520887185,13.935106599086781,18.74386196156176,30,2,38.45
38.14595577924725,55.46594916579088,7.8157372003910375,46.15587650923681,1.517905610297452,24,1,29.23
39.024436198806335,62.439730516971466,31.447133018846696,49.87952605881592,15.403034913774604,12,2,65.59
40.75063779834629,76.30017607112411,97.72098517559695,43.630382699544406,9.767433975570343,17,2,56.69
41.64809849146561,27.839591590677067,25.749440575142614,40.325986651388696,26.81918005273288,22,2,31.85
9.082863118548179,71.68575177352533,102.9142232535601,14.811026104329729,9.587682787799949,36,0,1.65
26.47909946687255,80.89318362199285,161.5876060028567,14.074465209374294,3.3051636076089927,21,1,13.13
33.22614780607052,83.1369023273947,59.802535921869215,23.136761319355685,20.13664669038953,6,1,24.53
39.45160679408933,45.6750561845743,153.95446147711712,40.636941429537664,26.485094720342374,9,2,50.71
42.173601032946706,59.20480085426409,58.31762563223146,19.583299099062188,27.885171161044465,25,2,53.19
22.74421486857334,27.024308945560588,153.6178756837333,53.92656212383396,9.351099644784359,14,1,26.76
33.74910491621137,30.61409018374701,176.4940389886271,42.14127885120797,3.8053178067779148,9,1,26.9
16.79112436160392,40.79438122618896,199.33665558693593,54.18150152935482,19.341599321454527,15,2,31.97
25.829793984298348,77.15245407792884,107.47583808877101,60.616132643646694,1.002795992796649,18,1,14.74
5.112184907347267,91.55987311783043,44.651080213872184,66.44500594707631,12.776794651100454,9,2,52.16
9.628607215210842,28.222721190138984,113.4065567002455,66.87600769840196,1.6436114377064648,18,1,24.15
9.724748582157662,91.96956537708054,77.0325255545081,24.922228755515672,26.238173835094976,7,1,20.33
30.606731958187165,25.90239325306321,120.7510287675226,12.221118048153997,22.07860681545534,18,1,19.27
9.364756658648302,75.62283639632156,60.528068127362914,47.85958798376188,4.74849152098121,1,1,12.56
24.33410046718911,62.37743937319623,133.93679449265449,69.23884661527563,18.080098828335153,27,1,10.29
26.81837994483184,90.21802908554024,173.338269679879,70.75439299394263,15.835021126838221,7,2,63.62
32.917981278644845,57.791659759345514,141.7531264691309,18.299462022976403,9.733146859051987,12,0,1.23
29.11404707686675,76.21995808405717,87.46951448651896,67.1838359726099,18.97416607234432,18,2,55.54
23.0362986935879,45.64508701810449,184.843686968532,2.2439560073719167,17.442746846072612,6,0,2.97
27.95399362629169,90.04635039370388,40.682600439663005,11.002932719774691,25.67468721371711,3,1,13.73
3.6262658717375182,29.228909269274368,197.26998458883241,23.037996722475953,3.4590327101714804,32,0,7.48
23.777624212570103,83.33017573928991,47.8446427331716,30.187783602929645,18.45273862109965,29,2,48.38
24.185672776593208,39.012031494289275,188.10746022058953,65.27499370672791,17.00418315031398,30,2,45.25
33.2859108518026,53.87292466391284,171.3459893011795,68.00277719402106,10.078384601368015,6,1,11.9
7.397539792798663,81.02117944855394,7.15324860298705,38.26820245249172,19.856351641340737,31,2,66.23
22.256600367808787,50.836169925510404,47.313585042220005,52.6945155621149,3.9523139889589243,16,1,26.85
3.4328975758988634,88.4590539039894,23.672445570259605,46.67178122256933,7.502474067418254,15,2,50.49
20.10811289066551,50.78920882635709,46.269742640030096,10.250534009606273,5.900656746936393,36,0,2.78
18.109916417637635,33.720149096315936,86.01106903825486,70.88759968121083,8.93262461016733,5,1,25.53
42.42773289335738,86.90557633202155,107.1043832171927,39.36708360615738,19.61333768868469,6,2,55.89
4.324047976038242,54.29228147146583,109.92446022120699,63.978961284011056,3.1398190172368876,5,1,14.2
15.613904697578755,50.01164546490492,30.09909961451711,36.50526031985418,24.04927769494102,17,1,19.81
40.549682791236776,93.70100365418256,79.82187011494584,30.20388966256575,12.238878066171793,27,2,61.27
36.53472282425857,23.31091715655916,198.41843740576402,9.820145099607613,23.882055761908124,22,1,19.84
25.112231407949082,23.697474680687748,0.46949477349063073,18.003190919623403,20.41749278756302,10,0,2.02
20.758511279665644,92.89631339448542,7.5104640120091215,23.094337684947156,9.423294572681122,32,0,1.95
6.083006838988234,74.61375178913616,64.82703476655927,70.38574076153297,1.1205880930666479,32,1,12.26
27.1662176469234,46.95042428868404,95.0718135361737,26.491283701902567,19.230181719621037,12,1,13.28
44.6513928647446,79.23213303009759,132.70041388105142,25.21971303179935,5.141949369742573,29,2,57.73
37.53750705556414,88.5323752477849,175.98591272767473,71.98150096645362,7.321920329017538,2,2,53.46
7.546093040868106,55.13459278153149,119.66121513920376,2.714398144709474,8.246869747712632,23,0,4.78
12.062227347895902,26.32909609212403,51.84306675439729,1.8533262965696367,1.0767825356679728,25,0,4.17
34.57116918109343,74.87789545423637,141.83614075888093,14.824297208395626,6.330200751225782,8,1,14.39
22.760834013119926,44.23033013043134,167.7942193348136,21.78367066488847,19.792909213592512,19,0,7.18
13.782506556578543,43.61308665565515,23.3608215467904,20.030912856451078,6.285576729375963,20,0,9.18
33.62377353736401,42.76221738417614,69.06879558526605,71.36054037484472,3.058576487408323,19,1,11.25
13.066714711270265,72.01323777847404,7.942241514449444,60.51767468906294,13.445125410639555,19,1,14.42
22.348167036029146,66.32951930463457,91.26518476447971,64.42753290193596,14.936075415429574,7,1,26.03
21.540159723860267,75.88586073708653,42.713460067238465,1.2630685811916393,23.296724153556603,28,1,11.19
18.26289170654235,79.54217413958875,174.8829108392957,61.34676932600331,23.316127420525564,17,2,62.48
43.840950029108924,93.48007510803949,53.65520409071134,3.429942890867167,21.151898526161375,26,2,34.03
3.3405210918126125,85.26475178691815,27.730505822660746,9.602799330390837,5.270168939057536,30,1,23.86
35.27343218846846,46.87719017433714,36.63964902532697,46.458316805707916,9.833136175236566,12,1,12.45
42.792125478828595,32.73188736553519,193.13063495328245,1.562212759286521,14.433770754505368,3,1,18.98
20.73033379454649,51.113513772619626,146.54468308266132,49.54015366868222,24.998138461075435,22,1,22.19
24.913686691960137,89.82694947313007,190.28852777746638,26.34477098764385,23.330411288246783,14,2,65.72
30.411277903693517,91.29547786849047,145.93568272944825,4.221277471063399,26.527355217868624,35,2,47.73
43.97136829631831,59.92282728861247,181.06436567521794,6.43727118342833,5.731556061260486,28,1,21.7
44.49527095115703,49.16386223555873,9.483127228016986,57.783762485615725,18.131421572484243,25,2,49.79
28.946321480927665,71.3579868709399,25.088356890104002,56.73353695215727,0.5418065927988158,1,2,43.24
33.43742826915317,38.16375841953258,34.34199779473764,38.38312306078802,8.699621779324255,1,1,12.36
14.181750703901196,20.018220082588456,25.387211534835274,67.25349951520923,26.020639173460733,3,1,25.57
26.12949930689411,55.64728053674418,158.12059295395107,10.048330899646908,9.317310466523619,1,0,7.22
14.378818643398317,29.020322234645512,140.7056680363061,46.60720710522546,11.21816140811324,26,1,10.44
12.388905867721714,70.41504976738341,39.351755534331126,64.53918375019714,3.167951880784229,24,1,19.99
18.553225073414957,50.1721008557239,156.6580184877733,69.33911377062235,3.7996761854158176,33,1,19.62
17.617132319797676,23.920150067119742,137.10772411252466,31.689330824083246,5.843814079317803,29,1,26.05
14.833378429353703,67.85695443473392,57.63042715548061,17.37456701814541,21.9154396207898,18,0,1.85
11.62417770042644,45.53308100745638,198.19723389933705,37.93322396078134,6.141418427853039,18,0,3.97
39.55583269009643,49.62427029117744,67.00171399153916,15.320700362306093,11.333904717282344,30,1,23.55
31.62699935450844,62.525924406512914,136.7184850443738,0.7032139869740299,27.926944331142884,28,1,18.12
12.96875056412012,29.52751819799238,11.707320016010026,22.337065145806722,4.729830803907239,25,0,7.85
40.619324892653786,74.87032553896012,73.39962945364415,8.087967427390524,20.6593515679317,36,2,59.06
6.197606703011405,87.33468547940194,69.97909272947973,39.91919343239121,10.786294335600104,33,1,21.79
2.1936926821524123,43.49570083536341,105.35185753844306,23.6839374804159,3.3310476907157858,5,0,3.28
6.375444725543677,23.686447154353278,1.0628338309724095,23.95698244072453,19.811605146026658,4,0,5.08
30.784718762906667,36.21018592331905,118.1743845948517,65.79422626971332,23.93407116625823,14,2,69.14
10.78226068450417,38.54038391979749,199.21774545290245,7.891527514940132,5.419880967072281,17,0,3.95
22.468890395845154,87.61292145884774,6.9479894889562965,23.37138973174508,17.899736759912706,30,2,49.21
4.697053370821728,81.16158241851019,98.95084808714071,10.063889698005655,26.57105740621433,6,1,13.27
8.067714878303919,65.65984701352951,35.85924705200969,16.64205985356451,0.7541917726894254,30,1,26.21
7.485430508664222,87.74758455415694,134.455765894816,64.6732964999458,13.414815135919907,10,2,61.38
10.1425176590501,77.84923574126375,168.28795199124895,44.66516291248425,19.332695088894496,23,1,26.57
24.08926622176989,38.01969383741986,24.93948942472064,42.41388388262139,22.927670220724238,8,1,25.17
28.50781776383829,93.94419942275132,127.99127702291409,62.00810997757886,28.37353938722867,2,2,45.26
34.10996223532087,84.33241612793317,98.9965589424922,9.86158452706459,20.886643083638173,24,1,18.82
11.069875452580012,70.43918031786046,140.85181490048393,40.441497085932546,27.10853609396132,29,2,37.08
36.53225262052303,52.385382558943405,157.16169684887,33.56566242015808,28.228973635283815,4,2,48.5
37.32784074571603,61.58668357408781,35.95956269901508,33.94471351346694,29.042175087290353,25,2,62.45
22.117956893268875,68.49658502431666,166.00653672561495,4.02306623116816,25.57316656925619,7,1,13.95
16.96515941711493,86.91146876524706,94.09466393543136,38.23822649445634,29.99122913465493,5,2,44.47
21.494936040978764,58.784066608499785,152.72209592283173,32.484268506632425,23.695938631066163,15,1,12.26
22.470527088585865,71.69330149715174,121.54196164540092,38.97680034132827,14.06456874045724,0,0,3.5
26.746543794169536,51.757910367484435,102.98550177213441,12.703436624109708,19.887187570336973,23,1,15.16
30.84554727336522,72.73204278195746,58.296827368507294,34.13156706801796,28.687378676090017,27,2,68.78
32.773494039109394,79.11198411017799,140.82087215432736,42.6656260794673,13.497383432565162,18,1,29.14
17.323765423467435,82.43740257394747,170.1556980665321,30.811033254621137,1.9941939062751468,25,1,20.47
44.16787344125413,46.27042780019957,90.43658787202158,10.046361921726598,1.4387319731096293,3,1,21.41
34.07336739781574,48.370542026215475,94.6345303261913,45.57343778615012,27.236180308057218,15,1,25.67
2.0679151063502106,85.3630410117976,6.0759159908925,51.46189346552477,1.3877456778385167,4,1,19.94
12.610139088697377,53.75714514431445,4.426890205899414,46.31078106799634,12.417781741577667,27,0,2.86
19.89733233438952,33.4744466772434,137.82181629736482,40.9026682371236,25.760161647884885,27,1,25.71
40.5483328621497,67.71641215020085,146.1368194841553,66.13775147174606,27.356174545350225,6,2,37.91
43.14303083540774,44.74811714677074,192.43718189836002,64.95623835370355,8.11149705931969,23,2,69.82
6.34680954949124,43.163545608621504,122.27140261967648,69.42987030440149,2.867233429878034,29,1,11.11
9.35740657177628,85.49407675187544,140.9822265462672,6.591834145515832,19.502773534197942,19,1,29.12
23.07018278286677,28.280712325754468,83.9027418675034,23.129877217277354,1.0674643738038792,21,0,7.88
42.172891861143526,26.481847433542807,159.84761884069164,64.75108267745816,28.234067545513415,13,2,41.5
44.75438338772554,61.67128660118022,34.028548035431584,23.10149948777404,12.734784980296055,33,0,3.53
30.600167658885475,71.814012825486,157.39372968734844,8.81891416480437,10.804864596413745,9,1,28.46
32.641860513830906,71.6022889213986,63.863376004274805,18.53247175439216,28.677563998861327,10,2,48.29
8.999372344090858,56.68505237869304,158.76865857357225,47.78726814678336,3.233767420966238,4,0,7.28
35.598317390993614,71.00345422807024,127.031397772787,65.53321313325998,0.5409602947569003,26,2,61.49
7.858774298955048,86.56723038621435,94.15247847752059,63.28523658447765,17.57556367299505,27,2,62.17
16.419147320734226,81.18914418092677,160.51290686972482,60.96816359274599,3.4655370032094646,6,2,68.39
9.183393787157785,94.46231190835228,112.60258863433262,25.99845861606272,8.646080815501165,20,1,23.28
30.214281949440014,86.13911006155121,97.05614342203965,39.255384174449944,27.571148310860135,8,2,47.93
18.906328686263357,49.082324639731226,57.37337499655879,19.70344170980711,25.831888094391584,27,0,7.1
30.35110950331206,42.04710323077237,43.16085021193867,11.842558845446307,9.380479950833765,17,1,10.37
22.223934061299875,85.51814793198007,152.5598105751611,37.185021113315564,20.122416014153202,16,2,30.38
27.859640397216797,69.1590092370173,1.7338179690262079,66.81746662310945,1.9887056233965072,3,1,18.05
23.374840302084277,76.46067458832574,164.65373062295444,63.37688502137073,14.631566049461085,25,2,33.18
39.73203739445398,51.3598699845217,182.203139995844,71.51120733374371,3.182761498438562,9,1,29.01
34.63820606620172,58.361078509128745,128.8052874223888,7.809028235934031,25.335645939409645,11,1,29.72
2.8772692595928726,65.33667366938445,55.405089773924864,62.15694652544081,8.503834477922375,17,2,56.97
40.46770855409179,60.69108967254845,195.6888784307139,58.41627113030783,16.67114581175838,21,2,50.19
27.98315918743778,82.03686113207175,85.0004828246395,20.1944376050214,7.951047544216424,10,1,18.98
41.86987798600573,64.14395730119406,81.54784323831899,47.0591526931687,23.039002734294154,36,2,49.98
17.972923591382276,53.668379194459256,107.43386432080577,15.052789857449046,4.672548685965894,33,0,4.9
2.3525278086313746,87.411153110476,186.22409038867013,69.21299690721276,0.39229602523844553,5,2,56.15
36.861410004907746,91.03779626325455,27.186549473464126,36.0819431471231,6.425287582187606,17,2,43.02
27.539446700566426,31.13012723646615,79.76828238939413,65.16470271096209,29.966978611385162,9,1,27.63
16.48764226230006,63.91144537362767,63.130725396464804,6.716178589496173,6.688500256732608,16,0,4.85
13.343661222693374,20.905245147546346,103.78747285295138,43.8118034891665,28.886114820054292,32,1,19.42
21.758318319169632,46.238767706814116,125.50123084035324,56.58518033820157,19.444402291469338,34,2,66.24
30.98451346840892,36.09784721783215,127.54057020838576,36.68494134544653,21.516576930312603,14,2,59.71
38.34469900091182,59.40739987322317,138.3011091627189,63.65950362308043,14.871510302348266,18,2,60.15
33.24683017810314,90.69520253635602,166.43823046151152,45.0724126724339,19.971463057714214,30,2,56.29
9.571839381585718,75.74996851742425,50.4139773700343,32.97297411699511,11.575783405083271,10,1,17.82
20.32295698972352,41.56650923156937,32.06409427338688,20.67412425858396,6.9975507379917605,7,0,1.28
6.465093602769886,29.267936794961788,20.205649298251704,44.09413598087833,5.894479572087558,35,0,2.56
17.534454701457552,36.00223010247284,77.01013584072334,53.3819697835098,12.529170176061083,26,1,12.27
24.49580044215859,87.39791962258275,32.878536865682825,57.993811093370915,23.75883043400147,29,2,45.94
41.02750460768477,83.48263822304801,98.08929198419509,3.149217549084733,16.057582038879275,16,2,43.57
11.91746152921335,77.96554522863897,67.79398523456427,10.730319772337944,25.736675557387198,4,0,6.93
21.447804028432977,21.208116391200274,23.40901454126523,13.722210342256448,3.407619521360247,18,0,9.68
8.04809358704767,73.74739525265235,87.45632964892351,29.353726388178718,4.108999036327075,31,1,12.53
34.86593200888826,56.95057477332522,67.79879403231466,11.003986995139279,16.56482480913037,28,2,41.28
35.01801969441178,23.03818797059914,24.582236508448997,15.019547393784443,12.058557738456587,13,1,16.93
14.654632281515854,26.48343148800489,151.8857409912973,22.954146215761554,13.787986489146707,32,0,6.65
7.468845506197969,25.4261287877043,175.70614984143117,22.081178253842,19.50890922220523,5,1,17.83
27.087146652869073,24.616750819999947,131.083139360571,1.0909688031288753,23.398813816211792,32,0,3.78
27.12166591976388,89.01477395557055,9.831704724285517,41.50522032286795,25.608897855838713,12,1,27.53
33.49554905275038,89.98349158764897,131.43953232801243,31.890590944602028,1.3464304941815408,35,2,48.81
31.66230606713676,56.13779401821936,24.869063488482148,15.82043436568356,1.9347204136753882,16,1,22.44
12.266933442170853,82.66735989284263,156.78391697350798,59.42886997321313,21.708283132738543,6,2,38.03
29.91046588681203,46.267746074530756,183.41970103435884,10.079202972609357,20.145354218431123,27,1,28.49
6.080021896345709,44.975572478918316,74.71325720781611,15.82245517108582,17.55364982781374,10,0,1.31
36.84861528364633,71.72761511464014,144.9741707159761,50.41536007197193,9.329190641491,14,2,40.9
9.509952814580828,83.65934395818803,59.638975575119765,43.297351036319164,15.085291859972603,33,1,28.84
42.56436384452491,47.381275496330055,182.51684358496462,56.30730889712706,22.663118175467435,20,2,55.07
31.557099961005296,28.368673484993106,29.54926488759222,31.11082079901379,5.8712325491636355,29,1,26.1
8.19647041041754,93.10088081053371,120.77478236523802,53.051282471537526,3.314508839041946,30,2,63.57
37.60586128829284,31.812541105685288,118.86634678531915,42.94315392791863,4.925548921690762,24,1,29.6
20.097721738957866,74.53283367938802,21.460242074134506,15.232472055221633,4.426555404860998,11,0,1.57
18.738455062789075,43.502705482276845,92.47228944954784,28.38972370095542,25.907310094174377,7,1,16.07
37.491253048365785,94.03117730044777,111.37611802959316,20.380485505833757,11.956978848001619,21,1,25.24
39.63020267244726,21.99519226974229,112.39626832527586,15.819263555537685,10.226490464770713,36,1,13.84
30.14634622261472,91.55704361767255,155.0321857057874,57.95991302148908,15.948022470536804,8,2,47.02
7.007157535642591,64.73559331579642,54.99583839472804,6.194626725985757,12.888082303456404,22,0,3.96
31.557016027585686,47.93955896020962,52.48156451414901,54.82007500068616,23.20942185166002,21,2,54.48
31.949808889506233,48.20313433318674,188.52194203173113,58.985911132020185,17.630834085939366,11,2,38.15
22.492421573940796,42.20491325292103,102.98589907849656,12.323985424192793,29.331384384765,3,0,9.39
3.772796001959597,38.8098751333972,137.94032847292465,61.42856396770083,16.77557639939545,36,1,18.05
23.419575989911156,63.46522768624858,57.3321162574046,26.737484974915162,2.5169388188672794,8,0,3.28
35.13070248411828,66.26126632816813,119.72743576597227,21.41664063643224,20.516800643330306,26,2,34.51
15.139787751096506,58.82292017670759,76.39160380905376,40.84752612389286,3.435986049790447,3,0,4.83
12.502049115655378,62.02639805149714,4.347767612741471,37.7207939173909,11.753152260360094,25,1,24.05
11.103821473864524,30.896450730934,63.25846974512488,70.28904690128115,7.704947237011758,11,1,10.6
24.249600071957413,52.42669941100735,198.3398922037125,66.82063644056151,9.23172568093113,25,1,26.8
42.87554053503835,84.4347769813425,45.67112283576953,16.237852846370192,6.035189013417023,14,2,64.11
33.69084140426196,33.35152432192027,164.9362478455873,20.242482219707256,27.910999737045884,27,1,27.15
34.3222299823512,51.71513067943153,103.43007245677545,26.954920346138387,22.223396014820175,16,2,60.53
10.79368656379022,45.34774844303591,93.96908699673499,24.151698887077377,22.64820600474987,32,0,2.24
38.72270234775782,80.18448615030277,8.274876493451977,27.590426958781276,1.041484565516837,12,1,22.03
39.50056074110299,41.6702762493187,17.249834260792984,67.46444123354743,11.34589048584657,20,2,61.68
7.363652868532201,34.127617405030236,70.18441899313589,67.03284263869233,23.99035240960804,34,1,19.86
36.51892387286764,37.91785217506824,8.364324757293073,45.10805943615238,16.8753635740595,28,2,55.76
19.10234595177706,52.10851773104313,176.04959889511272,69.2046470202206,26.790040871894913,1,2,53.4
32.52160267071199,91.29440098069537,48.92325481045321,53.84836494406292,15.624467584322465,25,2,61.06
36.224265124066726,55.63092350376829,158.659615339747,26.231605739450668,28.162803814912767,32,2,53.84
23.99310422183255,75.04402777157753,82.20943871121162,25.891921127838717,12.21492895401375,9,0,5.9
7.795788751449837,57.205660887539835,33.8207800841303,9.51870872014721,27.979371520235034,33,0,6.94
25.94777940277888,28.116998507416145,186.66207606966773,24.346133286894975,6.56910381317404,36,0,3.49
13.651417938462439,41.42199497626828,54.181844649374234,61.66168359045659,0.9565438562577633,7,0,3.47
25.480147070958935,64.27348792438013,186.93039054144413,1.1126985729679593,1.433991289732478,2,0,2.51
31.074096909862657,72.65728912846183,144.17864381041954,52.58567260743933,0.001584807968904034,25,2,62.57
2.6726616982196676,90.03940968393046,161.95770573762093,60.361168721546946,2.798621541659055,3,2,68.4
23.740190740929098,50.990253544764414,175.3685063763516,9.512963342290293,26.256294133440765,2,1,18.09
31.538954979573848,79.39299038166777,116.60372948882727,65.48761870468395,28.25974340651615,2,2,46.09
27.65018803004113,43.861413935312,90.28460072099406,18.157870527570196,23.696572138555283,31,1,20.65
24.881072815727656,39.97832310725179,179.89061691076705,66.80669827650107,12.07834315020488,3,1,17.68
22.46551535455214,29.193736738038723,185.5868402474043,32.96790642649387,22.03461120967211,24,1,10.38
16.561660672258117,29.486019251848212,82.89619585087198,1.5588335709826975,25.23134947537681,10,1,12.78
21.262933261956647,34.16520371116615,53.71983230021718,38.70856784282132,24.978270391151565,17,1,24.34
35.14502443156581,44.54158873710904,48.439178402628436,12.58762906305996,23.245752065458678,28,2,48.15
20.69026467619662,44.80962460857825,35.73256106782059,55.2212688118199,23.589654184082313,14,2,68.29
11.4436189556115,70.81000767008464,151.68172815994095,16.5807768944553,2.2983229278333974,13,1,29.53
3.019803493148996,25.984184272550028,83.59390871730541,67.91825886451059,21.64535339530271,16,2,63.85
29.678207146158073,65.69777892173805,93.47145766632235,45.29372325790915,23.85649759591148,35,2,48.69
26.298173033644527,91.15286886793857,180.44912461924628,63.11376811396417,24.042504327258815,32,2,33.94
36.02147796964203,39.39873966194754,68.13101545745985,5.082048013690734,5.385007814830519,35,1,19.87
9.083562382172135,46.35169509911951,52.97325156271428,25.515111136907212,21.24972147233911,21,1,21.11
42.743955581538145,46.688443343372796,49.97524203309553,44.55954383503095,14.966184634616429,16,2,48.49
44.02686961343834,83.2690209195155,35.65002879159267,65.17927559757015,10.220004624652338,16,2,66.26
32.808479293613175,48.98702921479352,42.252583387639284,45.736407991157236,29.280417767963826,26,1,19.22
31.83686961445786,86.3155513871989,94.42334884664818,27.878016964854673,7.534752040748572,3,1,27.6
19.484897254649308,62.060925633313786,45.681792313487726,59.288097604500855,8.86806832512664,15,1,20.26
38.736877259656765,71.50758466978772,104.01653664331678,59.862888783869025,12.577477479568973,21,2,41.39
36.515203996354515,80.6774524630499,49.06094341181624,44.488816500214554,13.295402254339786,18,2,64.52
35.453330317503536,56.97718283907795,112.82538875239929,47.256092241224096,27.67869447387322,12,2,31.18
44.41725221914967,73.63072755333317,122.92822381090038,3.863292319154475,26.373306716788942,26,2,56.59
5.031713089435065,63.50288659256919,143.9389142921675,7.238185059123191,19.01302979395488,6,0,7.88
22.998401259186387,21.6927272430082,137.3854833548605,21.52124228453915,16.79679304607848,3,0,2.5
6.128298699764566,42.28221643798108,10.854237077874718,43.15908306353559,2.605887239585484,21,0,1.47
22.115503717605584,25.315377549115517,119.63648910840048,19.404907301969644,15.828733705161236,6,0,9.32
28.491969809449717,48.143480644553776,196.8386783437127,2.6692561475097536,29.957945038096298,6,1,21.17
37.63268717194454,81.71660512201265,37.77403735257088,50.63159089392575,8.719289079195933,19,2,41.85
31.946825086195165,32.34704349240614,29.73451273923642,33.126015683559395,11.57437565277868,36,1,11.39
2.6139102124907914,65.09876182521134,112.52651917347767,10.132174757185393,4.527479481405894,19,0,8.99
8.294041863325614,34.169736032371425,171.88691656671017,18.822227058068687,11.405849939255326,21,0,6.97
5.261616963141262,69.63430353608908,89.64560290521779,32.432035929125895,13.729368481006208,30,1,24.31
14.143075734550562,82.64798456438376,63.368988730066,52.34415836503777,3.6299930253619928,3,1,16.32
29.75699387558407,49.72671289756062,15.567830622102807,27.214877624629786,20.663025478774546,15,2,36.41
36.58577402217842,87.44377302361735,124.75067687384656,0.9026388614858416,5.589503295556005,8,1,17.27
3.8660786788781163,46.135848184674146,35.835934925064514,46.765516887509484,13.9281710797302,19,0,4.85
28.471313932661435,27.12848439962642,190.10689490563334,70.59962675664569,16.36370086177476,20,2,37.18
28.186961775232927,41.61589763360796,32.061807903113774,39.433987442672326,15.969307901397318,13,1,23.96
11.405833893476002,38.2226343840928,128.46179115820365,20.240155326982254,6.523429020231008,16,0,5.42
14.238241376087617,47.25299063735733,92.90245010081549,70.4934697617148,5.171714050071471,26,0,7.56
38.32249418426209,51.378750328495364,88.17102254050317,45.8483810048943,23.2343225782795,28,2,53.73
11.046621843247333,41.772088677418594,157.30873118200947,11.89640400104786,1.322766491925964,18,0,4.75
22.220710669136434,91.58357711397414,23.13504472962331,68.15791124972037,22.000845441962806,25,2,55.81
29.62886891959275,40.634581803206906,101.42877652807702,56.71994182063387,26.451675705487816,28,2,53.29
24.963192406542863,48.437064798495754,68.05499644680617,44.88953324335479,26.729861239327946,11,1,26.49
6.402961900106591,24.61293023439789,10.266874264735515,27.6807351499734,10.117132525075261,0,0,7.69
8.735837269636242,91.46827351726323,81.08079217018482,24.61122355858116,0.42606468512294104,9,0,4.79
23.961791168767327,54.12615788483359,153.4336280688704,47.67589315012264,13.378419159617215,23,0,7.54
18.146440746890967,57.331742270517225,68.62310328340189,17.796262740310684,11.95506086411941,22,0,7.95
23.079544910110855,46.871709771791174,165.56572141323852,2.1162174141847037,7.3152818989831605,33,0,8.73
19.381461887408296,53.711207157580986,194.38491014046704,61.294118695018575,21.191063155509227,23,1,13.3
10.189650872291974,53.16171035846088,14.30060486632707,28.36050569360025,22.24809059211626,23,1,16.61
20.366698835080822,37.51563514447763,198.9051496766067,68.89481630782942,25.30437507376542,13,2,41.79
13.848936815212836,80.06071210076243,183.65163358826126,43.614774590738676,24.091686536735367,22,2,37.73
6.019121286891073,58.0887607353111,32.4471096281155,30.268989163944866,24.98946224095313,9,1,16.36
14.355204328788925,32.142170753926884,49.859070000922266,16.579404786125522,15.583463591737129,36,0,9.5
37.14214856646348,62.01810978372894,51.00073050021514,19.272341446430016,1.1775915921299973,2,1,24.89
26.893410901486853,49.4524335019206,115.5471540321684,37.32853289628263,20.571216878582277,26,1,18.48
26.938616268735142,91.10399613896678,13.750190417735464,36.77867770991468,9.867593346321732,35,1,10.48
37.254330343661216,61.545630039097816,90.11649856322347,20.91504262764678,8.941275683740677,13,1,26.71
20.862181398066106,49.50146290608214,169.31015516397255,31.023730425495707,16.560545168869535,34,1,24.87
36.78848566033469,78.55495475215022,43.00095365400571,51.667941864880014,24.00163223854114,0,2,36.9
21.388857083005373,46.43245486541312,110.98196676508178,13.944938120098183,25.789966429994255,11,0,3.04
22.596739146490346,21.307290912653443,146.77907417991864,5.761062556012897,18.87340859736357,12,1,12.65
32.70574197545575,75.1951543953084,27.65510553556172,69.58172877566938,24.63095841289293,9,2,37.45
7.95027818930249,76.11213492715221,93.9308513903247,56.47979335090051,22.387646830506164,35,1,23.73
28.744392837631988,49.65173831460373,153.64135356149816,30.90104092551657,13.723849397574657,36,1,26.64
15.192154173734354,22.70280331243906,186.5558249375469,25.180358438137578,3.1944528985411913,13,1,25.37
44.36660948833877,38.5629596427353,15.931168186177391,5.49726454998826,19.20091165055041,3,1,10.04
43.74673050831111,91.06079257967184,176.91439741165252,15.84079127509516,19.0216516803295,8,2,69.44
22.504024318897077,81.69772036679154,54.27180703822741,13.742337082538384,20.439395560436527,34,1,20.29
44.791854638605216,49.93319746680695,123.08015094184796,26.614960415499088,11.783569389861148,13,2,67.52
6.1083866062849514,69.41500001915165,129.4222521948189,2.863231933879944,0.03394425362610587,27,0,7.87
2.6433315250209306,39.84097146695313,102.8061638951739,41.48017123065907,27.772550791659164,31,2,46.59
12.187814591452241,78.21286190301677,194.29684300846213,33.84714364126721,9.160596406433694,35,1,16.1
28.884095955873146,93.97866287216691,106.71794602208173,8.587061589872969,24.84820694447965,6,1,25.55
31.962207100466674,64.70226207123508,92.07723513500812,26.555305418671335,10.590142529155088,36,1,25.03
44.76135380746013,93.4989580465332,176.43334489420664,41.603168903802064,11.940193125114451,15,2,30.48
40.50274658135142,32.1925301497609,199.10328971806496,8.99795936105096,0.44849913312716705,14,1,14.9
7.088849349868751,94.73378788250669,157.45006053387257,29.724984128205765,24.70042430838421,21,2,61.6
5.64333338148367,66.72296657660718,1.3571105953655183,3.6071216105336994,27.119400271675225,16,1,24.72
22.699456605182384,25.88953894561796,112.10787048335418,24.24328319390316,4.648253560138077,14,1,20.43
36.65870969793197,71.97288453302505,1.0051006730623868,31.08937714963487,5.924588449560969,5,2,36.98
10.826693454563475,73.41411452555857,115.95596851388316,12.787766187158239,7.848744188754898,27,0,4.77
32.98857154383808,61.6105068705461,84.57529369335577,40.95123684205764,10.963544539598209,10,1,11.1
17.90759767834212,40.92246458151454,36.077495193542575,40.00399855270038,6.464082982476338,15,0,9.91
32.912998618005986,74.7204986926507,20.048274053518277,51.819878954360505,20.3945437565991,26,2,31.66
19.815257430369442,55.51771239309848,82.25047969577382,66.9908644563738,10.305948344948824,35,1,28.21
26.93233624330321,47.75669600524782,3.667677802129976,9.625057815999359,22.62693970048646,15,1,13.0
7.268323129095035,35.90208878766717,5.908393722298655,31.526370348643223,8.33498698693963,13,1,22.1
5.949564500855643,53.37640127940164,199.9010379417033,60.21889429549006,26.80377162501348,26,2,34.12
2.1342310083256137,42.76325936585836,21.721480469298516,34.30472418906319,20.313824657217058,17,2,59.97
10.553446459156472,25.9803918072096,167.40442612966612,6.141480808620876,2.7406159609930993,16,0,2.21
23.991765470968254,53.01113354180994,102.48571027533127,48.59902322228119,11.613915269134448,33,1,13.32
15.694185300899132,74.2422093954151,160.3211353226086,57.107705982275405,29.33023242386123,19,2,60.8
25.64909641450616,56.88429744677511,113.09127321482164,51.658675755410705,3.288845832103192,9,1,12.72
26.41660878040959,82.36987223308074,186.49835595553597,54.13160751903519,25.288511705304295,10,2,45.59
42.87630631394428,67.5689490088653,70.78113344236341,43.63777794358879,9.36003918325351,21,2,64.82
15.966353361355504,42.00422566872338,6.683598941011892,58.83119084830861,13.511496391170239,34,0,5.24
40.962690467822625,82.62676912787705,29.482556726796673,51.134149411243314,13.063965752159353,28,2,57.48
16.31522013795034,33.211543437714504,121.45333402029759,34.57862747636697,25.97102976972011,31,1,22.88
34.6579224750972,86.45554753216439,145.8067485658988,66.83841940781029,9.979697994626743,3,2,30.56
43.54041370890356,65.30816758631354,149.84726612049343,67.44880674418245,17.74797968750219,20,2,31.37
41.2258737459828,86.95969546924144,130.78022927385146,48.56474171074327,0.1601742590906563,15,2,65.11
43.253333738638744,35.60824973153806,62.23872049378889,55.55444810713735,26.002920068740316,32,2,69.73
11.670562646407513,61.860061859616124,152.8186000425963,44.783618374445375,6.964017384004685,0,0,7.81
40.38792934884327,86.36555928375941,139.9088947531093,33.80256897810182,15.360948560744692,3,2,43.64
41.33441775753227,60.26924460650878,145.5528081025888,9.184731119859615,18.25603929831715,33,2,48.11
31.2919980863266,76.41161691932496,100.71537926771829,64.4249042720779,28.090282601946836,15,2,55.42
16.491120027502117,29.675313126744417,104.62602258124487,45.761566736653585,17.34865845520211,13,1,28.18
25.948939941559537,69.18472099247899,99.40472955544134,2.7925414722597233,18.369338665211902,15,1,18.33
29.96078094478617,43.436624460714114,69.60603054165058,35.30670600430191,29.357351845781217,16,2,46.65
15.011462564556979,40.158597362120304,106.44916142835615,43.89047625776639,14.663381646889981,16,1,14.23
11.571956371273222,39.59001284554347,102.3804242539248,23.352695973827093,5.028646915217534,19,0,1.32
3.0423311379627567,66.87645906260781,50.51371182753739,48.330190269881626,22.410254987908782,22,2,68.32
2.8819695307768205,38.70318409969191,178.13333517838143,51.87498924574059,2.1890499877706313,27,1,19.86
2.669189489124788,68.4473196874371,86.96030675396555,14.854821127742461,3.2268417531130233,13,0,2.11
28.884333522072648,82.05381452055187,135.72988743657334,5.161783319489758,9.222975976435116,3,1,28.3
19.096450380357805,66.86918523413422,155.9637351246287,56.55065745864496,15.57840247185814,4,2,45.66
9.629561046732723,55.81160378468208,98.91955413389297,35.53012035700754,16.163177583453486,17,1,17.32
40.76019747285703,82.54374503457777,110.70617707143666,44.551922229724056,14.22976711650873,34,2,66.62
16.81616204347864,57.36130401883613,91.52637490903501,37.600601513052325,4.1975693168098225,14,0,3.18
38.99591590306067,60.6603131979625,137.9271483830242,34.05661573860811,13.189672021774948,14,2,46.44
18.679636744924384,48.19699322304978,128.00975938601127,35.87779637834395,25.47396743965532,9,1,13.41
29.107239819547978,42.591931104670955,3.714143753019772,64.03795085945129,6.807023017314248,12,1,24.35
30.689184819630118,38.36296631071404,143.3107279557999,43.25195401761784,6.353978657446432,20,1,18.55
35.90772920635503,32.539689091045126,5.691478368784497,45.4988783979691,29.2794935817735,7,1,12.37
40.305550403693545,93.23675255331868,140.04293176906683,36.414572812814555,4.9893510062724715,1,2,41.66
12.246374387266927,85.63415430135876,173.59288933643165,45.61438680820916,14.189429441122076,2,2,54.29
13.255373368592018,58.44431939504722,66.12016199400037,62.02657129100232,14.212804612161609,0,1,21.61
16.92302211601241,51.43060123440807,3.3842686929886234,26.594438918278097,8.211297515185276,18,0,4.03
13.468247517400213,92.52387635210282,32.01482109734612,56.79379737820376,29.52494878449645,18,2,57.96
41.82413323030603,79.47561193419037,184.487122200754,48.13831478984061,7.069321182642656,32,2,37.37
31.305619285125964,71.00822738249579,133.81600337245663,67.87691638785515,24.692625870206413,16,2,48.84
15.336330506904488,53.850254386557296,76.83883698519548,31.41187384132457,29.377855968259276,25,1,28.44
27.123532688773544,23.642498979447197,120.74534350702618,57.729376668297995,17.549752461057558,25,2,48.23
37.64398532129952,28.174999239723206,21.624670495419206,31.09267031198887,2.9597213019842714,25,2,35.75
30.275437148738334,86.23395550060813,115.40837239800501,25.8124041192888,24.62728902211848,10,2,51.77
3.955921283307808,83.42197250862641,182.24686206293427,59.17485862946113,3.838498227592946,27,2,40.34
2.153834417801348,23.490614091430103,0.8688135568179822,46.640350208639596,12.521613831016396,13,0,9.21
22.54871431627742,36.762073569188004,141.1191579552984,14.142878638410957,16.585253879543046,23,0,9.6
19.804916508016106,37.45476814025402,98.26981805375705,62.881284912985535,21.361902642275123,25,2,33.56
3.6313474562452277,31.022030442785866,183.41563977309576,71.87683616443711,23.41561727608819,1,2,46.1
43.64608294597752,54.16033780470257,165.90448305767492,70.21742796580826,26.20419513168013,29,2,30.32
22.96673283613112,63.37468270282281,137.8459472725904,8.142161318722744,24.633315832245483,30,1,11.45
35.08401840415449,31.753197182218933,148.30345046539804,43.35913003589493,1.7271559590839136,25,2,45.32
18.35037015577578,81.39069349291273,73.25060119969484,43.51071820614899,18.18950842123596,13,2,66.18
7.642265766062519,64.3632149101237,126.59988876938559,4.29134262863147,7.2900574238635745,14,0,1.45
32.445022711910205,39.06633718000162,172.4168171680463,64.38120777440295,5.824580898556472,34,1,29.51
12.577681803063932,57.2855347814151,161.86856574774046,34.14346233750465,28.46932032358788,31,2,43.32
20.20304926196867,66.9634589693386,57.359145837707956,69.80131342580937,18.26052661810503,23,1,22.9
8.583878168204532,40.19528182289058,118.11793154771699,44.12776820091989,4.6192238923148725,10,1,25.7
14.4126510150448,90.34908990946228,165.1342891958956,50.39248786397045,2.466996645318016,0,1,21.19
13.813658805740943,55.98285183367833,149.14766300823788,15.176924730372086,8.787172401051873,34,0,7.72
38.02235124077422,31.456282375071247,16.585430501945208,46.386941417532306,14.15812097265883,3,1,17.26
18.712208066371087,52.47256602492901,28.82713279787903,59.32662605570631,27.931770926616004,23,1,16.87
13.401717877328542,39.15578156388825,122.70557683271461,68.07017877349772,1.4481566087394437,7,0,6.4
16.07176323995013,41.730320039666694,53.90212424365946,10.856977149679453,17.445914228313317,24,0,4.82
24.585769987710993,93.05234187290479,182.29080069096787,12.062463650602721,11.066475646676675,36,1,17.21
4.23977999786749,52.703118718471266,124.62947346719137,60.59956500771539,20.479346468793942,6,1,19.24
14.66990283168752,23.751411567663975,97.44991206909019,25.913722671803995,7.545391190292024,25,1,25.39
4.126239777211932,83.65645254239263,1.9919482408606637,67.50354331538524,18.828596219481177,4,2,39.86
27.806040778177355,73.31972275609125,60.76142514727352,36.92801575583989,22.41522511618951,19,1,22.03
3.132935284338457,75.43435003524097,63.60194096285963,57.43546329668795,12.951984715285475,3,1,20.26
4.889495542352072,38.986409411721304,161.58636891254386,12.449967837921523,20.95441403444662,15,1,16.6
28.671989135336243,60.81500015852209,147.95927438721984,50.97446816638083,16.025696754258576,4,2,64.94
7.44217186979064,81.9981352785112,172.95117912076984,32.35029621852178,21.42213528427005,10,2,31.73
19.120662617145324,42.67877045843201,159.1413370189675,24.50874072045279,0.09522894553509631,14,1,21.84
28.337048805174586,75.34648401897039,153.45566021072966,65.23418296076356,12.284122256663316,11,2,64.62
8.849170606026714,52.654204709601004,80.37974159119332,41.663930331181106,17.50158696983244,18,1,20.2
32.531261950034846,21.50176508897799,113.99656380906322,24.418249651245755,0.26495530268203393,26,0,9.47
4.0029375097212885,72.88348599792462,170.05974731435836,31.5360823498426,27.85566225127289,21,1,22.6
21.77359647871858,34.39939626730926,44.97501836113918,19.915450959793397,13.477796757925175,13,0,8.71
37.42014430389045,50.737885858219556,198.16027118918757,34.26808894950928,16.615082475066618,5,2,42.87
15.803925629802066,36.871253290777545,175.56643357802446,34.9539469520668,16.892828336174784,16,2,55.58
38.968337690595995,72.51411944705399,109.54798189382737,44.084150173740184,2.7319854624654294,8,1,13.87
30.43607037833527,88.3442113875716,80.75132209566931,15.354073020371612,19.462408117099628,8,2,59.93
40.306849474688455,39.23041947562129,186.09551839273365,42.97968485469195,24.030247295937478,28,2,38.49
9.429955030945917,46.823041219168346,58.14877317813478,44.45612315067275,27.083281432936346,17,2,56.14
24.583694609924276,35.624521014502974,104.93768241869547,40.18840600279205,22.2737269264067,21,1,17.37
31.825558424663786,89.90767740929162,143.45270507158543,55.17023948197371,5.037095898062666,27,2,49.4
24.727213995320376,41.80939581663856,137.5004185608832,34.12562608427707,13.764208628071069,15,1,17.85
38.31033232416374,62.68561778407012,76.47291958334218,67.32090218684465,12.963515268476835,9,2,47.84
37.79871899807243,73.61080190984582,146.04883325405146,37.141941344545465,21.363541690024057,25,2,56.06
12.547474026676648,72.84395241000126,19.83890602257572,65.48545198763244,6.450677080685537,9,0,2.63
20.79634377082053,72.89627180294843,113.49717555671926,68.47596162481142,17.93387498168499,6,1,17.06
41.75924813670124,27.800934071381025,77.5413326262175,16.666092344308492,25.401659711902,21,1,29.84
43.0692379151245,34.4761239054274,176.54841524141608,58.37733448750356,29.035797722442478,1,2,59.1
7.718939244209485,21.677490087082194,9.961575516684373,19.35279528957747,1.9501646823241892,24,0,8.49
33.296868990912984,27.043247362327257,131.87503748389858,23.147423602906603,22.492586360911144,33,1,27.96
17.184925111090585,91.26355331135312,115.69647194617178,26.65266360585607,28.48806441100895,13,2,33.79
40.17617894349494,72.03184402618064,78.92581398120639,27.131529132215743,13.672074420254543,19,1,22.68
3.075651531306727,65.29084922180658,29.06329126732521,57.59567544266923,25.69704589469697,8,1,25.66
10.392508446720267,32.405067837601926,155.432239241119,16.872583748972286,15.799267905755926,16,1,21.59
2.660748781593102,51.98328542857274,121.23870748482808,40.380180275511414,19.540083174006167,20,1,22.93
16.58076737029524,73.24215750360901,9.573119781221418,29.661991829750306,21.151035667899983,18,1,25.91
29.768985385188135,28.819971244902632,189.66187608607333,16.574122314978197,29.989068762763313,6,1,25.43
10.697746814907305,36.04503371007854,1.1607537685882185,22.01847666244508,22.467529214355586,30,1,14.05
15.421137009585795,56.13168722967361,63.50913153106761,26.29346377144746,20.079935361082168,30,1,14.65
39.0999074638698,58.18124800174637,86.65014853915008,27.445202783363783,21.218037559993174,20,2,37.85
6.168909882948732,46.341276472886605,167.44799990309187,5.275991024245297,28.270305230140725,4,1,11.77
9.137761809030385,42.571420730869114,107.87586360562862,56.026249062807466,9.63722633365761,11,1,15.12
32.3416515797462,63.300629389727774,177.94706695661134,50.57190430269221,6.050998878930763,36,1,19.88
19.54363378919224,28.006724787080984,163.3241008184273,47.34480823722123,15.216118103034551,17,2,37.37
11.844520453996147,29.121716801007068,72.67849588642532,18.76312209479547,15.200736030188962,18,0,6.17
19.12302845707379,77.89733257624127,7.685129127811718,29.220875652155424,23.97220258458588,13,1,21.0
38.77852196760635,64.05613728445002,177.81847964979204,67.5546452999554,1.6088517111434752,21,2,45.0
6.492338390085258,53.69718656721909,57.421822185513946,7.9816031953252295,22.905062541610988,4,0,6.01
42.830109795887026,45.46466893480199,21.629188467439732,36.71483587414016,2.5743231512831652,21,1,10.77
24.579403120116492,47.64654893737165,13.168432901730931,44.98493507841295,17.556609881728658,31,1,28.2
12.647612149552945,82.51547236578304,81.0204254094241,69.28256455547782,2.442830661208065,20,1,21.12
11.054905191712564,64.47413665868824,151.1835829250275,46.60595961544404,7.033465464241186,15,1,15.14
31.69872466386505,83.20904345854468,96.30788953931489,38.4945132093983,9.082427114136975,29,2,35.28
15.433453600224167,58.578743488326516,117.75189271300191,56.97556967765161,19.68719679745076,6,1,18.24
19.824395663777786,83.16245225460374,46.00009050967997,0.9090466052504707,19.53959691678718,22,1,27.8
28.658550532901856,60.17110864057489,12.044072889047253,6.326533377613273,19.290389405542985,17,1,29.42
15.967436719187852,21.90286160317367,150.03005625970354,15.854887106493413,25.034212303878853,29,1,21.54
39.13578903955799,47.863968143267996,41.777778542968626,55.92294455759452,12.992406108063935,35,1,28.09
38.90730594180307,56.055568430729195,0.5925441120793629,17.860307237578677,9.713069270038984,27,1,28.24
31.246817510631782,24.360034327012144,185.82327053826512,16.41025465868742,29.990196157262766,1,1,25.43
10.047544281753991,22.446816605478517,189.16623422317394,66.69045521956147,4.879615612863631,24,1,26.62
15.54740668070214,59.27542999992389,97.07447424091009,25.8042665773654,26.74365193669117,1,1,12.99
10.368627935956303,49.30380816909681,189.31276859574874,18.13314572238319,20.050821063521823,27,1,18.96
21.69075693401861,62.70014013320705,138.52268868502014,42.8415979006891,26.360927514782276,35,1,16.0
7.621240212392809,62.85229772518679,50.74583989142349,57.79811586609533,2.1071191760844323,3,1,13.5
17.456136125836284,89.5030628254318,139.73139601624803,18.88816522574655,16.922547650658753,6,1,12.76
15.535781819829191,23.92615751072018,189.73123154131298,46.36656138809658,26.30756795612541,18,1,17.14
12.348928243347334,85.78689531996044,79.05081995378353,33.84066378370568,25.819556621628507,19,1,13.87
3.33565122619044,87.15472007325825,10.104045334466939,48.10822956890916,2.1503813902600397,9,1,10.68
8.4235355111628,55.1874536425549,166.22544334354913,1.6069958283323467,8.18751480973114,3,0,4.74
36.347188651929024,90.88923208452549,121.7009225941573,18.705820965682026,27.724438474100968,11,2,52.98
21.829096448870096,43.33752235785768,98.07160703303748,55.75120633506847,5.051558949091635,33,1,24.99
30.14872431927337,80.17166122727656,197.64069854539483,25.26499047225734,17.981376667833054,31,2,36.68
6.650482509017627,38.869922732361886,54.393021555616514,52.02775252339997,1.4565128162658947,23,0,2.99
14.934664926673667,36.835465207145205,110.40647516797,26.05241284652931,28.979812272249784,20,1,18.87
24.837705169398685,50.6166366941174,54.76850381985183,9.889612358148696,24.574935002886892,14,1,16.59
18.378060250677045,52.9980325281785,94.04699192185626,55.514721304478385,3.1572569423295715,8,1,23.77
36.16574866013334,23.000984790134325,66.46198214799193,34.14394497401242,9.435527166273157,6,1,26.53
13.719548859400252,85.62421212683161,153.32453303489723,26.395781165407445,22.02373630970906,3,1,25.79
3.0368090910351064,87.3322683139391,103.88860351088643,33.876979779290146,25.821799866198912,2,2,46.94
37.075498610089134,50.24453159168654,187.10910790235323,68.41777734391528,3.444870951641085,12,2,44.73
29.271803948985436,21.361847420530914,144.4922620677908,60.24078834067392,11.974249832818543,20,1,27.03
39.2435363485696,75.68153839035486,189.7951329929802,67.71871537170308,11.469784936807208,21,2,40.24
31.591500779057327,93.94807382641396,153.40250599615388,67.8511718982667,6.485657216114262,25,2,30.81
8.336168938719762,31.997218810074067,2.845644745833198,56.4194360455881,24.368881662704432,31,2,59.58
37.777751786407364,43.23798286457587,188.60976212752402,13.343818585608064,19.881672701045332,18,2,40.09
40.794354475262274,20.892835163588774,99.70289219781141,25.525497948213612,17.40996570773727,14,2,32.6
5.696870617006098,83.24992661689531,143.60124202152957,67.96980745136737,20.804007178920816,14,2,52.18
14.042287841511927,40.52754721164469,34.93987028417968,23.76645480656548,5.983210110396598,30,0,6.12
30.866051063021203,94.26438419387539,18.132417701867666,48.208005247276624,8.501930837117815,25,2,54.3
28.73007185585818,29.61724604778306,53.03617502606457,60.22005666326717,9.81274518004916,3,1,28.82
28.70149913991927,81.46105412754665,152.27773302098947,71.14023544988197,0.24254029590032644,19,2,40.24
3.0668011918303293,48.78304477667179,28.309770197564667,51.29271679183831,19.833917604771504,28,2,63.46
4.446763661397727,23.936913796477242,85.48456047388729,67.12553919890581,8.577613249188957,26,1,12.04
41.352582499023704,51.01228527975288,84.71716537581577,50.737838102141126,28.283160033158296,22,2,47.61
14.830362083143166,69.31953741829079,166.93370435794102,40.42503631750017,0.9328386582916803,9,0,5.16
21.88725378253484,40.95818166769207,46.193269643206314,63.009009182930036,5.130325632546851,21,0,2.68
16.967025947029025,45.98756655243088,119.13612716462305,69.92473608499431,29.49241337859001,20,1,10.02
26.52023247681307,47.44973062174519,165.83902820318767,29.088020843539663,1.02133518600794,29,1,20.92
33.24959796319373,87.11829819234994,134.83987498857212,15.119370494126649,27.980457070815067,29,2,36.0
26.22550084864512,28.532184686048886,27.755176822526153,21.95217936257801,8.449590290533916,15,0,8.35
40.38183395828424,67.52990037932275,44.45821076591092,4.319084072342726,18.45379747650935,19,1,22.25
40.90021068357968,55.63195013655214,44.787686661939134,61.4998901339393,7.62106195342525,21,1,26.69
30.56680453298272,36.05393421705756,86.5702213591342,14.63347198651023,16.454507572473734,6,0,1.21
14.710762374349775,90.87543372565109,197.53422544669843,34.350595581209085,24.07355236444481,19,2,41.89
42.6279244798917,78.47064819068488,120.42036602546995,33.02966269360029,10.685356029852631,26,2,54.12
11.97174823606334,23.50233634138348,189.0377159519089,22.932071007392754,13.277670699733761,30,0,8.53
13.262957528473846,71.66388967254987,184.73786820437405,24.7976322641516,15.086822338212576,34,1,13.15
38.944834574677664,50.2642074880422,79.7087428730765,12.64689724867333,11.49197028257336,17,2,44.53
6.963385110283513,52.844807288552815,168.49560764031298,43.159860485652054,21.73375131028017,0,1,29.29
27.698046707409077,79.9449474469976,26.67772341865191,8.403707555796577,27.66277960716995,14,1,21.8
2.7511296019971128,34.42798191968518,150.49440301074767,67.50182046461447,2.6234725310665996,17,1,15.08
11.416149885336974,63.33223006232806,13.02690028879221,31.546629626041852,4.056835528654917,25,0,2.72
22.079598594043308,37.08505667846421,39.870025788937255,30.91833038932871,22.66483971042645,34,1,23.77
22.701719876177037,23.329644872699525,163.50648319162414,71.27728960015104,12.206371878740127,0,1,13.4
44.59558414905824,53.38332760400961,126.82576217336059,9.56059947311641,21.990726445909743,30,2,47.94
39.89148560089256,51.58935348690431,167.9133412950844,42.70311561606815,5.756301393070703,7,1,20.12
14.768639126003595,79.36162867585682,19.89818673247452,59.32762138591696,20.263668540697516,19,1,23.66
18.155349631351633,76.83935915540751,106.04950527324854,50.842125307926985,7.803479490461975,8,1,20.6
5.423498807079824,64.59112869587429,117.87527452962345,49.42235282849382,11.09784285916976,1,1,16.6
7.616262681553697,92.22154651814974,126.96723119584348,63.91383079404058,12.786943747942928,22,1,28.01
7.035610954726946,42.4510082363508,191.9549963532637,45.76440560535515,16.625810898461946,26,1,18.35
18.908920012833736,81.97723886423483,53.45901641530091,20.344586139808733,15.671499162802055,2,1,22.96
11.913677910025774,55.23564221621758,112.19129989942924,10.695903848822866,16.70155877199496,19,0,4.53
30.89962879606071,22.408981705086084,26.679847035497883,49.575614643244,6.3711196590749335,27,1,11.17
8.639842606619672,81.7086023649626,108.05884853447327,16.44267589271372,12.214241536677342,2,1,25.67
37.64257581496275,65.25631838542125,77.82460192300604,40.37143112403584,17.302825423077728,12,2,46.11
19.23881707090242,77.08329413639434,96.50768149333453,67.7326049566074,8.810292400753086,26,1,25.74
16.94830873997666,92.38555255532646,97.94107883959957,8.482077340464752,13.758146390170257,9,1,29.95
16.65940559525989,60.76507837805927,168.10717598983877,63.6608333092102,4.811816250184356,14,1,16.7
42.03864054946052,47.108831358090626,79.38637247686972,12.9488111986263,11.344548398773831,1,1,26.0
38.74630226447334,71.4390869301119,3.575696806963613,15.960651948955874,2.0843995465059573,36,1,25.13
43.44524261853596,35.00500532131745,19.050490980865042,9.037145908456424,23.4929602875045,14,1,14.49
29.749224951669436,61.00903436212128,148.7178813042452,24.743801616447005,13.56085720394056,3,1,11.46
21.376807279651267,51.79248139977487,101.84231704920852,68.07111456771415,16.44611318376455,11,2,37.21
36.92630016017613,70.93466235011465,121.38445604530807,40.884113847662036,25.827914477360878,8,2,34.89
19.804950635939026,39.027262249685805,173.95371360278517,31.389773173812525,24.2509407053045,20,1,10.08
40.18438037811343,80.62868234295871,104.10542256183273,52.28100290315523,10.989855740962753,14,2,66.17
41.44931167059355,70.98775698182902,162.20433785844537,8.29147149522998,7.521954780061634,28,2,58.6
23.932975124880443,38.31725877571881,67.0219720073888,62.20838910779036,15.766490104506888,34,1,29.23
16.45486559435925,42.07413081734269,174.55926501588857,57.484617315267464,15.449394319450342,21,1,14.3
7.557650841536722,43.87364001010824,10.957449384982754,50.786329440731535,26.737879467461948,15,2,67.51
3.435907809231868,48.9287534570765,180.71186073945637,17.587541024530868,6.19539494789352,30,1,10.5
41.93857285990497,43.02501371362504,79.68153643280644,50.51846560079177,8.800682399819628,23,2,32.8
4.146666883525301,28.66675241272541,14.27340277787601,54.87990525967449,14.566986068502874,23,1,18.37
14.1076942917878,25.819668648211177,29.01788932782765,50.491186349502456,0.6747698890662146,17,1,23.89
22.71309303453066,50.0493386328465,197.236062321739,59.2103392674173,13.049405936641357,27,1,15.39
19.32783040530595,21.24028434205031,162.95840032717922,26.182328270826478,17.41254497340441,9,1,13.5
20.460810178321328,24.077463383013782,33.70411842875187,33.09859633883832,24.414777002961127,3,1,20.77
15.132652831775143,72.18517361193351,190.22244019525328,6.007787998864146,0.8545143164781455,25,1,24.96
19.062093903023086,51.2038178852577,34.46236745948992,8.7830714107097,17.36154031770714,16,1,11.61
12.182315487633108,57.689722002624165,54.23555714224069,68.25357886495213,13.915956642865426,33,0,7.56
14.022557932498977,62.80578062999899,154.43050096149292,66.85262503688061,7.833814332992311,25,2,48.57
9.72680307000603,92.76407932297045,110.3310497580913,33.97003591752727,29.534021192778482,19,2,56.44
29.34973527067109,91.21215738043713,199.3467540588763,27.32974097352941,17.97037911343837,29,2,34.7
26.1252720995268,48.79544172779442,53.74549389295817,47.12228113361567,4.039774841533706,13,0,7.91
7.206495824382898,84.84943354174187,98.68885585654772,41.40850176172762,17.08298049284564,11,1,13.85
26.15957808094784,39.83541181527476,25.994087323762514,36.012425060807516,12.220644348883496,30,1,28.08
32.46890237779496,66.75738450825207,128.87923245637313,51.5548846418652,8.77838182270396,18,1,18.76
15.351618359627784,94.58232519070725,7.6614933679322705,12.10248893797384,26.776270875956847,0,1,27.74
3.577412231965319,52.19900321406325,150.8942950004474,42.191670351102175,28.076138758933737,3,1,16.65
42.60305270476301,58.796507582594494,14.879524874389706,58.885156355188485,26.055194120561733,5,2,47.9
13.050395327712588,23.91387933475708,2.0467712817515027,2.084406791433291,0.25049212541308985,34,0,3.16
44.43225354973556,42.95045789067074,25.48415667187982,39.50772190799469,25.73872366192525,18,2,41.84
43.93764421149199,72.83041581219314,142.4383456506408,7.270004293046481,21.96295109468075,8,2,56.39
29.587522709299293,81.36590010278474,1.1304209682369448,71.42778614456185,5.486813169875977,29,2,64.88
22.502194627716477,29.94366351358844,79.01526507763852,13.165185017699681,10.90883246313471,10,0,9.94
26.851838856457245,59.555171537754376,32.076826768734264,51.65517230822689,21.068958589136724,3,1,16.0
37.107515790824,36.649628376423166,68.57374790548299,55.791569919128186,17.11373745863583,7,2,47.21
20.7631013550553,79.2434001277134,163.58292520933296,21.26943480103947,10.19143631508253,26,0,2.48
21.524378872210615,80.09074251827218,154.33362126214917,66.24643996726753,15.996019931071206,22,2,53.55
38.2770470307254,39.584513552109186,19.540642220214988,44.539138506696816,13.04071177990758,0,1,20.53
3.3144397959480862,92.74185064113225,184.94179840911409,67.37181662460826,10.95010486751155,19,2,68.17
35.980512463749335,50.54986923856943,112.86784463643468,57.19324190649031,8.190359866200952,14,2,63.12
36.791438323390985,90.38465398435017,157.86008982163003,9.80890388073122,2.438373145226632,1,1,22.57
32.80386936990388,54.08073134610979,94.83203490362506,33.95218572129593,0.9976382163782427,29,1,13.09
20.346981166479605,67.61856764840482,171.2598653432234,35.57859271428937,6.500599311161781,32,0,1.0
6.777179980377592,38.28793247719553,59.575266304558674,40.56715999977894,11.938718318873077,8,0,1.5
23.46609465193047,45.27235908851223,59.16267255027194,5.292507651182875,26.871575242440045,24,0,2.09
30.511711112555258,59.505912185370484,19.191150989317983,29.24360572303659,28.719505538716565,23,1,24.61
6.381297778146025,51.10732692846494,171.31438047186714,52.11329315249253,26.516767126233148,36,1,12.61
4.064099013095559,62.530997793014826,48.57724732495781,53.00843035687896,20.587498075725218,26,1,13.54
14.729055715386245,85.31688428508545,0.8254309349207789,2.0032737162015577,13.976139260891053,29,1,23.8
37.0700750301174,71.45548665670395,88.00126371987054,27.619863676061403,23.149948148181068,16,2,58.18
22.82674479770137,26.812863579606063,25.787461083963436,17.63210299001668,25.785831157424692,9,0,8.44
16.074467119676576,30.21023302628835,31.27472250666139,49.397704101408316,0.5919628700521584,12,0,8.6
38.392997534256196,70.88476618078704,190.8031608238374,37.036840593437965,27.414443950086376,2,2,63.89
27.332002784589474,87.35881877026709,158.6144066646915,39.575897218731946,12.664654947824403,22,1,18.88
39.5494896668768,47.96527480106454,168.3076935382674,31.322366323569568,12.04007829298278,1,1,23.91
13.826731134451535,30.637162151575616,0.7490189422569626,38.54926017641575,3.2147009078077025,20,0,6.3
33.12867486130182,50.884080440581755,3.819855968342978,2.9378423965088243,20.544110869375686,5,1,24.15
2.199712772654517,85.52514917384985,61.46503619754991,67.60910335967671,9.508358659067564,6,1,11.6
32.95953693440714,26.372737807418694,21.302327406360288,9.605437510875797,27.13130500982978,4,1,25.83
43.272878400151704,44.68525291670602,177.18473408336064,61.10421325641892,6.320411919826885,12,2,32.91
5.045032159587874,50.01643216541084,115.3844277199287,61.62656253702363,29.227275765652095,1,2,32.42
26.302450017629308,53.591850863334734,61.85377575843793,36.4214947408128,10.160388133710928,1,1,20.88
4.099347802790909,41.93555249176681,157.25646145804507,54.2996034610358,6.265212492683761,26,0,6.78
36.06846799322879,21.80995840194152,122.08237215211422,52.743048875151125,29.80158336086007,31,2,39.27
24.496871903283285,87.43589663337623,145.32160423625498,36.94658517804738,12.107684122954428,17,2,39.05
26.270999191113972,91.422603845083,158.59873027850227,41.87709630999533,19.404169810472908,26,2,47.13
19.260076001445853,62.11434490798588,127.3915236041599,70.03264620274538,2.0479759756650298,11,1,14.92
19.385434542449627,85.6496811978431,37.87124553613302,39.672762960561215,0.7188415537280946,8,1,21.62
25.812392191767675,45.99803239723946,40.30282508482168,58.240221896450024,1.6158634336528943,6,0,4.96
29.270173307611213,77.94010970949736,64.93579126756022,53.44710418267752,25.869097080791967,8,2,43.6
33.93742714182273,69.45493099290286,81.37282150785995,19.231252845914003,29.38352289338471,16,2,42.07
34.6340737904313,42.28104124084987,85.31057084832794,13.795671345458405,3.3315733313432805,33,0,3.41
40.5100771696208,37.735528802472984,69.08404003535973,54.334499719347605,12.736837146196713,6,2,65.11
21.515689994457247,64.62262680061028,194.78811671465144,23.91962987210224,27.694316631505732,10,1,29.78
21.93099365541769,66.00428210477037,54.50623380804136,20.103430812069863,3.406636315304815,23,0,4.13
28.142760206720986,27.693842024826562,170.44730499518218,43.49778532978975,28.82566730354339,27,2,37.01
21.48574000511614,31.718308568893757,191.50544556216934,56.17977822014924,22.101672795041896,0,2,46.93
7.935187184329561,70.50436843368732,119.22761233930697,21.554183067142954,0.40979650305876025,6,0,4.53
18.203243064362745,67.11369533827664,109.4474855758567,17.029075644323687,10.314674737762573,9,0,8.75
21.203769957990954,40.753999815672444,20.869322665112122,5.873837421673066,10.426749819348059,4,0,8.54
20.259690766289133,49.396710510661414,102.67880184170312,58.38548986288303,16.609356539977046,12,2,50.74
5.125332701154871,73.55911455517293,140.5701646792065,44.404117898538296,15.307879386619476,36,1,21.87
42.47413975963885,64.15958968851722,62.23848887087531,32.652109338288746,24.17054366630677,5,2,41.71
43.68733127836909,57.69252325920482,35.124956265767636,47.59150939086125,29.263148695607118,25,2,64.47
26.99758632808884,46.387017281510865,46.51892739277008,44.607333503148354,15.270065506102146,8,1,29.66
23.143640660073096,29.580707265701683,0.9944970644698348,48.967928113509565,16.497251613814846,8,1,13.38
10.42108740145205,56.393994094492015,156.95486423255787,35.212956218359885,10.064298316826093,5,0,5.95
11.872254282378202,33.18574125579427,64.51567890066711,5.330031132893708,0.9872256894291498,11,0,6.57
34.77826339496415,22.936290820780847,187.19462164189352,7.297156312879826,20.220689831807807,16,1,27.6
5.53862226377297,66.25430845250551,1.8219887764403309,55.985585758477484,19.517549599383702,5,2,44.99
36.29202604165974,64.68556492924773,62.90921952067152,40.61937277694065,16.005257584035405,29,2,69.27
34.82579917297846,27.482225302860016,155.36627388965772,27.056309207516097,1.1817048866906,14,1,22.21
26.502495525281752,32.5716478066551,167.55148907006787,69.19291783541688,1.2266129247200863,7,0,8.96
27.863257337891916,70.3732191091209,77.832923302696,35.378663949243325,29.696024521136803,6,1,18.36
27.709052263591758,78.51256416688419,67.79661786763415,27.647090191523993,26.637055149849623,3,1,22.49
22.201489255000222,39.23137771815655,178.24588820629347,35.61135840023086,17.975269056317334,31,1,17.66
15.402380044376336,43.084456666094354,57.801266946892696,34.00047023292178,29.675376998034995,23,1,16.56
9.413034161833464,73.97479441975337,122.89620164059647,49.09677187655539,10.53658892002709,31,2,57.37
2.5326978418615007,49.954651103266315,92.0853644733203,65.34866195439622,26.81963021271742,14,2,65.4
27.2567715166719,35.07305245934297,158.01482539265496,56.534763696409726,3.378214471179354,21,1,13.89
6.454966391490737,29.644010969845503,18.282875353938223,13.243761263756541,20.65463373934678,22,0,4.68
36.108876165752854,31.26152331379064,131.94630645215142,23.635798688825098,10.236062171764605,33,1,19.34
8.704495915501564,79.24612023252789,12.847049611484174,14.374852437560756,19.684491435094962,32,1,15.05
25.09619217632982,35.867960486697676,162.23125231750112,55.8150201179119,4.358751358973448,33,1,25.5
29.22359337686246,23.765984109317955,121.73775210586359,11.4146880700434,24.91749975343354,19,1,15.63
4.156192992087838,49.74565995007586,74.00070811500628,20.863226758842885,27.35262996004431,26,0,1.58
31.810800378574893,66.86871966395596,2.944778372266299,53.98586593980031,2.7460535244841724,34,1,21.03
34.49552666717289,53.85020245544665,191.70325500052115,19.147802544283504,20.482315188811235,27,1,23.27
7.519506354493507,48.638359919256175,117.09690183419575,53.20176987106119,0.11148300815951973,11,0,5.84
24.706512141361358,50.842052197374535,53.75941923339551,71.906941451652,2.1513156265479805,16,1,14.35
7.279965781881604,62.39770185953378,54.019150456729115,28.55653581023968,12.022453429427337,4,0,1.01
26.644500700720283,78.57308005385393,73.33343557492663,70.41956312670804,13.032604143549884,33,1,19.32
21.019949344747037,61.73143483341121,103.522095482565,61.90243289383524,19.554003101432013,32,1,11.26
2.6712567570823573,43.87230393750018,73.60429388784513,27.35460449170956,29.380500729716783,9,0,3.39
28.41963040063813,88.49342146162371,46.39369043155717,9.161408030196455,0.18262592926770016,11,1,29.97
39.704919070125385,78.62916994909698,3.083033215307851,58.9055243586831,9.01580271715488,19,2,39.05
33.38637206904084,85.33536126216164,194.0129074040328,66.75189147516713,23.922537264997462,14,2,61.26
12.526785340721736,36.32494070494537,27.339014897807257,39.920134302999536,18.162011158600325,6,1,23.6
38.944411547507144,70.83203707720034,109.20921467162317,29.167119623739698,12.924521723613774,28,2,48.2
37.695972797896104,83.98335418677772,43.95006003337589,5.131212266051925,22.164823120535385,14,2,45.74
38.12036545373195,63.63354581942909,64.68547106444305,37.41051717330936,20.991190672497563,34,1,22.42
44.663383721281605,69.16954634336294,108.41930183966375,55.233142778978916,25.202314790631725,19,2,30.66
30.160927991066735,48.181951085297214,196.4965302122214,48.076442673635164,28.696467261876194,4,2,64.56
18.08547213339274,40.28255899866409,59.39897822788329,26.269444154116385,29.665128983402806,23,1,11.43
20.28825046294959,65.30540754492978,10.90793213503014,60.71802073503359,19.445041469386304,20,1,10.32
37.62548762220358,93.541845568197,64.85151740327262,17.356352370342012,9.926006911371845,17,2,43.32
15.476439143405923,31.20739266065143,116.03527395930678,47.8162085630088,21.634075607971305,26,1,11.78
28.519737464720823,66.94251746929942,59.25396719089389,30.18283202658257,23.978700177126438,4,1,19.4
39.028600450925595,56.48193762695538,26.89140815341289,21.192466845365505,19.872899202640554,30,2,51.24
26.993162828742012,78.88191529437427,58.76739112439211,54.54880516730246,11.47505192057203,10,1,23.45
18.58649009969283,78.43281405039849,144.95786023908707,4.7561230763353075,17.44524928872217,2,1,29.35
6.7181234536261645,29.131399823575883,118.8947709825238,25.159575953382607,1.0471757721932784,7,0,4.49
5.675072463961697,48.59829799640585,168.3916908836697,65.34309200181869,2.156683638000402,36,1,23.69
42.76043439418337,73.76279050504269,176.2933529759112,46.16698528414684,11.629797016763971,2,2,33.01
31.90545098013033,52.88216690083855,110.4430136109259,40.372779205002765,8.321274399999043,6,1,19.42
7.441922748752244,48.92154480395689,106.06655121392686,43.31663204751676,28.074029281638627,35,1,13.04
3.504246997246702,39.58000999214969,55.74146912414173,65.51926336083521,19.47728198513912,2,1,12.71
29.108135171263697,75.15605191302524,171.92878211307922,67.75551338264638,6.051136721593253,23,1,14.81
22.598020459194476,64.9468686665106,15.769806114125085,21.01360374721531,9.660966179264612,8,0,3.51
11.259212683735454,74.14321804942281,162.1331546967025,29.950669702890952,22.39257698532315,36,1,23.57
8.810039882755609,23.90283782709203,48.191932456256104,49.41106837870057,2.557746739105818,7,0,8.7
18.968012921433342,33.48833351266559,57.019899876598814,33.03619689378191,8.719509880961052,25,1,24.72
25.186912675468776,79.53251052723155,53.24565726349364,43.63534300875924,20.067003168558532,30,2,47.83
6.622441395705451,84.67244127305929,31.861496450387182,35.09608654577935,6.552693859891788,19,1,21.17
39.122051138340346,69.48599902160448,144.24102499238873,11.2721712818483,26.49497033926853,36,1,14.46
34.15439544570033,49.80904442502701,42.084096748303644,37.77086269276864,27.64192764000589,34,1,13.46
20.369730173118885,64.36465980165298,146.8128070046216,37.318735633282806,24.41951923719926,14,1,22.3
18.777340756684094,41.31018981540488,146.58445192611384,8.27269204341281,22.561781053511048,19,0,2.82
39.712172664250396,33.572979798350175,159.4518051296215,33.17409571340235,9.848168806744537,34,1,13.35
20.774426174674232,26.931582533988397,183.19009410246886,56.16225661091659,1.6913457387165731,9,1,11.67
26.091613250669837,26.35071164320174,180.74915412178834,65.35889547137947,20.946989694393903,11,2,62.46
26.497437574507128,42.95443986621319,43.559823023284316,23.894801575783436,18.85486290267186,16,1,15.17
33.56845242762325,91.31541534690709,16.694388908280967,0.9028853300921835,0.8939929118874979,1,1,25.26
25.4452845132876,58.727473891140264,18.954178318403912,23.493560892019502,0.5830546554690597,16,0,8.31
9.44775612267622,24.080759581263347,131.33139132456904,60.346057399922884,11.19946219097823,32,1,14.27
8.481690700340241,66.54193965642489,83.97391817406137,44.34975929919575,22.850247161825507,0,1,22.55
15.29960174009029,32.119062631855115,164.5961250628581,42.44114213964599,18.39117769417157,0,1,16.86
20.033763032640742,33.37061062415306,184.88601835685245,55.00579146111927,14.440674963235567,28,2,65.89
2.00510173116655,21.37395069526578,77.91062712521905,49.93151529574561,20.851181294922117,19,1,23.82
14.58715082711019,33.07675307381537,158.31478178600557,68.8121127793459,12.409342645361946,33,1,26.48
30.983125702423706,52.62381343778472,111.74468164251049,4.650313096823023,20.887904259015993,26,1,26.34
27.48920887108388,87.21483487095466,21.757321776912164,34.313354184190906,22.51059367225028,22,1,12.01
4.386101006055609,20.189566237393173,20.23021158368572,57.145925061727304,28.842939371500115,35,1,20.25
25.69434816524675,30.84911765052326,122.24286623976602,67.22799473203105,5.870956179091188,31,2,30.94
27.819594552831244,27.530085753170084,189.3542962872042,6.080541280592277,18.760692049009233,5,1,21.13
41.510638204133116,50.04465305789543,38.468631295004286,19.85667721101281,25.62002470489107,27,1,19.1
35.81076605870034,60.7080126619853,191.35936490172614,11.500278958760292,14.354725796856552,14,1,19.84
39.70446392481263,59.56358899164086,66.84305867415196,15.36401731850729,24.009745782194678,6,1,19.36
16.372594088756646,91.98825700538889,104.01798752116687,29.149998608892584,15.642661270449716,17,2,43.6
27.152253088579055,69.89030776108004,142.54360059170992,63.56211273977827,11.135223620673392,20,1,29.17
25.8030281350022,88.04492846111133,124.91704903023498,22.145150469064063,8.882838507401134,30,1,27.33
23.008129905148188,28.5453637345989,16.790332299956766,24.778886457792304,9.325384665521797,14,1,25.67
19.693842621123814,73.63260040718504,97.40307834005459,30.91142360974237,12.765013462409128,9,1,17.9
16.557008311977363,34.74505976111677,172.1377701147979,10.984103274472082,27.25832213398816,9,0,9.09
35.81131076654203,86.75791050820281,110.5494895193407,69.68676713039582,29.884404928000155,25,2,63.98
38.07037868101412,48.19121402487474,106.43399217123618,67.85017486074544,20.437668905606245,34,2,58.46
12.686089496524966,65.99309043495037,80.07877087673046,1.3476534645324405,3.759026892183276,1,0,6.08
25.79334791417913,25.540281343060073,57.181258078995725,26.719668324295437,18.651515556115278,30,1,20.6
32.333605914988325,79.78076049220672,136.33512967181468,15.271121520340344,3.3145146019805596,27,1,23.91
10.139163193634577,65.2508723983815,6.264357044431956,8.9969981091681,9.356704494132735,12,0,2.09
43.85021196464767,86.98540387845752,68.48656167647536,71.87114836908181,0.10513990593174816,14,2,62.95
29.842833568253205,30.2274240388431,117.87618760183476,41.09492762189722,29.130155509189258,17,2,67.82
39.33038280193012,29.681799629622947,126.5864357087978,51.98558848847716,4.825604944478576,21,2,32.1
41.60981523916701,32.87983721764019,13.0539984900655,32.222991275365345,25.518546255818148,29,2,44.22
2.263531834488274,54.810139039904904,4.9312111413785775,65.47153279065776,15.552226342037276,1,1,12.21
42.43007029353424,71.96818636760607,173.52377323782648,26.701650213308547,1.2964109864999496,0,2,30.69
17.85312922551322,20.756780376641114,137.83144634490165,70.60863173824183,28.968771685127777,19,1,13.62
11.280981029600701,83.49830482495088,82.946527274028,3.084915228702177,9.642638334350119,14,1,29.2
19.81390444636495,93.28871799462469,116.42427416396721,62.481461170141294,28.598771890988697,21,2,51.96
20.600693395144077,39.15242198902249,176.88359496892753,8.547647276634377,20.39221673569112,21,0,5.28
3.8215630739696276,70.54583368047676,107.46696496861554,32.256310458738554,19.03319823505057,8,1,18.55
43.00360562491183,82.97183718961705,85.20016210048189,46.59725390375412,5.312127657478193,8,2,69.25
41.692690227295465,62.37562119896234,65.85476782801751,10.533078409897037,11.135767084379818,25,2,45.4
26.82860627663414,51.336638962783965,33.16124720605846,11.510141304838161,21.22385970665564,35,0,3.1
28.229204191022276,62.035511163012636,182.93914870424294,48.7225366027311,12.111990123147905,14,2,37.24
13.689375161320699,93.43504381382937,54.08368208044874,50.028575606756036,7.6036108161109395,35,1,13.83
22.811602264299218,72.63968201181619,45.43825063644322,0.7932537057569459,10.28805347510116,25,1,23.9
10.280772185914135,46.706725531606025,33.96788666024959,8.100866223876025,27.202271177176616,22,0,2.48
4.2398350823770805,46.41038626701827,85.72956815574304,59.430508176701196,22.986684540121384,23,1,21.31
18.650367854405804,88.1780705985677,193.906508307004,12.915210852716957,6.690379242356341,0,0,1.82
22.608871452637196,74.6533013817334,113.37984700636355,14.544881498700933,19.64433900091073,23,1,28.65
3.8660578487102297,24.981230336107622,110.365644844717,8.003151393448388,0.67040365280572,6,0,6.08
41.76994506051077,83.58187235980822,75.32797035943915,41.53487308965777,0.8152210888176437,22,1,24.21
42.32612950500017,20.32113183770777,177.08775287246115,5.254091854995806,28.59139758479535,3,1,17.64
6.827728608143112,74.50554239219898,188.8664471496583,44.16851738923313,21.47550046580433,26,1,15.26
14.91676157027876,52.546746926745,16.583504142558915,7.805321097044025,14.106911609961454,3,0,3.38
8.031490178744264,60.32363479907594,118.62119102243291,39.359496226167316,2.971693026479639,14,0,1.46
41.04239689640517,24.387592465597685,117.66276909829436,40.66551485692389,19.81059985628054,25,2,59.03
33.57138859974136,76.81117435550892,83.8400014541469,21.756992844633213,14.116244581379258,28,1,10.92
41.96198656171264,45.20272481206989,13.421692305270327,30.645808401436238,11.830324297005212,25,2,47.24
17.644476754301984,25.45129332519673,113.76374635329898,40.44572324151221,25.499273013287866,10,2,50.33
33.93185682590136,46.729512589871774,116.35710523890508,7.617684753385067,9.192350020618395,2,1,14.63
29.007589492571725,83.02521786658124,29.660346961549422,61.6565333166155,20.25431563331545,18,2,37.59
5.384483437130305,56.47625863321215,41.951703002267,14.735392176009986,28.219360300815712,11,0,7.27
44.22246473356081,78.79373822594022,179.4408261863583,31.871498776591526,7.022286119523456,20,2,58.64
15.381830451117242,83.75298912448952,120.63776468090374,10.916300704049839,21.794146304874946,11,1,18.66
12.187898044980837,72.02261305457361,195.02038022004007,69.30288130090112,7.047875790874299,23,1,12.97
19.14127639835798,45.438021500168304,87.25377222311255,45.73563714801558,3.633840809932595,16,0,5.57
20.978483383481723,45.397977101485125,58.69571547180288,15.620127883556878,7.9723912855998424,7,0,4.12
10.015795428152053,76.00778334645719,65.09379773532453,48.27894671388008,21.50652526791832,30,2,68.35
10.031424185351012,60.73387288979439,197.28530922870596,31.415343098374656,19.256193263863093,18,1,12.75
38.558273208395924,89.92292620586599,120.24721159178102,10.75457308162597,27.04414751842965,25,2,44.12
21.233536214523006,79.26243619482122,160.4288756204969,51.955337739385165,0.6638602326474485,25,2,59.9
24.898139399530365,28.568633994354222,109.85500162564972,0.5953552235916291,9.715488922375345,33,0,9.74
15.465929143073698,62.75774686604771,129.68488367415648,48.97664518546099,26.476479433930443,15,2,40.49
25.264302429700894,89.54492244735569,186.38053688412066,37.159708876758984,9.172784614305133,3,1,13.73
11.791510667681472,27.41783349027883,86.68256878502336,9.517299058241278,13.118880515006701,3,0,7.15
26.570689900902074,53.55348669785506,131.82598252463214,4.116152974649241,14.799006487168775,10,0,3.94
21.75069571924118,70.96304936962868,130.37708477659905,3.26458767210265,5.502488855273292,21,0,9.45
41.613670378090866,42.96114881889311,49.5421943558094,27.97746341057718,1.6602599565135856,28,2,69.37
25.863939398659568,42.146147786221235,39.53957770871612,26.53049533346119,20.00908588644619,2,1,28.68
2.8746557359068423,74.34735026745452,7.110375509811018,71.81275056718763,26.179100630735935,16,2,40.3
19.461280571782435,85.48695193920535,6.432494995410054,64.55283816837547,19.5624804863923,36,2,30.1
25.099838924610893,78.94001425294138,111.17421927930104,61.78244905352982,6.978944592289151,28,2,37.17
29.28148500949093,77.30416923893287,16.761686697432854,11.991164319742651,21.9961441485893,5,1,18.92
28.116324489542983,33.88737840621519,125.38325586277912,12.926618285169637,1.914781041291408,12,0,3.08
42.3352094766721,74.2999905589672,110.19784889924466,55.58453056511509,11.126709367152753,32,2,46.43
30.32989211543004,47.40545981761676,94.08644953264826,19.558333612481515,10.346213510796293,30,1,27.66
42.91352187266152,67.79598575923157,157.54037653978955,50.53348660892284,6.167151760452199,32,2,59.05
39.796669233621955,76.60118906511059,186.69455838951157,16.239253589757137,25.09107879030259,4,2,64.79
16.899287716603475,78.07989027629418,52.491260596978066,23.99433965650592,3.2371715166892843,9,0,3.62
20.106070122326255,35.171595640440344,77.60552366830285,35.6527426329704,8.857411635387573,20,0,4.55
34.153070300103,88.46719852296755,150.98634661444765,16.73953513981839,26.64923242313116,17,2,53.05
10.100974998221165,78.83826017581649,119.2325595821355,64.373927390674,5.159112055306289,25,2,63.31
6.8246587709226425,94.2923909567551,56.07883571807011,70.25133835126266,5.4759465302602175,10,1,25.06
26.98826319694939,59.74243818537557,168.68808873294805,17.29882224258758,13.274127809805552,23,0,6.36
16.355208766765593,55.34380374676461,5.354117140625569,7.073562418339892,20.57787662124659,24,0,8.78
3.47628335914269,93.69231504390704,173.02986695427427,41.94422107068242,3.3388698827119945,7,1,15.59
12.204508918474316,52.81983078153452,171.21906644727673,12.470740763856963,7.966068168412863,18,0,7.41
19.386192551944315,78.85513355645745,162.97340299308925,66.8042819849418,21.08383079454007,24,1,20.11
29.817918667224614,61.572140863156754,133.36725615225862,67.00504956721308,20.618298351612946,3,2,37.95
42.666732254298644,76.06809770405827,146.1085262993158,3.8142587645509867,16.490090070110732,35,2,67.11
43.87347969116895,22.934360361478987,189.23950529600634,71.8151676821459,28.272873280364614,25,2,58.05
14.127821255955858,61.08030832432055,16.64354054801409,65.94050970819923,12.127881451954593,35,1,16.06
12.825653621454267,48.11392045976034,159.98940971697638,60.14926850633979,9.125474328855484,29,2,64.95
41.74799799347843,69.62905042945464,177.3245300032783,51.7862837251458,3.938606132479178,1,2,66.0
16.92220508900235,60.36895597585742,162.25777078920797,15.975680463934513,24.08789524122829,1,1,13.78
5.908652763405557,58.60755305565822,12.775156772377683,25.983876643781812,18.03230397019178,18,1,18.09
43.01748774760284,37.273600654238415,50.60844116397924,67.69700040152209,11.877334522880506,6,2,54.49
30.10317554419507,69.167442571773,118.48863708181526,7.625748976740171,29.85515467122113,10,1,22.77
7.728750163327192,35.3198568749754,153.3423348841435,21.61945577460405,0.6416654002523936,28,1,13.39
3.22957804945602,88.16667536368338,164.31831482351606,70.03968682742024,1.7471334813203476,10,2,34.21
25.865390718418602,38.25905089788243,10.436998393272567,67.65452573624128,5.6009695463151825,5,1,19.45
10.554837515895594,75.76318641078923,177.01517250858964,41.932461834600154,7.405467158947539,16,1,27.71
44.99211893259515,60.01098112019986,165.31115935721957,71.30286555636576,11.240186695259467,20,2,34.57
27.892635163437532,54.044972130724275,81.58707421085927,36.05305183355377,1.2131649363798402,35,0,9.98
7.176467485308649,30.76830975864464,132.20541164687342,47.79301994923039,25.43772486835233,8,1,18.99
11.54237177667201,70.55172099512245,20.884489231781632,32.96543333772173,14.782812719972702,25,1,13.71
16.514961903099348,57.444925598656276,134.93616831570387,69.7288113321212,4.324897805229847,1,1,15.68
25.509688763306325,61.77113139711972,144.67172234376258,27.79071386105321,9.57299889710567,8,1,14.4
31.574240528455707,55.34275154687358,175.2704226054383,32.231331130050606,8.547258691252953,3,1,27.23
44.906965040537145,87.50221779010383,185.2124129035285,57.571573540691844,18.465085601474975,13,2,54.89
21.484862253575486,43.642897130076584,188.24390574913147,61.24051313277648,25.31005126258323,13,2,61.58
18.755204332236847,20.04795956454012,93.3321763440347,35.28951787796759,25.89392747517192,22,1,17.27
29.153363386708257,26.424814553522967,189.37347949919297,21.358257933395805,6.793940750321847,13,0,9.51
39.20227380016012,52.265202235097746,116.25859510112969,54.65954538707821,7.981557673180345,4,2,69.17
19.758658588294168,31.350594401864978,157.0663382277568,9.226844346314094,5.680012604912115,29,0,6.01
40.65802027017476,27.665848619046688,28.571685773298494,62.134332689262656,11.968133126182378,17,2,50.43
44.590026478647786,80.57447011810851,37.63683383358911,15.656678737147187,10.20675724567176,31,2,68.26
10.87054804811163,30.196098602915114,84.92748127807015,10.191182435994829,12.474492377856786,34,0,6.91
5.47739907078056,69.26167298856575,130.76093187686612,7.287638683941694,9.565554268097472,22,0,7.11
7.620973714854145,44.43027668378245,115.45601379409682,48.86185421270306,22.90497226295116,23,1,12.92
6.119630298836073,57.120690642647666,163.85420562871965,55.87704360440586,28.130977985822756,0,1,17.51
39.01741531285089,56.62659652109003,5.3695868831332705,51.11945508894535,11.660942934798078,5,2,65.75
36.528656768287576,85.94925686522899,187.53642043189404,29.49476259705282,17.06307307568632,2,2,57.89
11.27451149812444,39.173152198158135,59.40404576216327,55.45047393631624,12.828194623260893,34,1,25.7
33.88917985956355,72.00693815122051,50.160826500179276,18.57761549630903,18.865817560335067,26,1,27.53
10.576722633018854,39.68822306844493,149.11686764457158,70.40324181548282,17.845665043890687,27,2,30.36
27.659146505012124,49.173732620032936,177.95156299463076,22.091706785629963,12.961530825121423,14,0,3.46
21.974944140298177,51.811670683926266,169.95060978686652,22.80645571782474,24.52396033532883,2,0,2.65
7.216102296302036,33.16335893491221,49.43494891890352,70.12299730943418,11.91457499828761,17,1,14.83
3.493912274660058,55.155014511609515,79.73185750368242,10.286942857965679,20.62804286762201,34,0,4.56
43.407965521672885,82.36512293351564,92.71044466053715,53.230498138884236,3.8440512075157205,22,2,41.16
3.0975253159558678,74.54484939445624,166.20241209713384,9.438478843280398,4.063758447277088,31,1,28.44
27.086863716185334,93.87573108720846,19.250116647545124,20.92979714245336,26.083773496136626,36,1,27.52
19.55547127883631,43.22604232635919,59.42343162556838,22.36488464513773,26.54409242880587,35,0,7.03
2.6136587862367175,87.7926504712791,8.868842512467845,23.554550863389498,17.0752437358922,4,1,23.09
41.01162397024644,39.79750525516944,56.19544677590269,30.026132071174636,4.1831498144992185,0,1,23.3
12.900766123775629,88.92344941252989,133.98852267275325,1.4612491448142622,6.138764176770596,7,1,25.29
33.14235383297674,87.15527934186917,152.13650270780775,3.9494548042627313,11.14869031073303,26,1,17.72
36.98599884958815,66.39477211258261,167.6298330752714,37.37513746874421,11.309797060999045,28,2,31.45
11.92516476307461,83.65522458154759,27.83932268337712,41.98565590387364,26.643237570344162,1,2,59.86
16.39026334635355,48.434293302891625,186.82928300922248,15.730435508329185,3.112482737260549,3,0,7.71
19.879203892891475,92.35643996238728,146.99928765891465,4.923091843405506,22.33894331562145,9,1,23.01
5.018454290531685,93.52415545458695,123.2583580508922,13.617694158772665,20.372072969309055,24,1,18.59
35.58282718421141,38.24771572584524,189.75934251173192,26.03676765470032,19.555948430015626,17,2,30.92
20.378850168071505,59.92990154201847,179.73861076043215,71.83527963427676,22.601643447595073,6,2,61.48
5.215680006240611,88.78815763430488,148.30802738952664,24.4876927266397,10.888163376760147,28,2,44.44
42.1405806982047,22.623640513711518,153.84624070828755,52.17500038019084,28.918602761648614,19,2,60.49
3.16035654234517,87.43415754953531,67.62131268583533,53.707852017435044,22.794207213009596,4,2,45.79
3.7285437240886923,77.14218441409297,19.917729665667782,28.867691194671522,3.108563629948997,32,0,5.95
18.300729091100642,20.71892301082959,56.76922966922731,9.02992001302959,3.084256852075619,22,0,6.34
17.53344014376345,84.65132870975125,84.86762795925513,65.97193152869208,14.938141601868187,14,2,60.02
30.03486969868731,56.52055349294362,158.08305006384205,66.0133648700625,11.651006330146426,2,2,50.03
44.179462311689775,89.87215275600796,147.38263972750318,50.120075492081334,10.105499908061299,34,2,52.95
2.830089918868266,92.40415277475722,29.85237939776124,59.089822848218674,8.277676592043093,10,2,38.67
23.23795773810229,58.50672002363561,32.7975943917741,33.63865778299275,18.169598154647904,27,1,19.77
40.191650146270455,38.36080550456756,114.8739448478028,55.438096977520935,8.66488289758826,18,2,50.96
21.317196623364378,52.40771730587211,110.38024369903448,60.075356653062286,24.07081652947434,36,1,28.68
29.286531866972155,70.43047201966817,135.97549744461764,19.47260877479045,9.910352752949759,19,1,13.99
38.430007965655705,56.89552869570175,164.50720378269435,29.52989633745767,29.54056661745717,21,2,68.64
22.36871868850012,76.65903569939434,176.05825260268603,69.4364244043874,9.736557180974991,18,1,14.21
28.114957467082217,20.01805023071767,161.09474693596496,24.110182075919433,9.606239524648712,1,1,22.61
10.04868018650508,80.04677423096115,194.43130190694998,15.855297097316752,5.607358943717278,29,1,24.96
6.69512684535113,33.36473200910946,8.261628384292962,58.360522124739695,16.55114257785705,3,1,12.53
26.19618623095591,93.09569081474312,137.77329688511122,64.49484173976961,20.981365971996635,10,2,41.62
35.66833993176925,42.25297168774247,112.55401416030632,18.32869022982919,24.50950142427208,9,1,26.59
20.14701333669655,27.952039246653413,187.6470644511265,3.666929521619633,22.49228269268454,27,0,5.21
8.067205246443788,29.44234824062938,90.55732733906848,37.3571710211914,4.001534806285196,1,1,15.16
6.900365198400548,69.26699259910134,55.997509890819465,2.5592979957073467,12.44492015666862,24,0,5.2
7.084241556229321,47.74748708044021,30.29654333077707,18.94527179455546,4.5804969745485655,25,0,7.59
25.10638321675572,55.19337094029048,102.2649087322253,45.99889095659454,19.800078137237985,5,1,12.81
2.421748932700983,38.56687967264817,20.799114062667122,55.52755668086617,9.603751487841336,30,2,63.3
39.01132805368764,21.156121883630576,21.447160353904703,7.119188794225061,21.37814052764199,33,1,19.93
15.36025151300436,85.28038774565749,34.0866403759992,25.70108908454565,23.225145000687874,0,1,23.46
42.08751707004119,85.72224803686137,63.876823366737035,42.42503610459111,2.3188047945139756,8,1,11.88
21.69502428294434,76.4271081798044,158.54009011226373,17.16186331454218,27.89403258923168,29,2,30.73
23.041225759842145,81.00074967838313,19.750593736337674,5.4758170888360915,4.608945611798,25,1,24.48
22.133735375983193,86.62443610269665,153.3395647666965,58.553870968079075,24.397869040519627,23,2,48.32
3.0236598601087494,23.866615494968848,191.74865938168745,20.316983889859927,26.20108318948256,12,0,2.07
8.729839660459628,38.741989615052354,97.70367078616525,50.65709989045352,29.591957294559,2,1,20.36
24.26284825549188,20.658106629643836,0.34496442196814137,7.483141746017789,3.046698102875365,18,0,2.84
17.04365181125754,77.16850737625361,116.54476812344983,11.168597079366554,25.12910966048617,1,1,19.32
40.20256332119613,83.84666294731362,86.67338973936698,54.74518275510484,2.927375087288083,3,2,60.13
24.068144312565163,51.906162070438754,178.11022975389312,31.214014245709695,16.01329181205113,6,1,15.99
14.80755048530242,91.23495150965023,30.333392071524056,6.360767597934573,12.948465521170474,11,1,19.47
32.90901346785226,36.89666688969082,33.25487367642166,60.19922974963377,10.758702210697464,35,1,10.56
35.12882574937407,81.59563829646271,139.75095777650836,49.99085094837756,15.187177997914738,21,2,59.71
40.4078833076862,67.74083664325431,137.86802312652088,48.23391692548073,13.483775795512235,16,2,32.79
44.052973132177605,72.78895138496344,166.27816821341582,3.3776515044565896,7.077603314201511,16,2,37.3
34.50258850067065,81.0227017851373,0.896338665105767,36.33813995750617,21.145085925520096,31,2,55.99
20.54161661712089,52.54818868402213,99.64233734244874,64.33738977782161,24.152865078722684,21,1,27.71
11.741815486630523,49.63618313732276,130.75793016734457,31.819272494114582,23.279217262496644,30,2,35.06
32.69950943255043,22.75952932229139,75.57712815454478,58.385063112396956,28.7582565013326,35,2,63.65
40.1380930416384,50.81323831106823,74.317168182507,21.72492045101893,4.572207601136441,29,1,12.65
15.186751103464006,92.11842282791869,115.69465020037714,71.11309787769959,11.174008434770197,0,2,42.98
44.25147629645528,80.57679650098785,141.96595845641295,48.91693699144594,17.61077645801288,19,2,46.88
31.942876112097075,77.84398342846617,158.49748443319592,7.083008268186531,1.6692231806321378,35,1,15.19
21.079566774416406,21.652940275072567,8.056251633254297,59.63945482293389,18.230326844661715,11,1,28.89
34.53978036413197,78.14264209684471,80.97943928783289,68.49495807702884,28.14763733145512,31,2,36.89
16.414317447518357,27.159700902487128,156.9998348847167,33.002720648627474,14.772323601461157,29,1,23.22
10.886936324930259,45.52486313294051,119.3758574672344,66.62836626348883,27.61129050964475,6,1,24.71
37.845125023594335,26.557452312023184,126.15099960815353,36.541358699066315,15.800680767790535,19,2,31.26
29.769867842201926,42.77402343032007,179.74522272210592,42.93645778614128,6.224319829694126,3,0,4.89
5.385534835329711,71.00460468109671,81.43301241782406,52.42514411872481,3.3017460131286445,24,1,18.87
37.591949155013346,67.39680990425217,111.39350675208968,10.043033819580621,8.623713405122489,25,2,55.33
35.08330329791642,73.01832613242428,8.027877633082037,39.58148984005299,2.648345789052283,22,1,27.95
16.94068327487954,67.13508873401001,8.579402198714337,12.71972823101556,12.982526073329987,11,0,4.52
15.870047175230539,51.83254166431843,29.11355173050023,59.926435957129854,10.460936860849099,3,1,27.88
43.12941936541524,86.50447873587419,33.8933417776879,34.33487463914451,29.138886822856364,18,2,44.86
27.88830793586294,67.62152847292168,8.556656196758826,71.99232566941103,10.917587304134265,1,1,27.05
44.37380752789539,45.53380216577043,62.39430848648415,65.27579749708084,17.552996956349585,17,2,65.56
4.132153732532096,60.79801842323595,103.01206915157391,49.94469709300383,2.325942348275176,34,1,12.79
39.89538432257035,62.03987041216223,75.91818275094685,3.9464603062773302,20.16820551605165,31,2,66.47
6.527592905005636,37.958007005029565,37.36980389065741,25.91550727827864,7.065516833746065,32,0,6.55
18.8002096795887,77.4559999338666,89.05895447504209,25.239172527517763,13.536162246371896,4,1,28.04
4.367062408751221,41.154518816341884,137.9086367315196,65.32784441335292,28.763947865722386,30,2,69.6
9.752704809961557,24.71736932051444,75.6710848125375,61.91316527994455,6.624747476334481,10,1,28.2
35.78195258438391,90.64329086386098,175.3977661947971,15.419735152578815,14.880896827606328,20,2,45.99
22.02060670803074,72.61726553671382,143.7203325684284,31.98568261597295,4.2738944426132575,12,0,7.96
8.499964202093741,65.86486959610804,47.892955906893356,62.51939409555658,9.812989962002378,10,1,21.96
22.335857102648994,83.49359569137833,67.0927902365295,38.06900076589525,20.390099197545677,13,2,36.96
15.233229214136271,29.481967036627104,152.16150828621542,61.33079735809376,7.710186966672968,2,1,19.97
30.35807735676903,23.120242501649102,144.2954165468034,4.930926999027834,14.048657030186035,22,1,19.02
16.953895899328998,70.98530532193489,52.607559817006624,31.022398743205365,11.60310704645046,33,1,27.68
38.65128479666186,45.65712543195693,67.05766341589413,70.9661443681938,15.654991454845494,28,2,38.79
10.715592710869378,28.388445784822466,128.0521443768454,71.31370972262727,26.375602339567685,12,1,18.46
7.791017173655846,83.5733859989032,118.54012756757986,67.087846510622,26.281173427932753,28,2,56.31
42.246885642561146,94.19048943485697,79.30784551289682,71.35059944780762,4.6777875652149445,19,2,33.56
14.583420314053551,51.80391389108692,102.1139499230573,13.482791849383732,28.926605995140932,30,1,20.44
31.119174041001774,72.33535238708063,107.18719862581425,63.79387237109884,7.560442010371574,10,2,61.11
27.264925285392778,70.94866549745025,28.1658334862229,32.22879551129398,9.76398300739927,28,1,26.66
10.261561069680264,70.0314538501659,114.90754290524117,23.040822402300336,15.388822447777176,31,1,27.27
29.465106579131255,59.91761357575235,153.68210862280685,54.692548381840865,18.535774621867677,27,2,43.37
23.17886658341537,68.04661617932665,82.80021033626662,21.86604697717975,28.520642044188854,36,0,4.12
3.2513624068879934,21.732475506818535,103.30249252491492,35.12409352044655,13.289746159689548,36,0,9.88
25.032161072430974,30.28273910557465,107.69519533254119,10.93108112355504,16.591135319688036,19,0,4.51
39.65349282810908,35.68895975606319,125.30926434953942,6.311557417429607,26.411088787773547,17,2,52.2
7.023893665659292,50.33602006251414,8.390030298010021,49.31680927980708,9.223487848840557,35,1,28.65
16.85419458963708,77.09535722190202,190.84627149528433,27.057527471241364,24.882006605968073,22,1,26.14
36.69546991056182,66.85967805003969,53.873709040538785,20.808523281530597,3.7200898387242765,2,1,13.46
2.516394012623358,60.5689859965474,114.73331950980194,65.86592846217805,15.180160043008126,11,1,19.43
36.729469339618475,92.48588413483891,127.19004609076896,56.42023762211361,15.984745839378306,25,2,69.52
40.4644134726472,34.249738190171335,68.68885665880198,44.36473318741654,2.870586219177188,16,2,40.04
13.796937604680338,72.39286138480496,30.570060790101184,8.223810334107977,16.046340226924666,36,0,1.96
26.6513262771046,31.327624437269456,62.2885048664598,57.716746296221125,15.696945835965955,28,2,34.11
40.31517652801299,64.52563057984264,161.18112940378037,31.06132158795532,3.4019498203472622,17,2,48.29
6.540056654890404,94.35513972872086,48.82736416138127,14.696496852902143,15.804087565678097,18,1,18.8
8.055226379753192,82.02459574287502,152.29713726601955,36.081641884813415,8.246142842764595,5,2,31.54
19.422830463441326,89.46705876543724,70.63088045650755,33.29911093031722,29.44624179132938,26,1,11.31
39.34400967213185,55.40583760100099,102.84143489545725,60.26015542767528,22.156784943473856,36,2,30.68
43.26934048921534,92.67260977414969,125.1283256405044,28.00688296536441,3.994593868688998,3,2,67.72
25.14016749350254,26.54955294188518,185.21626935738377,33.07558143136884,10.90001345748793,12,0,7.06
11.689487192536104,93.07156670094501,78.06798280239082,65.54104547005181,6.766619898108729,3,1,22.34
5.060602351138101,61.82785714300034,58.05949660880687,59.705930567303014,20.159636142069782,27,1,15.1
7.471813630710099,24.62496554805531,199.2158257813653,28.175988955013057,27.173855032039036,13,1,25.06
23.42796251487476,81.84618044718347,163.26687977901653,57.29107129143122,24.712032391156587,27,2,49.29
40.29160695596023,42.26688720495716,186.29917867780966,32.73189514588608,20.093610095322564,25,2,46.41
20.68790185487365,51.3302145883672,152.04112490583205,13.000839455834099,10.157579158247207,19,0,4.23
26.91444213672615,79.86281019633839,157.32261224358038,26.561818965238658,29.662812176827853,6,1,17.99
10.433992038556479,55.124323052641635,172.36562616492054,36.538717545456144,20.50358230263151,20,1,26.85
18.794698236476158,43.855740832109745,30.222036972956023,21.214831146118794,6.983168507256502,34,0,7.67
7.336165672716341,51.493066077385066,38.84658593911634,30.21250654681713,11.530170838755831,29,1,25.48
37.36281699669014,50.991700811882836,2.858154008140068,52.87609729502331,17.890792746581038,18,2,41.26
22.065277907858047,51.48790867663075,177.94274402487952,31.771332346726954,2.2603235271945223,3,0,9.28
26.276572720105786,25.554236337277736,96.35138182453528,64.54565632638835,5.645147875383715,8,0,4.57
2.3324014956350063,51.73350732468397,27.443446322013187,11.976852192569424,2.3073191620600397,12,0,7.44
14.552988756142156,60.888013042446495,55.466841209910854,39.89616275918567,3.441369665615496,33,0,3.62
16.01092389867825,78.63801433797408,49.23747149225059,48.388476520856486,9.711486414683016,28,2,56.95
4.824275933277543,38.680762412869385,114.36785797130833,1.809680315924341,7.519327653479389,36,0,3.25
7.46328976023417,57.68987631928063,112.25510297124244,24.64953694679135,2.1495184269445398,10,1,25.47
31.566045066530563,46.70794246392195,48.2220895370437,16.400987639110305,28.56521512368844,20,1,24.5
44.92556597677495,23.689174267401654,88.22871987381531,32.824686850912464,9.018957857450266,19,1,13.0
30.960061895066882,51.648662457992835,174.4819353753913,24.278251097101798,3.9804613968254845,22,1,23.48
35.05559611528851,85.81591569196048,20.756385635334375,28.017222768253326,23.283497952405018,11,2,43.29
12.767170496222533,86.62635327856565,151.12226636483442,52.61733351382263,10.396232092905732,20,2,55.52
17.521772607409687,30.923906829826738,66.46743604406447,33.05140083732555,16.002221254364773,36,1,20.92
9.314353586091306,43.70384713766532,177.7216980870903,40.57276162592061,17.501696111087163,11,1,20.98
19.141045350695226,76.87292851349699,130.17669702477392,13.212581207415285,1.5371862343927412,32,0,3.26
39.08835166774773,34.84799416512257,184.15347797170665,32.08844906664629,22.283725042491,27,2,40.27
23.670528532491918,35.23700287731567,13.510968691137414,12.757402619942342,29.531439378558098,21,0,8.81
32.559578821028325,82.2674273550628,127.02010749690533,65.20940171718868,20.939281420197613,32,2,37.25
35.24496293406693,27.495267992646465,176.2378473788618,22.250623046652766,19.63180094491724,33,1,17.33
19.45988809126234,70.80315100472592,145.5511434657169,49.330331165711115,27.1020072267907,8,1,11.72
39.74729847042607,92.99652874543867,60.50530824094253,50.086245535610296,0.267383525152467,32,2,57.57
8.162331559851259,53.40540714333761,71.01895327263796,35.93978609850882,26.109871036622827,24,1,11.68
22.285987499442413,75.78966086644988,28.00784625287043,48.45644608805394,7.089780528283738,34,1,10.34
5.95946120431565,37.980812970369385,20.003618004864453,49.97156690329868,0.8711970662765811,6,0,2.27
18.150224701486863,57.73029012168,15.462937376530906,49.284840594994876,10.545226320279061,32,0,3.5
16.727499699349906,25.763709639592566,78.58888787467197,48.3997334645346,14.096697241243188,33,1,12.38
11.094101975159058,61.601881463545595,25.16773810273383,32.476250391969046,17.097110899405273,19,1,17.31
21.651099303208447,50.010910046341934,118.57040097844431,35.62563543703505,9.104526256546823,5,1,23.39
22.032484343030042,24.32624634376578,37.28108281362221,40.57637448657508,25.985667457967423,21,1,11.4
22.409766100863205,61.86061200522067,89.18479199026854,5.468307969814689,14.5481709174829,27,0,3.35
37.569028712548835,70.29350381202016,178.87797073969816,4.5883452989140565,17.908918971493286,28,2,31.43
20.96449665136168,46.54030575861772,44.66300945480104,46.41582795444752,28.52734464443496,3,0,7.41
13.46636531069265,93.8649455258632,182.22715402601668,2.57298126742706,23.121858459196975,31,2,31.1
15.62201620326841,90.03081486708601,157.99630986253504,8.684216467179905,3.5965221475466103,31,1,11.63
44.97673988901529,73.26064119218961,152.33627119606365,67.59309858610355,3.4095378393505005,7,2,64.03
33.94375725588908,56.753189012718295,86.04570068041642,29.59964834849394,12.933194620366121,25,2,57.26
33.55597441883931,44.7700541242187,25.14298155693524,34.48826555807891,22.530715774152423,7,1,27.38
35.80296425553469,32.69356980821709,21.711071554529692,54.07426077927139,9.154749916118691,24,2,58.57
13.66247188635422,77.58110686598255,112.52029847971299,40.512468378349176,4.986459056107224,15,1,20.43
30.961210681300688,51.77676339953728,102.17047299275958,15.809311404024893,16.55346685182311,16,2,32.94
15.872997302181245,81.74372020096479,156.9978615324294,64.24800989400484,16.887936945153477,29,2,54.24
29.38665580311565,59.137060577288366,86.81527883938391,14.226248668935506,14.646580775977156,7,0,8.16
9.643387755468064,60.98160681604541,23.945502799978758,67.29790553665794,8.75265505711755,20,1,15.66
25.195340126778163,84.55265244066125,19.521999645941502,17.691857802827514,12.196149416610393,13,1,28.78
43.775404164532716,54.86461453471803,193.9519942517703,14.555964988126506,27.13915281344848,14,1,20.91
24.57877735529511,61.50836239607742,77.80627081354218,71.8711460523558,29.295215709018773,34,1,29.58
20.86232342950546,21.300944514028846,198.79954668273422,39.36312699773582,14.208922664538285,5,1,13.12
36.74463420969969,39.56233100187566,159.84542125830538,19.91464402795793,0.9956289067500446,4,1,13.93
28.25660539844322,92.51391741834729,134.1468986615365,26.43014468942195,28.072589144146047,32,2,35.13
37.7873040967164,63.036805189170515,93.20070287060258,46.01983402814905,8.938722868750773,4,1,22.33
36.191804866763576,50.702984519612514,79.1850814347258,68.72794776330618,27.50043975240982,27,2,61.23
19.504653831061553,68.79310933320096,71.22783240299364,69.40938697087509,28.084409597955904,16,2,66.81
25.204833582539163,26.541810413129205,147.75945796988296,29.222231639053813,14.411912646069606,10,1,16.89
37.818902916294974,72.32261171244981,138.27728904300372,23.79724503141742,23.568053772690675,20,2,38.74
17.006574644608776,82.38820794385752,63.68627321546199,45.74310799557635,29.507723759529952,28,2,36.41
27.954882569513217,89.84185693841735,170.07255753157008,5.338657871045811,29.801696362172045,35,1,13.25
14.426264882397383,75.4061021776717,5.918720711987158,27.737622031177207,12.226031404609351,16,1,23.38
4.175859646237603,86.93835643206137,45.40636685645374,40.06755947642811,19.328644695833365,9,1,29.52
29.471743526326627,34.303700767234616,182.57214233159004,33.82718853317252,9.767304994479852,33,1,10.33
22.194879325315764,25.745271223528253,141.18133386533165,28.646934104978314,8.18003970804432,23,0,7.48
26.261373012434717,37.07649694471988,124.43952925602662,1.3678282695368373,14.659316912962753,6,0,9.26
44.10458937960251,59.89794939627146,42.81693090053216,45.20778818789127,15.387890633738486,31,2,49.12
7.864571896148102,26.180332593803335,168.62199131528052,1.2584307709778364,25.849714664911446,35,0,1.04
22.36281484253124,79.29546487295559,56.02254046131308,60.35401744691391,19.324521271019158,28,2,46.94
11.36501300053231,72.00219613810327,141.4588411483071,66.45515306263002,21.39492806272022,2,2,66.1
32.82138755787173,22.443378679413087,74.70408364807228,45.680111562432586,15.66751573070295,26,1,12.89
41.57166149686616,52.062040399574016,73.01013082110617,57.85882430644808,15.88448647138182,17,2,54.91
23.4564523423164,79.57747988166759,130.5636047307881,17.098644930242347,13.101197570684768,32,0,2.6
17.317954876716186,29.313481612213955,9.980784182179647,40.244804002174355,0.6224662122113678,26,0,4.13
19.22534236475188,56.211312076280834,71.13747797887487,23.531050611793376,20.59259681992926,14,0,7.38
26.3034934106433,65.85756775546056,13.786540424817817,62.31009860867472,8.563433615995965,11,1,29.58
4.8798719433136855,85.06349320261903,78.3638746445862,26.625709511550912,16.283921383693553,22,2,65.95
26.95845785076673,72.00961842973756,165.8654920124194,2.9663087641044616,9.772795617836925,13,1,28.99
17.433258612915317,62.465361763035894,47.58483244899669,71.1889436763519,15.026098601464966,19,1,19.54
10.154848090840071,37.10918024902462,183.92434052820175,50.75353956314471,23.05789183470825,8,1,28.18
29.45657698624158,87.36943127561183,125.97674073423988,53.46846254214624,25.093376887788384,12,2,61.04
24.641888945317643,33.81353461134698,176.45062466851948,25.042274535260145,11.62439680551891,30,1,19.78
2.308500849069515,33.59848111134966,66.08947079967218,38.98261801185907,27.578316335481965,1,1,24.11
25.766511517168013,50.557673957460786,78.00765553086102,58.397390796649965,12.227950014965437,30,1,11.16
43.305834830538416,71.63070023417806,72.87365882001605,67.60992257932301,19.884092591272076,30,2,60.63
22.584194636583778,33.959911577607464,58.40282008814681,56.1359847819863,26.819351756493248,22,1,19.3
4.448761794033273,48.07441734596404,92.76434375353261,44.052124488250726,0.1946856416099163,27,0,4.28
40.88534599545276,79.25414793031632,45.805015858360456,28.54574496487256,8.058946548574287,17,2,64.17
30.201504788676587,88.34338668157248,18.648983844271672,19.341068721396702,27.069239203262963,6,1,23.08
44.64731701196795,41.54748500275736,139.46290805934586,43.19250811614201,14.668083506289333,5,2,44.85
29.676252889143683,38.27878491256446,4.468986753258242,58.32315087730894,14.734156070874807,8,1,12.04
20.375182516882337,78.06175943728745,94.0815238933619,21.60881984321566,22.17795452177543,32,1,14.06
23.275404269367478,33.98913723251575,185.7668597507585,42.780374748093514,3.6360983211507802,5,0,9.59
21.486456711436944,85.54304290888753,114.11057098999444,63.30099582096248,5.876165552374122,13,2,53.02
22.737887757922884,23.720955249644884,99.90908466474309,18.536547849861332,27.33196587821612,7,0,6.7
6.7619541682209805,41.66383424987236,41.577611052628896,28.854305750991283,3.3364972500664614,12,0,6.91
18.35629429265435,20.270482707984613,123.04549979313416,30.91718397149548,3.810623093588635,34,0,6.13
10.665661125484425,45.598193036742,193.32299845284285,42.98239408839508,24.034667919034717,26,1,14.2
29.474661739781876,55.771082464215105,197.46890003022304,51.79936306254842,19.724200055748778,30,2,69.89
15.281203643522783,60.97321785344743,140.5278928013368,71.99462511857212,13.058739944859958,17,2,63.7
33.43626291458558,54.742222805677166,64.78782403214316,44.024229504816674,26.286698793949228,34,1,12.17
21.983044116546225,93.32115256428149,135.5996030485169,29.618118834238047,0.78173657956779,3,1,11.92
34.35830240452557,54.538186993113406,85.84215590833995,64.65973603816695,8.653750512543851,0,1,28.78
37.28690050188937,34.63953607069442,28.659198286186882,2.361112811925145,7.111245267560401,24,1,14.8
10.66209047907632,23.152730164281554,194.0767645584975,58.21383962038188,10.821096087180962,17,2,41.68
23.06544811162547,48.40179974997517,138.97741716145603,58.958010107035555,16.327491434869156,21,1,22.38
10.504007987553292,81.45096115413283,182.21702631480971,58.63571793413811,9.153275706362464,8,2,66.59
37.261196357413276,20.71063484462724,0.729340556935254,54.81938371423617,22.843427463813633,23,2,67.2
25.630795051315097,78.82729590808745,53.84663571486323,47.22826348951718,8.729265172465963,34,0,6.45
32.424155053430965,66.64123710911997,99.20657798828296,21.855904842710604,3.5773473395778357,17,1,10.57
20.596785162524373,51.39538892539363,8.85908619939848,42.61780097705833,16.490527675597086,17,1,28.86
36.103759026213496,64.69127282517573,102.78423858028813,2.955551981255114,19.596938064205354,20,1,28.62
32.40245718545497,37.44352044584603,176.15076761134367,38.94787881099887,25.712525334426914,9,1,25.11
18.909597986057623,36.2925105944326,151.81819227920542,56.57707139239394,27.680849518631018,2,2,50.25
26.552039057422565,22.92435535287463,150.13784369774436,68.36664773980293,10.460438669549,14,1,20.8
22.278051632052,78.44038360541626,128.1942648244275,4.833640533923664,2.8699075925652497,14,0,5.11
28.572841014434218,69.90332818636308,192.54738227945134,11.450087981958657,29.57320995592656,35,1,19.08
31.86262890399589,46.153791114276146,176.81713931529234,48.16300516259674,20.965120673826583,15,2,47.94
28.47896135614535,61.30742947791147,50.10028493918792,27.035057922139337,2.9006914901322913,11,0,9.08
16.919666929910797,27.654633885337013,46.57279795816822,40.70313183496556,28.27979229318259,23,1,12.25
12.871956732215972,49.39858346802201,129.18683696018763,31.708845475501054,7.516381767933847,33,0,4.07
39.80480045333773,61.13550658815472,57.03125774833695,67.35871260976532,20.725535263981477,16,2,54.59
39.85497242163557,29.884000147558268,24.446838570905214,35.819211663826515,8.29231623281024,1,2,48.07
3.1769397617491872,72.21314754768257,192.0874607877114,12.968761036847647,9.338993184570267,33,0,7.59
32.760188137508834,47.96074919024041,135.9351734981279,51.476555312506115,28.06026844190716,15,2,37.69
17.661629150239666,68.76171655538704,172.33559723890136,9.94363293783317,24.41406531780489,13,1,21.74
13.095887443578764,25.471989793471614,146.15246037065987,21.88423513336191,13.571225310699019,4,0,8.22
40.7681819270241,57.160367229900004,188.28513436357593,64.2685766132648,17.293795693777017,30,2,42.92
16.58412041481995,42.37931914024105,8.276839139944258,2.8310267016784993,8.360845629084768,23,0,6.01
30.4714760007327,31.84597793163261,180.83273679121498,16.990377164791052,8.742067988647346,32,1,19.17
23.267208801713767,26.340750153509227,197.06894373746212,42.54997728757557,7.695978528329354,29,1,11.54
39.60110869286486,45.63182017239221,65.1536239286737,3.00876420196545,19.542010761027502,4,1,19.19
20.0195111425131,71.18572842869885,70.6796706815309,45.44989975892795,26.55848131327753,7,1,17.63
9.760769346929704,76.25630562114966,40.890265246506004,49.66376472105622,10.477947175429168,0,1,28.68
23.51137382153086,84.08172202457136,117.5948496740697,20.2962419630087,11.93043405435103,18,1,27.82
7.9306885598392425,93.63629074736295,73.95107785602045,45.24454553291801,14.703865840097897,8,1,11.11
12.62194042495908,38.27404997102863,191.39523794206212,33.516791258257335,0.8827819950206772,17,1,21.69
19.552302518148974,39.71172696592916,115.15001670406211,59.28607776589647,23.35956453224728,27,2,67.13
19.788509340777164,61.269807339438344,59.21268594163902,21.07387564742497,29.490454687507782,35,0,9.9
14.398681395171492,57.02681412270125,28.65966860286504,10.141514920088754,7.689381397828376,31,1,17.6
39.736730045941016,52.70369154664183,54.759598280382434,42.637694023464164,4.263208794977471,33,1,20.92
35.19553002095171,91.11834017918514,23.16097786948155,24.428548213894956,9.586471886352196,12,2,62.41
5.471102097065321,93.52890114833274,183.68270181940102,51.739158668226885,12.779190966597401,1,2,38.86
35.03357486746871,39.85471219992192,62.158382506929335,43.396016835419644,7.131880868347608,36,1,17.74
23.995150851578675,72.55489102724488,171.12491323517543,33.8979140004703,25.04922220094671,5,1,13.18
39.4161492387247,86.93196331520295,128.7480916754493,38.0724799599662,9.941792630895486,16,2,42.79
24.4369191369058,59.04498626022358,14.74196373444876,37.12190508831183,24.68232093118481,5,1,12.13
26.6248350772182,73.78901672939536,149.01603423244362,65.20584704739022,0.13204827011358833,22,1,19.45
24.81249292869046,36.095149641147906,38.973816443480146,6.297530400539484,23.86635829256067,13,0,8.71
16.410343467937665,49.35770151671417,197.984298254988,15.363839842235345,16.34338846110299,18,1,25.84
43.63682753038728,56.71546565706157,139.27516997411317,8.396683576292304,13.234464751404056,12,1,20.11
12.996490051262624,38.553186464955516,192.0133966359274,5.328265386650226,12.86284523110512,2,1,25.39
18.420485346083517,80.7407311278927,116.89398632892261,28.425190323532767,3.2879361100538107,33,1,10.71
33.66111568717916,22.79244536869531,51.89760464757638,50.224898322276935,7.665084727171914,13,2,69.83
28.863796775977697,76.81452455996333,168.20552755148236,54.969636426624255,10.620148295437279,24,2,47.38
37.28147326106227,48.206503462670156,168.00569015956313,69.52892854906436,13.066087302574996,11,2,55.15
10.741450883746115,26.967478587058952,12.633546180606213,19.64424408607723,17.156969029811098,33,0,8.88
9.570882549619277,39.86803951233651,15.27866335906114,56.160486303935734,2.0944890445668585,36,0,3.23
44.60117737564702,76.7584855233903,167.38787165821003,41.39676200209691,26.130428621812477,4,2,67.85
39.36580309775209,60.62503691368027,65.45503866629001,50.67412474793141,13.171591198541853,30,2,36.09
38.66768006647306,68.41013191386257,8.954474503619014,39.26514859686861,0.5190036822290944,2,2,43.13
35.46542702613249,74.32865386374752,140.14741986686045,40.57489482268429,1.8334072838503301,31,2,48.68
40.00777804328467,90.27909751743314,68.18717606283913,21.741002482447797,7.021874777162247,19,2,57.18
40.962626794060576,36.99854741248028,141.1865078332127,40.044727176755906,16.10435650808352,5,2,38.29
30.032242089516934,41.79344216784967,194.79004153155216,32.783096493839146,3.347910600208958,9,1,16.12
42.622489185492725,28.43035334584616,90.37173302684809,14.25738920893046,26.823227951938424,9,1,19.57
35.767670669074946,72.28560128692993,70.93416532206209,63.949634388780886,29.274956693481215,25,2,52.63
32.344568797452446,31.397501513162055,78.69853422372195,4.523301011351804,12.980146017530826,17,1,21.08
27.871810935834535,65.64287932295125,77.63620020913582,30.617925958512963,25.0271528892192,3,1,29.76
29.931980618567078,23.777224924504686,130.66798488376216,61.376987200672936,28.273735155998885,25,2,41.29
38.985178980088776,94.01462768976621,49.89671730615639,13.434527853240775,13.859950283818455,22,1,25.83
31.49970704616522,40.0996268422707,24.631094797758113,27.823309436272016,25.000068615157602,8,1,10.69
42.07266473448024,67.0953119974595,198.8123966766221,38.92098294126142,21.303326757186394,13,2,55.27
35.47611467865996,77.7583739172714,45.256525458733535,70.24099114877366,29.85546361874816,10,2,67.46
31.639215515291486,45.35831905520991,193.5508646746243,7.757525868702786,14.932404508691281,34,0,3.93
7.635396967131702,73.74968136002727,196.11842476095745,58.02594808450706,25.80050258728636,22,2,43.0
3.9662444347777255,90.90186008423994,28.75703460323844,65.06543230051861,2.507466660010671,23,1,13.04
28.158200971320614,45.034014105945054,165.32995509281182,21.339123403195998,4.943184057356578,6,0,6.75
33.58123294534359,57.576542901171884,120.87229499224095,22.148311853503508,6.0108091201035085,27,0,4.96
30.92038938906879,71.7879974008352,9.184011218252607,24.720231338422558,12.352936506791321,14,1,14.72
31.80222985773094,21.074634158922656,64.92947800077519,23.31164824178688,22.46505857690151,16,1,22.67
41.7094696261905,64.94752917622793,37.42168458345061,56.42687357732136,28.674352295231234,31,2,57.28
37.48855115030476,45.978853777789226,113.36382467712625,67.15428042018912,8.149103922362901,25,2,33.31
24.877491533835773,33.24156441821304,126.99901404418472,21.353202755720975,23.74597856000676,4,1,19.28
29.21851041027399,80.2779068012463,195.84661665944887,57.36576281158544,21.226104948809887,1,2,62.68
35.128584402253054,37.33223586824839,180.68873930818555,7.455617836800646,7.608361670758397,36,1,23.47
29.13361032069484,48.939153254130204,67.9356875458451,45.86532523190383,17.73186234146968,29,2,35.97
20.950377023618653,79.74432022982333,172.28898691315763,60.988204733187054,9.390276575906798,22,1,23.0
20.47713470285587,74.67782178651413,48.48318250897277,43.006633151107735,26.51571790799878,23,1,29.18
44.26205756483584,48.01614156059783,156.74447148677845,32.44730599197669,25.922877723018306,8,2,30.92
34.097769646536435,89.57106763610425,129.37204480344434,69.8760018915358,10.340194230376433,25,2,51.72
2.4944128130838044,66.58508380039615,81.22476152624876,23.005089239544994,29.565068749105066,21,0,7.75
7.321708641612474,26.003099306858047,151.09981373935744,1.1796934728945523,28.770253308261786,9,0,9.85
19.49249798127838,40.22358962297088,19.532215362016082,57.22164878493119,24.752743823935294,19,1,17.17
2.7238327540041434,49.27168256295003,130.90445380218839,18.6867070246563,12.959627772754718,17,0,6.29
18.274427181276977,90.88381466655021,41.21405048412456,27.829495623251585,0.7546238946933947,7,1,28.3
42.80442564522318,25.492362820792543,119.97359463100943,38.144644703969256,15.486992938074875,1,2,38.22
12.544441870657167,46.53469891016788,127.71454754112648,42.66751237193675,4.103243643640004,11,0,5.28
19.761336961996115,56.185658331337436,91.84747827281818,70.1367648166749,1.3651271337088833,28,1,21.64
2.4249813743448416,45.356714122279286,60.52914243836178,62.56901374130932,15.873706170623498,19,1,15.32
40.71191216649074,44.17663200546322,130.40292306782626,51.13284567345298,23.360239946824674,16,2,46.1
43.11967883473055,77.36280478270643,81.05135611442154,54.00168926940386,28.490825427576375,0,2,46.42
24.41997365930621,71.24574578167923,53.88769814961834,43.308718885556225,13.318009491093378,21,0,3.62
37.96502831321182,54.08026691148978,118.19101318809473,38.67472934553422,28.175875849035044,14,2,67.01
18.978707999358168,39.11132177332861,31.366739979272594,50.019282626878756,2.795663579169385,36,1,26.53
9.052935019036822,45.95780216638276,163.99596161648736,27.95938786716299,18.296127547690674,5,1,24.37
41.578964568795605,68.27245981625265,54.19074631602145,9.31264013187122,4.4917669243857095,9,1,21.76
31.986396873852133,36.83603759245463,13.690633885208548,34.926798016281694,5.0785863081836835,27,1,14.75
19.213982883094904,26.205401356314276,153.70002147255556,12.562123569227428,0.4913071943543501,27,0,6.2
18.014218935525303,79.24337751671038,7.863897533694653,31.371378981196894,11.467677439692139,5,1,29.33
23.7064874279179,35.924111363803625,14.92482428382058,44.64781670901861,28.55902866910209,35,0,6.23
29.970784049771563,70.48349767324657,35.785702312167174,35.72159203797711,11.012482412617398,28,2,62.03
17.867632071875654,64.40804101032822,70.15064294987098,15.865095000557575,3.493882466748963,3,0,4.96
22.2542506164882,54.45811339052385,124.57522980412072,19.06240805518531,17.45245253844581,17,1,18.93
9.641291831463004,79.03421472045815,167.17026423599086,39.4811442799562,16.633656835999176,12,1,18.78
42.488844667857094,89.08603531938748,176.82239078008357,7.506624055124482,19.02892231560991,5,2,63.42
29.24951896719377,48.69808662991787,122.65727876662595,58.68300313307965,0.788543170128212,29,2,60.34
17.83122401101205,59.504376235534174,169.6588531950437,38.21108849428374,9.733602648545027,29,1,12.28
8.688223934520956,92.27653744674883,189.35795534503183,24.531839704773173,19.192431361130385,26,2,62.62
10.30779284991961,85.11099865464925,20.86701057381648,0.6024880032626738,13.534381293412812,21,0,7.64
44.85044909276091,42.411517610856315,64.92344846229547,13.56833404043999,26.87600817473604,21,1,12.11
15.001868452365345,74.3288051246789,32.98933215163764,37.982733708655125,8.076297573431942,33,1,10.13
37.16858473439032,48.07527972201471,169.73373512374195,12.148501490718287,8.126581650791243,20,1,17.29
30.08461882245521,52.754191861675,130.42279572474965,4.274009561871918,5.408146080551282,35,0,6.77
19.328989639304893,74.19155724621172,136.7960665120379,69.38262655344421,6.453906792740375,32,1,22.04
10.078691174469277,55.34277446002774,177.73371986476377,33.98384234757235,12.41546233716501,12,0,3.31
9.823480275182646,44.295167455852535,9.856040289548984,68.45661973744238,17.434437449197812,15,2,46.92
17.041776193549357,64.83080668781622,28.4003637608796,46.83822851575462,25.892039887604728,11,0,5.05
28.06334872196804,56.68849711602772,19.19513933922259,28.78664880421869,15.443292660013608,1,2,33.04
29.882229066177885,41.74687413528401,169.06702440452847,35.770491010232504,14.950556739313816,26,1,28.94
9.552684799171255,39.00339461434636,178.31000988257415,67.78343641001659,17.08890312809992,11,1,22.11
23.99204185845779,62.391978587812304,1.1866993492112954,15.908332642114233,0.7432238080315123,7,0,2.31
8.781973634579739,67.07185256922898,180.1673960564647,51.86275565237828,10.456399548101329,23,1,16.22
35.7642826303846,58.45351111947463,162.61318985113374,36.05389246492004,28.699029685918102,13,2,36.85
42.01067524193428,66.97258210803994,16.79114061418032,63.777043357744354,8.066245480245446,6,2,41.88
33.361857976180225,47.702005295872915,130.6865375005258,41.74912991473412,3.781578268572207,19,0,4.07
30.54383452576216,71.240623216069,96.310679425452,48.19060958668182,2.3939113967837224,26,1,11.11
26.80195746538116,75.45585915925187,15.250312869250692,66.33468420974587,29.20822946402096,2,2,49.25
33.39047251730685,80.10897708680355,129.7586231174335,23.65856598563017,27.803774832279036,28,2,40.64
31.75922895205302,83.44488392444369,71.31509985657452,17.13264788967029,18.794793955056146,32,2,37.33
36.37903767036995,57.915586232996816,75.46555486044386,50.31698151499003,27.01881883784692,24,2,48.43
41.43028607880031,57.53146218763113,109.09484654763952,60.06304862143285,16.128738022420638,16,2,66.2
41.09011863353567,36.368529108586536,104.87509733107134,60.736757194425095,3.334434824013268,3,2,37.32
28.31604031494533,34.492699361365034,94.67083586656022,49.25621940194517,19.01558702650627,5,2,65.97
34.18987136074287,69.58349308582947,87.83343811086519,25.804623964839298,22.630777630683767,31,2,61.51
26.83977432002626,47.6600663676723,41.01627155327498,51.29501578870747,2.7404768151174275,0,1,29.57
41.05641080995514,51.25102853235785,62.88200527475907,28.273241106509047,13.061928906347989,18,1,19.97
17.601261310267255,65.98306969666922,175.6432620548406,68.81617582040424,17.508366484231487,5,2,68.77
6.080406199741635,64.95962568399926,56.21087423476369,21.03950691590998,2.3030021143494217,9,0,5.56
32.098254746695005,82.10813819512306,158.30820126664005,63.60630209661217,29.017638675748557,16,2,68.01
5.038732183247374,71.13373409092591,137.34333192096972,65.2690303111657,11.187963974102761,7,1,10.24
24.81703363117933,58.0464316467976,141.8220725915546,29.813664333974213,2.9930136786642016,16,1,23.7
23.972862053176726,25.93614657122957,117.47092622759787,2.7406284383859285,3.201449156051266,33,0,6.32
40.65179874491096,78.01301366007095,174.240207258338,15.80383796155255,17.870804874407046,35,1,14.05
38.779949753395776,87.97005479673726,170.09045467245173,59.461149961221594,22.3489559538268,8,2,57.15
8.07654385631854,86.35676826968432,106.04439731830522,68.31580659106082,8.71082738424586,15,2,57.77
32.36781130819287,94.54339911738366,137.50898110566615,2.956956589005567,24.81029644940771,24,1,18.92
13.547826567016216,52.355427775233906,75.75028968813476,45.78370860174514,24.394536029625318,36,0,2.92
5.016963257072589,40.14634678203495,113.36286517373573,58.21220929915016,16.82680931411732,18,2,62.41
11.774003511256524,39.06687725618818,100.81902293520548,58.59060045382253,22.313427904345684,14,2,51.58
14.194930172164206,69.07620096217424,174.36711527998207,69.84137847610928,10.240038024936547,4,1,27.03
37.692811004418516,72.80917656743259,132.3658579356207,5.4178170253826154,10.861675505174743,30,2,64.5
17.79363974745223,63.950129551303355,56.665547722325286,70.43794822900881,7.894507788069875,28,1,27.55
40.59740235872257,22.84622976799031,190.5531794306666,48.01742910264635,28.250676253258476,28,2,31.63
5.06160423440342,86.5403235693419,153.16510939248872,14.581293887009739,18.614039196427616,10,2,65.58
33.261535552088134,51.88011302120056,184.95718194280272,12.438918579374247,8.020126872349929,33,0,8.16
9.069157976973303,41.312210427865566,148.5970646741208,34.642968568372034,11.251238834847056,1,1,13.89
39.649783766711714,58.63532550958254,145.85039462568292,3.053332855512231,10.954900670340862,1,1,13.73
42.39555996529125,25.910502353405555,69.80374250848863,69.01742241232986,2.4948519939739464,14,2,68.89
13.731134386827074,84.0869460046752,96.11565053773568,44.88063818295672,2.3767961364275947,14,1,23.96
33.817043813227556,69.63661984918303,165.45539097438783,49.506573547382956,16.02006917242498,14,2,59.76
43.72795161363514,24.558638186350244,21.624521459212296,36.684967793671625,15.813294760609038,18,1,26.52
6.2784748130344745,69.21213548336578,158.21714430560598,25.876625586076564,28.624142381514275,13,2,41.78
16.23208383289172,33.00964985861097,41.838833525724105,44.771640164026344,7.381056786426897,27,0,1.94
5.800264576318869,83.42323402897404,130.2459039331322,68.9787412678834,10.088896238092728,20,1,21.24
40.23022142010894,53.700204457657556,178.7779525444383,62.402849748459396,13.152279970778087,5,2,67.31
41.91454989683725,79.77310841718598,121.85948785828286,8.783473555769163,8.744420177372955,10,2,42.78
34.1437177540719,85.26998490132628,77.43739528277176,47.4755633941557,22.713714719316282,3,2,43.3
15.6348178527874,84.03223265014832,160.52608432000676,47.790245367992995,9.746246012978661,32,1,18.9
37.80401459686354,78.84674628274911,4.348161567334974,17.621019207113388,16.288272173931773,24,2,65.22
24.4957107151968,36.14515805246449,143.74078990039462,6.561814596677437,17.199711393090695,4,0,9.23
5.9270887077092915,35.284537647494126,6.221716837483227,37.20049114585413,2.535978458807171,7,0,9.4
36.935398663985545,62.13604102537315,109.21826505927852,68.98364256686509,22.429338377903193,9,2,44.16
3.930201697814789,81.6992212766319,167.3475139889838,52.459056019193376,10.582350375512764,19,2,51.59
41.39604736717717,54.32855386236744,128.56473765508633,7.8671548647196845,27.133912756569863,36,1,25.61
13.028662633828555,59.68808398863872,192.0959503121955,6.908869954689186,20.4914969408869,3,1,16.01
36.452210077250555,55.60662963264782,129.02113531727838,36.24387873248048,18.938167699234775,17,2,31.55
14.291040220548936,39.00170468360801,123.03506993212937,33.096093825598224,1.1643594308054106,30,1,11.81
34.07604856987198,67.30153912342374,85.39327883820185,65.00138756792286,19.529057157224095,25,2,33.34
25.380249597697084,40.672652751214585,44.247069583580426,38.20863625728107,5.094610376872037,25,1,19.69
32.31691228849799,44.15991071122308,66.14782871319305,40.793938039147974,25.571222924476753,33,1,11.22
42.94132675962744,62.24485403904654,139.7805143788286,57.80227232791812,21.629952601347117,36,2,68.34
42.070981118966316,30.89087650360029,58.380718131262974,22.255637487344895,0.9017493660599551,5,0,9.58
21.59627822925059,94.78721107095926,122.24173056310849,56.73080485840127,10.020440122729626,18,2,54.6
14.660523451826538,61.14787937716829,126.80739468272174,42.62026932088554,27.455811342736997,13,2,68.84
26.50262465173235,46.74243180033452,154.85334883754274,39.52516372175254,13.000016265748238,1,1,17.81
2.1746052103356535,73.98788460128675,85.10685954423991,22.849092986066868,22.85162673285564,5,1,29.51
31.25059910003651,36.60889553200321,0.2513590787622366,67.26399156618271,9.180457236436615,25,2,40.73
4.982121853799655,23.950486715408815,58.58215310761452,21.64727838059235,3.5293868344270516,23,0,3.56
40.085993558107766,86.45142635326928,41.83645058269481,12.145364313750873,16.418782930409453,1,2,68.3
24.123593088854957,55.1076533337204,148.10367293648986,60.024064602313345,22.523690248455242,0,1,22.44
34.31678142300813,37.88177753715166,0.4014091677948084,62.87891356376287,13.313665154727177,6,1,15.26
10.365914931138695,83.09196684307223,34.06632687397391,40.672609897377,2.3196073401656205,16,2,54.13
5.9158533074613215,63.71645011604133,122.34758116849433,52.60271126598771,22.836345454964217,1,2,56.54
19.382137501097613,78.2097479460799,190.68539668016265,6.144707985818473,16.066100333915845,21,0,3.03
33.82615789072098,39.088746240235245,139.72260025174404,35.6430951589463,26.56322545532379,9,1,19.02
16.41158513275979,58.016033302415224,146.54804286715847,14.662514084192171,6.542763852193976,13,0,4.44
37.95379935748585,57.431247579839386,130.49987612183423,47.459415478688015,24.10835828868055,0,2,32.59
15.726074543152718,51.81779339714551,98.48453787971894,61.72926444016587,15.695767608260784,21,1,14.95
9.828902997694453,92.0647112211485,143.00636831165727,54.080895536730154,13.079077980011343,26,1,15.33
15.938639327373444,57.64236353019985,124.7814065715793,17.100766338127766,21.560861614426166,19,0,5.02
12.298832993733107,54.99546994446365,40.00984662927498,40.410744823932674,7.950353594510026,9,0,8.34
17.825668362026942,55.78832068334022,86.49600008438547,52.38510210383564,17.90329787792833,12,1,11.03
36.22080433486899,20.08594629711922,56.48086576917286,42.25876403460346,17.863497944078897,21,2,50.24
33.18835474825012,57.396834744971265,121.69821731272337,64.69084588023615,12.043530228371159,0,1,10.07
3.2801920185066753,57.81113672962372,160.84675780644534,39.81935654215591,8.08908495650028,4,1,15.39
10.185145819493481,46.131698584181976,143.58610496689957,16.04574243609624,7.922014070209951,9,0,2.6
2.601716637329893,74.92759251104866,138.68516041991924,57.15309395137753,7.700956393936957,24,1,23.18
26.420581640756552,56.99691320656675,128.36561319387422,13.440039798828654,16.221298647485906,8,0,5.15
18.90661235826682,40.99472162423326,45.562058135226295,58.08307341656696,19.146967390806072,12,1,14.52
15.663145275569486,30.48327244536072,15.041758070398359,3.7093265130157027,4.8538852467072235,29,0,7.59
10.764238229809987,44.342321319160725,1.4260040442012123,49.24144061092267,8.060033538834828,0,1,17.18
5.934185985659236,45.16357595594904,28.068394543609166,19.641286197982147,1.588674013539736,15,0,2.31
11.381523979952801,79.84824345036394,37.976397245173544,52.07770930464285,9.99224038875592,16,2,31.55
35.69796449984297,50.60106252487016,196.3616045435654,27.64094553330445,19.15876197307277,3,2,69.22
43.99640740003611,53.688857629397894,137.4347385219005,39.06886397967283,14.950738028833133,24,1,12.89
6.748677966274808,55.369029984436445,48.76477052008097,25.46043453432687,4.878012252110958,24,0,1.69
24.807659582942346,49.75564784470548,107.00584255375678,45.42296583643102,27.656363801080474,18,1,15.91
17.96129842588655,21.69212380679957,29.528698527431764,2.3832171750214695,29.697694272621852,7,0,9.31
27.793172509153912,22.48972362991713,16.318326077385393,34.93361744021326,12.18516038734458,16,1,18.78
22.92453496898567,70.5626030417491,164.77547272516082,34.786855820576385,14.442936084360177,23,0,8.03
24.041110578172024,44.0884444225598,84.63456790535098,70.74802297327543,4.701130433878443,15,1,11.98
24.68361471800774,90.99738094740033,78.24564425669661,5.140828779348892,11.644843438809508,7,0,3.07
4.899226246758312,54.8542817187528,121.89231720215288,30.66287505427603,0.5737905187119108,8,0,4.3
15.440498541487157,86.41885920714418,104.37038889905695,10.198982574510376,6.074971488122851,9,0,6.31
8.253182941103912,64.33662534670543,178.4461719897743,50.55243392898716,4.460531770700902,28,2,42.06
20.429913510562017,80.68454190185662,17.72724677861852,28.134042583183795,2.5713028031485186,3,0,1.04
13.42826724314972,58.62408910458747,95.9851378008788,43.736750262948526,14.383386862110175,35,0,3.16
5.299799091046018,65.71706164286074,136.34719041312215,36.646233225226375,20.826956364694116,31,2,64.11
19.234935105577236,25.644320098115436,109.04221576348003,48.3868252309332,28.236649052858716,23,2,51.64
22.572784035757692,62.0904239824152,119.21970553401916,29.81355040088953,25.154480716974724,24,1,21.1
33.453946671418656,91.6558770559272,181.36243001928966,56.940389532491885,21.369800581240145,16,2,55.36
40.50280449688184,30.37781463602287,170.01680426612725,68.30800676803584,10.83749083720814,19,2,61.16
27.048911710975997,26.66386138035731,98.11677592090176,44.859627792017655,2.103289178185256,31,0,4.02
19.70098426247015,28.086775538896028,78.68271527008484,52.97645651342982,27.63859235040322,36,1,17.1
37.66065219567034,60.57473910610476,105.56383824490341,50.87737188578375,25.78678597960396,1,2,51.73
30.443501060820342,87.41083197705662,156.79215741220358,56.33544052904861,27.81551306638043,23,2,53.25
5.3741503049943535,53.62078593730479,19.51950796974813,52.545020392550384,29.06822131522799,34,1,14.7
6.541532946254647,74.91801876544169,64.20396211017993,19.470671009623704,19.569576046606528,17,1,17.25
39.495672081876734,38.79965260336003,171.63567726212582,36.08113214639496,17.847907122024758,21,2,31.18
6.998567365667333,82.87993163650191,155.3196964393376,23.898902219525993,19.745922246401,3,1,20.14
33.726162286238676,54.125121389597936,197.25269291055446,41.962408898573585,18.977380926608586,11,1,24.69
17.863318054205664,73.63789644571855,73.89574472674664,30.761620066548332,16.91676338487798,24,1,12.18
28.14215890383194,91.18228166963198,197.94462651094298,35.11774368852813,14.042448632552953,12,2,52.23
21.130702142283134,32.67510098198773,92.20196976792423,43.88389712589464,9.92855756869951,19,0,2.17
2.701153776819707,33.05481030554813,97.70272799915061,59.31972232210139,8.361810201813725,18,1,16.9
8.17808676325512,23.447172275833275,175.4319604036022,1.3460477654037073,1.8396294850520345,33,0,3.54
26.419293577132425,82.63446225074031,38.5037743639596,51.22229803493219,1.8421974942336505,24,1,11.62
10.56673703420692,88.06032701288784,19.29202075795393,61.7651983783578,5.334097143302437,17,2,51.52
24.754013341093486,58.58348211014823,113.89836770400194,1.838817036298933,21.33681844411507,16,1,12.31
18.38567231177934,64.24423837053612,174.12016851514232,15.859205583445625,14.572240698505627,15,1,19.47
17.096278265959242,86.38130895300849,190.97660775351005,68.43269645205895,20.968271759057135,4,2,37.31
14.124208067133754,41.59166970348818,181.2038911552976,26.227990294617943,1.8904617207843144,12,0,2.12
39.613239724511956,78.86279373369764,22.42272966763923,27.746553365061192,23.236807497437617,23,2,68.89
39.839384737115964,27.56035886514182,28.10474483601717,53.01620664369014,25.949056782914408,20,2,41.56
14.683383895041354,78.03693476692482,176.13217568831095,19.17061350147424,2.8529000804734195,3,0,8.14
33.896683228257245,89.81277736699329,33.10394712098193,10.813968959336295,16.2428818291499,36,1,19.6
9.756330061628068,55.97103156230625,131.61851218793356,31.438511121282314,20.383420074497938,32,1,16.67
35.88272149855534,72.25867051735062,38.6245680527473,4.243343188284611,27.101904015101447,5,2,59.08
7.444708232703239,47.7314380979771,147.71140812671132,21.515036677675447,17.241096117584636,16,1,12.36
19.397742645214734,47.836478471013095,125.39438176122066,1.3217115787979357,22.900189080998306,16,1,26.61
27.598362329268358,32.7982691564079,62.27526738106477,1.9493197056232607,23.048278433985676,35,0,8.35
6.417105068534637,52.932833555522556,122.98344848321187,17.015775933796586,16.673887234328934,20,1,15.14
17.24184967272312,75.71125179329988,15.596566597996663,41.0648049641789,12.872183023650097,34,0,3.12
6.809977692891866,67.36526823069953,48.479575250377806,20.34979422278627,26.94715794600442,11,0,4.53
7.48689925755108,33.130845888538104,33.446756673215084,42.3994256419753,27.52623244789908,21,0,5.98
42.56737674876218,39.948690453495644,45.2676556874972,68.9605729680173,13.758854622943977,26,1,24.14
30.869813207474493,80.66819720673321,181.6148805059182,58.67322334724736,29.21771636661584,32,2,43.25
28.97549574828875,83.65527444448804,45.97391824045087,58.940262121869445,7.047187833937158,32,2,47.23
36.24014484668768,33.00207593539503,180.9959667572728,68.610667557419,10.967197862257862,34,2,59.73
22.280653175374113,52.1484176986387,46.77354872747526,4.336129726692889,12.877676237875107,12,0,7.44
18.81481856414717,62.974495868991674,199.36508736224806,61.919798037509935,0.23012397869366263,17,1,22.2
17.297710744755012,83.17115740611618,149.28378794746774,71.43882761894844,18.405440481525375,8,2,33.6
32.1205311966761,50.50567903934835,109.54314163584718,67.89430783034143,4.992583137948082,13,1,13.04
31.848166843264888,86.52397201301436,115.18763348235801,46.23829105320911,12.230132685514121,18,2,45.82
42.9733893753976,40.95172424305699,146.3051230537163,41.8681419139005,7.124300850168722,1,2,49.65
35.60211796703086,77.16249186965354,157.9460583351,66.39017743856934,3.5721300220355747,36,2,43.34
24.635785246979765,78.56193750581961,153.78264201825235,25.826778479450727,20.828313512389173,31,2,55.03
26.62254154851638,89.28758273175231,78.60775719897508,45.7846206161471,26.816699218408928,32,1,22.3
39.93063355909488,26.613504593063972,67.37187643521739,28.934457914763172,27.291289961675332,29,2,34.82
9.249872723214754,21.39166543023953,121.96233159574032,66.33767097105857,3.190923990814969,4,0,4.33
24.22542512102569,88.7971697461164,22.937956534263293,5.593711139845829,25.557922473716825,27,1,15.27
15.341946938353392,68.58565985164334,12.242301397795874,35.49221334635647,4.016189073382355,30,1,17.61
7.585391530846484,83.05111314631867,157.3919365928394,47.437633162916406,13.985731089868153,33,1,27.58
31.818386167194266,33.631068701682025,19.60308637535708,54.636999377521136,26.68218351304694,31,2,62.22
20.40979832257706,39.76808661510379,152.19266355216175,38.499925960955025,2.0302548967679988,12,0,8.96
15.899611709592305,90.36373640333818,15.320581671642032,69.2282813282915,7.37115277454027,20,1,18.68
22.151349799791223,25.830908292400167,52.37010628168284,68.66253447334446,3.3220987353126095,35,0,1.32
4.770817898765769,75.0372589566092,107.8180290044495,14.698682943164963,16.18568830537949,14,1,18.77
21.862529616657408,31.152448872316118,144.76573636458903,13.853941763305633,22.156496231103283,23,0,5.08
15.79544300191068,26.734794955464523,78.79225506808505,43.24157813765725,11.025958437843508,10,1,24.83
28.739811675836762,77.03991515783272,145.13836978294916,49.9801947034476,24.646195827769564,4,2,46.1
25.875243885957936,89.95985426547342,66.91553782257257,69.6833423223979,10.702700375930828,28,2,45.94
30.53889097323246,94.30716166545348,164.69071289408,53.820491263425296,6.241399627988077,23,2,51.03
14.709412754942447,87.24341366182139,60.94724010821575,7.3718886695309624,7.4285219718283315,16,1,29.56
42.062282811701536,82.62462666536163,115.71969813561951,48.79023658355777,18.745115810880947,18,2,40.59
12.882629338521356,80.71844456862385,190.06490779345467,33.76461103536543,21.03201549329632,1,2,56.49
36.156763791373834,46.91587160281466,191.31751069590888,71.55060879055992,27.48001627787529,0,2,43.33
3.322376441917802,90.0780905286876,29.545661170114855,58.390141743037304,24.696298265419074,19,2,35.25
20.29786072643798,51.013764078394914,88.57166191588381,6.38244018334876,26.760767070899202,2,1,29.96
34.30124036740959,35.200392973047855,133.5057636448339,46.95589868615343,27.036262075248374,11,2,67.54
32.80347078557191,87.5596025197152,25.752308735194717,19.468569304307582,27.578886459867157,19,2,49.37
31.314322793370774,88.38309102681072,165.08738312099968,32.71769473090739,11.633494723391367,30,2,44.9
43.75753685968444,63.043808296968415,25.561168559042578,25.72562966251226,16.411174308619678,36,2,31.42
15.046267150649086,43.55140727917738,98.49412452644705,14.837079189598073,21.333698884647827,36,0,9.08
28.778731270628107,28.387985363120926,62.66556643026311,30.369888021154768,4.783802933603015,17,1,11.7
40.24469153100938,88.52060179108584,92.14008762743144,58.18489243320934,10.89573739062415,18,2,62.99
27.051874852351787,67.99991776975611,0.17145813764321005,70.56415978914461,12.197027247021325,29,2,37.79
36.85665425001243,63.941925928979614,157.60700916041944,52.774219191348934,7.129734345814142,19,2,35.95
40.5240929654541,45.61634238913288,61.86153309705953,52.463058103973864,9.140890202588682,29,2,44.94
16.05921207161759,67.21692919963598,132.02388885262607,52.96212483843446,26.91391398932809,23,2,36.66
41.81983808862561,27.908647906347063,10.360206683162021,63.37804200931381,21.027281458640672,30,2,60.09
31.078612918659122,68.06542830895344,192.75582728326071,69.61351662642309,11.333979786061319,4,2,35.65
31.66492646590545,62.582084172329516,85.93138443720039,58.99504709438326,23.83282416551241,35,2,33.08
39.71782445561227,28.068402703539704,7.596444192039042,15.406763782109449,8.58263334614907,32,0,1.59
26.315910183369308,52.928244535208975,25.488611114024607,33.69978466218945,4.931979155257814,2,0,9.76
26.107645781277405,77.65469210090609,151.5626611388532,48.454175173451766,13.47391697680473,10,2,54.9
17.261700651834325,34.43877666476773,163.79267360549525,26.461887423582912,5.829629201517216,36,0,2.93
4.318417402960114,62.998530842864156,137.71990413509906,23.819704774034353,18.4075255456763,35,0,1.89
18.500250658124745,27.018900580306966,79.97329260731883,15.468390291701391,20.405320540203164,27,0,2.32
11.811195378365131,34.440111329283,118.00249365473918,53.487634538282705,9.5741854660258,27,1,24.33
2.6171063121676212,86.07572519093203,70.72130041555991,71.60988828447819,13.271315028906368,31,2,61.09
14.491639629540622,69.47783616103189,19.703014693706766,40.58696502529875,3.5965761247201278,1,0,2.55
33.08272972604023,82.12122838761854,55.4587793812952,49.39334646292548,25.87314430133989,3,2,47.2
26.07620250852409,94.48783123955329,85.02056014571234,13.079944328736541,14.158051583589387,4,0,6.05
24.11293399966493,26.72586924945351,128.54670905406087,11.608980449483496,12.431495080688299,7,0,8.04
25.45797389305245,71.86978355765075,48.8730982585434,53.39339682417062,28.51931354833826,15,2,50.44
38.838023594485456,61.39806464538348,9.35543003802266,70.16046519774814,24.859497298878022,1,2,66.87
7.710258744594553,45.70505205228179,102.0384517827212,65.11687630156277,2.4546998126615094,20,1,10.28
34.059421924620096,67.71023978210982,37.50560958931217,12.70734344208305,26.10982781114076,23,1,23.09
40.197842845888445,58.60583704667671,147.82057149317848,21.838098082556655,13.443925796243033,9,1,12.19
42.18803168732189,79.74503423737826,11.133229211239826,71.92442178160702,20.84780089320307,27,2,39.49
13.012603599799611,36.68346258198988,39.980829144967856,53.204371206157866,26.62527783170753,36,1,11.7
31.191155830677083,78.43234548448775,100.1858808833011,26.514038784189555,12.961281405794292,19,1,29.2
18.520133538321144,60.80092185223324,122.59717241273769,33.975148566056845,24.303799050358773,1,1,20.1
14.924247059814775,79.79933475501878,134.59646145472962,31.688926641917554,7.687608425830064,13,1,16.75
4.714596893951482,67.08178079461975,28.92566762468949,36.52864967791966,4.672407955603327,25,1,10.24
23.304422731980473,88.45686739600539,121.73446911996271,3.3360767929218893,3.4096790719840286,36,1,24.32
38.11389414618218,68.58168209645032,142.03432148060025,45.97412898521068,28.385888518456962,13,2,69.56
11.425591545744398,74.99455444274747,103.6267826688675,1.3237523598621022,15.509957496378531,25,1,23.18
34.76765392573022,59.338920699185714,2.632554286379518,53.14098816513093,21.96652680158584,25,2,68.27
31.935461138808897,26.260707852283097,8.067197506550428,19.034815947299858,9.274028767609622,27,0,6.12
30.12705181965447,32.26743105022153,12.69793896294118,61.597114100751334,16.918383848066327,5,2,42.29
5.541800227577957,84.27411408513301,118.48789001578697,6.479377917365755,24.135887991750018,19,1,25.3
11.342987486986866,82.32550917423309,141.77142264085495,69.33923538120702,17.137854853278583,32,2,53.9
12.62739769722375,87.83036779283363,181.8942138530365,31.54957285336077,2.831586012605066,23,1,16.74
9.038682207863534,60.4636335180774,101.61474606364219,7.672486075727365,10.899984770179753,33,0,5.18
35.45340310498181,51.90937494758255,30.772593890767407,70.31371713557874,7.261199783281398,17,2,35.73
23.733099840634964,43.76038498742432,179.3016470223063,2.790664574035565,0.8405655381843136,34,0,8.17
5.4171886441190376,91.26883951501684,140.61270752750312,68.36151184153334,9.872932769223063,5,2,64.4
43.48897650704851,39.87445934154057,63.122725204244134,66.30349322883326,29.089792395081098,27,2,35.46
24.251018807110235,83.25208466539922,87.25342696088396,31.4839551713351,27.16052706981111,8,1,21.32
29.014338315517293,55.146201537499465,93.63619595296899,50.74622260656008,29.839868966167632,31,2,61.76
21.8685714814691,33.86730464173995,61.14749480292474,55.838197187359526,13.612468618126544,13,1,12.96
13.280970452871355,35.24794782522048,105.19141985360814,5.150309903575286,11.979924987815615,12,0,9.71
31.290615131032684,47.95070716218784,146.66293225318122,29.49121031141898,18.828201639961907,15,2,51.93
8.79581975038406,70.35881143665785,47.4368923094528,36.261368949201916,24.015289373870637,13,1,26.11
18.13781724104416,73.79743637656507,79.05769221392195,17.130442326766772,10.287079306526449,19,0,3.99
27.562504165512905,83.36675508697178,162.70923599966395,47.527259233321,24.450813127525645,35,2,30.19
3.9062867844981013,36.57993987854125,91.13673330026329,24.166810022797474,21.378632380449655,14,1,13.21
44.41217514570761,41.12613752361263,63.06507107602919,65.05577707563174,7.022371776068387,15,2,58.29
30.624994567178575,23.53544812023688,27.147506252182787,14.140882261546798,7.34872091980349,6,0,1.8
17.55771682552608,94.56303437613008,22.233866550768244,42.7003893474454,20.45044770337251,21,2,61.21
33.842404589227804,77.37044888012122,101.31386241144185,58.74237890919082,25.08579293257471,15,2,46.01
23.802872088278516,31.24782945976229,65.93897734101036,10.289479162097676,21.747394285570294,33,0,7.32
21.75009259662542,30.142149058853924,62.96016522680734,23.386657298901927,21.011553994298804,2,0,8.46
17.25049832589324,24.532300786447827,93.3291601502751,71.61599409139606,8.968081705094509,18,1,20.96
41.794418467976925,24.39721693239616,2.3112562028371197,50.488426323607136,8.37862487382497,30,2,51.87
32.24891606446997,49.0523627727185,99.6294314156698,33.0265434803925,0.27010049770280653,13,1,21.75
41.685893902480636,35.57975616513336,120.91253292084751,29.377928888637737,23.226665734680395,10,2,49.78
42.77804307055498,60.73648427798237,61.281678986700136,50.077473008021954,1.3417744872930537,26,1,19.72
33.505484730062456,28.295131361193278,42.426014174122194,70.25372936214247,21.79396661380594,11,2,42.15
20.890601237879068,44.29039625154249,62.005203292990196,53.932111143024116,22.426987025394695,14,2,56.3
36.547213471221,56.60626078978585,76.28765962980144,59.94340428557749,14.706043756688006,9,1,20.15
37.05382709011486,83.44761084909808,41.28177353837905,51.32414862059336,21.952681119042857,6,2,47.35
38.08443085194278,76.9371860872536,119.7547408267233,69.22039473239779,5.747848490532691,18,2,46.06
7.277790740405285,60.508057919134316,122.24135037163867,71.83566023930946,29.255772332145796,24,2,43.94
15.075207319748106,69.55515257185488,55.808477426052036,55.03711268802786,3.615750066789707,33,1,18.79
36.306015869781575,33.232002245180105,144.33170989683148,44.69063279597912,2.7465520725373826,6,1,12.17
4.317898505134535,40.55270344078481,148.25285130289464,66.44085363940184,0.8631245135835885,19,0,3.31
21.966399565246576,49.83616963416941,172.3819896608759,24.155904048394117,7.780974635024846,21,1,17.2
16.099214901397225,72.64586184309411,9.021801257067219,28.06774592788788,10.296905249026544,29,1,29.34
37.467959917611594,72.47710257180239,193.47719753273864,58.494258775511966,2.3243419789119155,2,2,51.42
17.176993256855436,45.281513066080535,151.9185765475949,32.24592998339092,23.3965075720354,20,1,21.57
14.376876632965006,22.296813667832215,18.82159374751189,16.147118411980486,15.106756389765673,1,1,27.24
41.911565379848106,57.50467449426561,177.8072088266403,32.96566582773887,8.316750222656468,17,2,45.52
34.46363926783954,89.5182798408927,148.7987801358569,22.619731000246244,16.855391241576076,33,2,47.96
22.017133180541517,29.100811770527162,11.71952717525504,68.58758811345113,18.376253202632867,5,1,27.15
35.19308082631455,29.50671467190613,181.38208636591722,42.72328393726483,22.14782042247123,17,2,42.61
40.0193383159681,79.0781548164814,125.1780431077655,24.670032743788344,21.020170345384795,34,2,53.79
42.96188005495596,88.75756270001636,16.30291900900327,59.835542133345754,13.535207386200504,36,2,33.57
10.276673014128132,27.479270004955154,148.67225009758485,63.86768899388164,19.5251507651072,20,1,28.7
8.522689309979082,49.19475972363276,176.65366944257696,7.036892802654726,16.287420310330507,34,0,5.23
31.75305104594296,86.75738181407526,174.82192554363013,70.42698523963223,15.36235361813037,17,2,47.09
12.893979672332938,81.36779652644223,197.16302116270313,18.82843357682894,1.6839476406321696,29,1,22.4
26.694081461774456,87.27520957832839,176.41859574979878,30.86498883076623,12.707337870103864,20,1,15.15
6.564220071319849,91.5429499570464,55.7125426899471,32.238677398468425,26.95835422902667,8,2,54.72
17.938511920268514,39.838716393896895,13.297360602974395,37.63196033340335,9.387249991759102,8,0,7.51
25.283331578762745,87.96031906754257,8.033562790116244,28.92237623519834,28.434150550874048,20,1,28.83
26.237725939011845,68.52045868104788,173.92339968997385,55.976641390826686,18.902815483662348,22,2,57.43
33.4438212697782,70.63620645867309,48.61148812094158,43.09167305021644,23.81272959323261,7,1,24.35
15.547832636219303,52.16927808051196,54.949006488004585,41.92449863884813,1.7588610126775184,35,0,7.71
26.73649365549625,64.93260167146971,4.669632156642045,13.286585329319372,16.553308149366835,23,0,2.71
5.874441027840818,86.62509700840701,181.8998085881432,8.006811821447158,29.721973091273302,5,1,11.68
27.59955151056114,87.90548486438206,70.6375201525975,15.569835683891853,23.164485480622858,31,1,15.07
6.003127937349735,42.95779701182127,92.66518782333866,36.106294134465955,16.26586934658221,21,0,7.01
20.56661464159432,77.09853309044337,164.28042870308144,48.537211499886375,14.740068575226916,27,1,19.89
2.601174049099009,52.912755356309816,164.12963600987644,56.27435601009903,15.40170220584543,0,1,19.3
44.99447184578776,68.31335676270331,138.8529860125227,35.638971265115714,10.634686523475896,0,2,49.8
40.71342206689724,63.09000504160941,148.54068763053633,41.5328395173763,5.827102740199472,22,1,25.11
28.524543604864654,50.85771780699967,184.36690199342144,36.21870524652683,21.269254378180168,2,2,60.44
40.87551346727625,22.53662312893994,89.50013952349023,49.059611295883556,2.8549170024064505,5,2,67.69
41.742489176783,34.93267177986301,127.95732575331593,46.5731018188794,4.810619540633189,27,1,19.24
40.52795492227928,71.84303083524577,51.79921465992654,64.96934391270898,12.878847535830397,14,2,45.55
16.759736704640474,84.22529936267806,140.33127374896875,55.28134013474844,9.436334836167683,14,2,46.27
11.111121196348172,60.22790177930943,96.31219355546921,36.357042330828556,7.430606353398039,13,1,24.09
12.479901759999345,39.242200242740964,183.2150097385634,36.24858258910331,20.084126964348176,24,1,20.46
18.08652080312118,69.6004481291437,130.42217144374564,62.01504893881179,4.208044849062857,1,1,11.94
2.6496201602712883,87.37047988325952,105.40879936573621,61.26086164736829,1.7971410301009128,7,1,15.19
18.804423798784526,61.456387492634455,155.26213059572913,6.563058161613785,25.759364014874517,10,1,27.29
31.338346235838994,30.152184632019335,28.57758683845344,54.50695410354058,21.638048804562516,3,2,33.1
44.383421170642585,24.81246635833137,121.57440219830366,34.78739081318902,7.36452321441824,4,1,24.74
27.175211247984237,90.08417650720861,69.16523275713584,48.915863019035164,6.140750238653712,3,1,12.59
30.510241859077414,90.87056798202603,90.04278619131543,54.08349463618512,19.382107778143748,3,2,31.99
26.32977127000549,89.40161803243384,5.088180226487871,51.13600956503635,9.90983068099663,36,1,20.21
7.8914742336024215,35.142204209966735,81.63293298031098,29.730015986050546,9.526744188590541,15,0,1.04
42.570466877268856,56.27377843821014,199.01035065500113,48.66628465093039,2.0657261282262462,29,2,66.64
30.240246166479547,57.89079642739632,6.014445496389187,69.83081575082275,19.68137608466415,30,2,40.91
7.082462852144373,32.50499358540075,89.16435641433584,24.822222952777004,14.029743725641229,35,0,6.8
6.638166553102427,27.444511198189616,170.5612222181804,36.70736438265083,22.992150707053266,9,1,26.58
41.543380188388895,59.692875243283254,141.01539238586247,61.00659237923378,7.064831871735551,25,2,32.74
11.5626055764662,63.285112615194315,52.99615458337661,47.786396751302256,18.24211343097245,24,0,6.9
35.15932031667028,52.425345814076444,185.2085535852095,36.48009062828298,10.432045672908462,19,2,47.03
9.641135035949915,94.63859943712443,150.59753862576983,29.719175518045425,24.7909002855657,11,2,42.7
13.867270447861205,33.50374249750891,111.3211796360587,60.757728684746525,4.584845331776769,25,1,14.94
38.07994874296037,73.9615602768209,179.3869241017832,11.253476491849543,11.632245849806203,16,2,41.91
29.436072649321474,48.36154759627703,125.27310839525157,22.307179558642034,18.537547705139733,2,1,11.02
18.48450232280659,61.4928089664121,188.39657711465233,46.45251935954812,9.993496736661285,24,0,9.83
25.621845054907272,65.40986451667166,142.38245118079442,23.449764957004998,20.969518820251036,14,1,23.45
4.240787130222973,27.658631671177766,134.9188471471174,5.572042104294841,17.860733394419217,14,1,16.08
35.71607212493346,21.619243335700656,76.70301890206099,5.417098040937069,23.76317338244874,7,1,28.04
13.21836912349405,74.68750271079384,143.30970998292406,33.34318201870018,20.659188565611267,13,1,16.71
37.64523774005895,40.383537589339795,180.6642210538509,71.9066390916767,27.578953151330232,6,2,62.49
31.558859319810686,53.791553607419516,104.8179935108915,40.65892859142301,21.951588513247962,14,2,55.85
44.11316024565755,33.29104312018205,65.19958370712054,39.2444881947467,5.106439046460145,36,1,16.74
38.765473387160455,79.77693075068055,154.88571638196822,2.0717635315101997,15.795565542312426,3,1,21.02
3.5230158510771408,75.94377034989172,128.54920692672258,18.34081281740989,15.219555020389468,18,0,8.84
21.47347813716069,50.43154228823157,7.974724459583116,26.54920926575122,25.488811648332746,15,1,14.42
23.63194392958973,57.10012116705075,34.98930275159757,52.92519922507083,10.853326033162022,33,0,3.99
3.395185472356151,93.14758849249642,174.1084926211759,27.880739721913883,25.112077276712114,5,2,61.72
25.09419128384302,67.19142290664601,198.930844591622,71.71878729642798,25.728337059766723,23,1,29.07
28.934675219939134,73.92297044798332,28.536156296237515,10.514862393006355,21.484145331429207,22,1,27.78
3.631870909217904,31.315853511845336,25.023231929897104,29.319901303066306,29.90960702672585,12,0,2.31
3.889308481873364,47.62980276657661,42.16338359073693,7.601818910731353,7.022779084982157,35,0,9.76
3.8854218045714175,37.57786898028543,79.30919739472301,32.659122821947776,27.64102208098556,21,1,10.9
14.312596029855962,86.14697573640808,32.341469227071244,13.445958233990158,17.15157301275127,30,2,46.86
40.85613559621553,79.29152596674103,46.985652658150315,70.5679472070471,10.895295024482877,14,2,49.98
8.498761993502436,57.32955323585509,116.11340471815753,24.04321463940572,25.182100316835168,26,1,24.42
14.07500334198325,66.82953473299216,72.1998506060309,59.90956474750285,28.887162691485926,6,2,36.53
25.44983431206643,36.49828104905147,67.50976262006505,27.780027236858576,29.18804437511107,13,1,29.71
22.49329169354429,92.28567272157497,79.11983636996547,2.3800525077896495,6.730415591152936,31,1,10.28
17.385229239246755,57.09753972649383,12.704679501195027,20.204872090043843,20.30301815071792,30,1,14.86
43.75425264353929,58.24082410703049,127.74211635257491,41.706080622067546,14.527812883398383,16,2,55.78
42.93221385192082,50.64115493567485,32.59445309586526,38.69666550463001,8.572570832990412,29,2,53.62
37.914640786589295,33.671940415181936,153.17589166997126,16.9356073576959,8.721037820796576,3,1,28.22
5.790649702848863,24.36147709923876,170.42654392387726,52.72619504628893,20.958459180333627,28,2,45.2
2.6419455911487595,79.13346955947489,162.65684263353543,16.317877916935124,4.53720750121104,32,0,5.18
24.99583564362395,78.30298469079116,116.20766483424869,20.994534978650638,22.02345903193257,7,1,10.25
34.21510631852576,23.863669493833648,190.01974380756414,50.74587341992326,9.60516871864074,3,1,27.23
35.890192600620175,29.489425723668347,122.06155630801918,71.70732478762348,17.86652103697457,6,2,60.76
19.250101894062162,62.54822231311896,46.215524524425746,46.93332791548823,7.284886325800221,1,0,5.31
8.312131655789406,41.884598504279396,101.50766501841511,24.963104186738295,17.050882765427815,30,1,20.2
8.341236010124312,25.914167178347714,179.3758590284375,65.66783901783612,28.12088016825132,12,2,49.67
25.162808266473622,85.73063664346115,24.970295686656875,35.80589707333318,13.71075841442818,27,1,18.87
30.80134529430846,90.3747333932389,17.158217652407302,23.91456165009555,13.321942121827558,3,1,25.5
39.54810136681748,32.79743427975332,43.949383325621014,25.48100545439263,27.807305659601504,6,2,55.87
12.112320282358306,52.305648116097146,185.6290441791284,37.807610820114355,5.762929356040579,27,0,4.46
3.7575810318822254,46.305567416210806,136.43459564720837,41.518107150804866,29.34201926538668,0,1,11.19
16.462647456392972,77.97001552698167,143.25886609736767,44.18132502934406,25.57500731638436,25,2,65.4
14.10896121143112,46.10956434459516,124.39026996209377,69.60220727136411,11.147462980115437,12,1,18.92
5.211215611118514,31.419509758390753,8.971667237077163,21.40692128957671,25.999707720867196,4,0,2.11
7.965730182751436,34.34941270178426,31.10272880173779,42.617798162866414,4.059032167020603,31,1,26.08
44.205403626780644,81.10233845900115,62.95676316256211,29.349354482556105,7.269170509992641,17,2,66.58
28.33835292034538,94.94345689130192,130.50699298819288,27.127396797032546,9.952394750431875,28,2,64.86
36.58461894241591,86.70032090160862,193.89270590916644,51.92790403244891,16.463769371096536,17,2,69.97
11.322990211022088,20.46051219985233,126.16855628080931,44.4330993756025,5.640757133121847,30,1,18.19
11.450192442388273,71.9050613203396,40.32397976211905,4.354740809638012,18.531186641840186,21,0,7.85
35.99117131867821,36.07311966213737,68.80815772294557,63.032435421694984,1.5032108981990522,26,1,19.63
11.419873339962777,89.45996290799253,114.34193039169296,7.985304132281296,5.791084866429632,36,1,13.91
7.7417458524220235,37.38472928419658,85.9202828335294,51.61085965247471,3.980658354775377,22,1,27.1
3.8802049033953057,53.0490265195581,132.01320032669997,70.46368912442283,28.554251642077272,7,1,22.32
37.73498863717645,55.95663755845623,52.24826617832468,10.302646196116557,14.639404652497776,25,2,68.79
22.7213229446289,93.34684602158784,169.24155397579258,33.020328729363456,23.254282921360165,28,2,52.49
6.469323791323811,23.790472760347,171.6902117712942,4.06423171640548,2.662234995753423,9,0,8.99
33.620808938498655,82.49219479908541,180.70624518255852,41.397424089429634,22.607560769984854,13,2,36.23
5.048076749792423,43.99352263552261,94.70171754821291,71.8496964719265,12.929800262045086,4,1,23.87
35.52459836390471,90.44714552127202,132.69972607538935,36.689242343418314,7.521959325360741,10,2,69.29
31.64470346251205,64.8689697887789,10.595758660519383,6.104772528373482,0.6229226917338293,3,0,7.71
22.690725341824272,88.89067513243916,83.81101011781784,16.460901518056723,4.89392744945314,16,1,26.01
24.038473486917646,65.22562043169117,90.09408233157947,14.20585225676019,27.652370338045664,10,1,24.58
44.91606493428567,54.2232600828992,84.99447465981869,26.25000042543545,10.84885378020788,8,1,29.61
11.770489846296153,38.32177209028734,178.50229755570587,38.44928116878648,14.504071929700533,26,1,29.03
19.548327884390844,80.51510325671313,86.05712524975142,50.617277139769314,12.935532215765432,15,2,69.63
24.999789065106363,71.35037205618963,89.74815016950124,62.20635622009257,26.083773085212133,28,2,68.92
2.1445822678862747,48.55011978529393,120.21941227450186,45.48781125765075,14.293372088814857,28,1,13.41
15.433087112904925,35.5964255373358,130.83757112058694,10.22675872023606,8.702923402844192,13,0,1.03
25.101847696143565,21.39352505413244,190.71136134401968,60.90434775890826,7.8163504232921355,5,1,28.46
3.270770010489598,45.87012019578646,164.67674350081177,45.42266311285048,29.45062303475961,17,2,36.8
19.593253140583602,73.880470827377,40.74449238610309,46.72249921085579,20.612654163111124,4,1,22.01
26.834001772585406,42.976273113889576,133.3650687622302,39.108645226181046,11.777682027259784,13,1,22.03
25.786021025869772,44.65230404129477,24.284424466252496,33.83735698989219,0.1015195972193228,13,0,1.95
41.398698541153294,35.575598626933,107.85965276685225,20.37400823486542,14.807323160165465,6,1,15.38
43.47077952652507,32.93787102386697,48.33596314143453,33.653102178975914,23.92226178166109,19,2,36.98
20.792035272242934,49.46692218733843,99.93812057722407,38.28883473792287,20.75706942250863,8,1,17.55
18.06897829865759,60.240183021928274,90.67070758283906,64.10614711423784,20.890838007494178,12,1,24.18
5.47031048191101,93.7596526538302,71.66625880922359,24.006494378687094,2.7489525629114766,24,1,21.72
11.117864574297263,59.11560868951355,129.75972491577772,23.03527672938606,21.443080754977785,16,1,27.94
17.086043954261527,52.659491359186106,0.7923668541800488,35.68390405679378,7.674594095788039,10,0,9.2
20.321666337926285,82.05073687536813,33.357794150743956,61.297079885065884,7.249138442321331,31,2,57.43
5.998151887126022,66.58419521838576,55.06897002768882,1.7608902772427653,16.58117298488633,34,0,4.84
40.413746970580235,65.85731054209167,23.142659913793917,37.031536226481556,14.917629478454144,7,1,22.14
34.06398380702247,42.11986158209075,124.5215443704911,13.951947137652072,6.569931271636868,2,0,7.72
27.676348218634615,38.57375738559536,154.27603774404554,45.32304110646627,0.5432831186386666,16,1,19.83
5.194837144145172,72.19686416750523,87.45116784052207,18.326223166186885,20.29374703388709,4,0,8.72
17.542507310510594,67.44827272281472,0.2058631130733346,34.301525928804,26.82746764505014,5,1,17.76
13.233070643786231,44.35946530912368,186.40916724772453,49.01488394874138,24.799114433130168,13,2,51.75
15.704267658213357,32.03573572377814,102.17720164493281,28.229207843828647,4.787316983601406,10,1,29.81
22.36037042968795,78.9100449489644,45.06574526575506,16.024932847597874,17.67698969490101,17,1,28.98
15.157845576561172,49.42669703611698,48.20594646718514,5.119232338171947,15.895892725100328,28,1,25.92
26.896523387943677,65.17719072555397,117.55355703254797,8.909017376270516,18.006762325814883,10,1,28.06
35.2596917452773,74.49280312458453,72.21811579905855,39.52309020650115,19.61753364820041,4,2,58.2
17.292882611762963,52.550001244660784,52.12585957499329,12.842849824249498,4.167824397385884,28,0,5.44
32.70255045367552,27.736449557492502,32.3082919878539,36.3733122450078,27.746225059881976,10,1,26.51
34.14988611344679,63.18214127871734,170.16253329402446,11.589240366540729,0.45649589072931596,17,1,11.97
40.41433271036499,33.95675461955453,24.899631185280093,36.50275582890656,8.148978646801678,24,1,20.27
4.675575901290237,26.57317841223051,86.40091776183078,23.441850719213836,21.19682442968994,6,0,8.06
44.21811820123353,26.91940060431172,51.8732404154967,6.647455376565475,8.208941782072127,2,1,20.17
9.484164206622214,33.11059203313896,125.22181474387857,28.17917573782384,1.6858481019977078,10,1,18.1
13.270037578738009,88.16204105727003,190.03366815261873,19.744485329432916,22.626055976560515,3,1,24.75
36.75309224896017,87.55134112157087,136.8277576746114,7.995048240858231,15.689768307142577,25,2,41.27
44.058219130575665,81.72127400166622,87.16792778691055,38.86839455412954,8.385836562354568,5,2,49.28
24.44298797056169,91.46034391729556,120.77906002895445,43.81268631849972,3.840742885832303,1,2,60.91
23.59150811878187,59.15628568717074,38.81890785792103,49.798474677377435,27.0893017085237,10,1,11.73
13.53566779008268,29.943957230371907,184.03668060266722,26.409210603808006,9.200918111609948,25,1,22.09
20.124952855324384,89.6173301079281,180.2407149128709,5.512850179788225,8.058395782578666,26,0,5.8
38.537660916956945,44.53836785144884,67.91401456105048,64.53266371837175,12.774514395351046,25,2,39.47
26.70686460081456,76.94926764338014,17.9031399589771,35.7254921468828,27.031154932020698,23,1,10.94
24.513311237564388,23.492555863558202,199.43513680994258,53.761154720132105,25.14015227853649,26,1,12.11
33.75855466130044,92.09059259171448,23.309337543039497,51.23409172246136,6.910324668963436,24,2,31.31
4.999399868774586,35.1606954682539,158.80074784097852,64.55904491275268,8.484654345851308,13,1,10.53
16.089166286630643,43.98769424689753,65.29886553265032,48.61693837749482,15.924237842712486,24,1,12.98
8.446415010168334,37.507447176131265,133.12931922889504,36.95623938771787,9.072586683383934,7,0,2.13
32.61751096639122,36.23770067603971,121.27831115526135,36.486136207252514,1.8244893554939923,1,1,29.99
14.438682830152555,24.651865651458735,171.61561444498875,22.929381121998034,5.871402447847957,21,0,9.19
33.83345832623225,79.14633119803287,198.9519274613993,57.928232984257875,19.71036470662603,20,2,66.23
41.253915044575976,70.17148080929778,87.59720431239319,41.48805927389624,22.36841715528732,4,2,66.8
32.66827279705974,62.848882683959545,21.50228261142737,40.63612802348274,19.830706302746187,36,1,11.4
31.770660588242336,22.57487269038589,40.71069123549418,16.13493334293377,20.079792383207216,4,0,6.4
12.372594379704058,79.71128810173057,16.842690814137406,38.02965521699327,6.266731027302148,36,0,5.53
42.59486591834038,91.08890548038752,14.01965977185775,44.44716608647868,1.2705795266356834,3,2,34.71
42.73165869836929,34.4670307761033,181.15441915710525,4.322069249798683,9.25167638704982,18,1,22.53
40.03167144910206,77.5518245782059,115.0755638659981,59.460019743268106,29.607688695108006,1,2,34.74
44.079642358258276,28.752944090185068,86.34145160164843,4.9521364162791395,23.295958283123692,23,1,19.98
43.41175684880987,61.679215184366875,121.32445036191642,13.779064763319177,20.85924324280592,25,2,41.39
37.739375488038476,34.36580577783496,66.70326487769186,35.37947679319995,27.16382818105552,28,2,69.1
35.294905064546484,44.12630350002758,160.93915700796651,12.929988844355425,14.786375386322513,4,1,23.04
41.7673288830403,37.13938607800583,98.74384089242108,63.70546733017722,2.336812967854711,17,2,39.33
13.174823937341696,34.267991285659924,91.76046307165842,44.37226191701292,7.4567312105022125,10,0,6.52
14.11437243233542,68.26516087142981,78.74108458580089,38.07637715686996,16.640355763048174,29,2,48.56
28.128794480243286,76.92198615820706,85.9482408246549,70.40412630659091,1.7167922223440568,30,2,53.34
2.9952887941637436,43.684453725186685,36.93892589884107,67.10506210626356,20.08443014670084,1,2,68.89
38.94417508002908,43.18944494820877,106.30079690056868,10.78311352181748,24.750909367303336,1,2,51.2
29.60845730970848,69.8947193241845,74.37610091771825,58.12505954306195,16.008737631798528,27,2,61.88
40.83805177049012,59.65050823503248,106.03006405758266,64.94051649773611,19.08434425317696,26,2,59.97
30.852762727217588,64.85343668502676,38.42856973931088,16.280301719389758,1.4204521423970795,14,0,4.11
34.44873665892108,52.95817109716157,156.9736623987777,70.30341943124834,7.195246741727404,26,2,54.87
40.60827807350601,49.941115578980835,130.6111815990134,13.771450385507332,24.717510834824672,5,2,45.46
38.01275618053828,84.37518602366596,74.40577787404625,22.477560676805563,23.206961255854957,30,2,54.96
14.693987037769585,41.38965697133153,158.57299742049423,67.54822909752268,23.374117703927997,3,1,14.85
24.816018097408186,29.10839502216023,0.6884997888819466,66.0868103959363,9.145835723342572,7,0,7.29
20.925706298559803,66.16163145069932,14.057522805983735,68.29680491980571,17.208173583714096,24,1,26.79
27.534684586951116,89.01840842921044,125.60356119981073,63.31852095272872,17.608753054616205,25,2,51.29
16.10740636957816,50.354398358370176,164.5292694292599,42.93354828958278,29.920336478504947,4,1,15.47
30.132104860694387,65.52500007336269,94.55532912936997,20.393775520486138,12.118694999790883,18,1,25.23
39.09257837565551,87.03181312077848,51.226218192423055,30.566490602472054,25.037872158849513,26,2,62.56
41.196609077122446,44.44636579658264,31.334426869503606,51.17436177838783,16.180632480206892,1,2,33.25
14.611670087979354,69.11417503761373,8.025757815651158,44.08506268570745,21.518150675620078,30,2,38.62
37.8272045907328,44.26605187224881,50.49385950425591,20.44387456759467,28.473964587499932,16,2,30.14
13.935986194971466,47.59349848231538,123.28678460130436,30.25399677310685,15.091323490936887,30,2,48.69
24.38467930453766,46.70886726628193,58.14684569172452,23.959762119116114,13.17006652470017,12,0,7.61
17.38920682120464,80.10103579712842,69.75811770640419,54.706899997914064,1.0119032237315695,1,2,68.78
41.381882899369,89.23778268027999,29.214076791670763,52.277364868252754,2.2571552325573894,17,2,37.15
2.1771521478848044,90.56428526505525,165.8504983040916,6.039502343944074,17.9812683020107,17,2,40.56
21.796377643317033,81.98745217257559,84.62109625526597,18.53996056424262,29.502453457992836,8,1,16.47
7.680790258637678,83.70723047882353,187.48810579748863,20.30294608021782,10.00259086546043,10,1,16.9
19.896069420148915,79.25200712317135,87.7423097767601,31.38264617623346,16.7036843075654,2,1,27.13
22.199333647875967,39.97718470130138,189.5939131088995,26.232743450265463,3.003710961596111,16,1,15.31
38.419561293428224,43.441902760269684,115.5582909920981,52.716827304145305,11.954630674180049,11,2,39.17
20.75432529637703,28.817530285492083,83.36813185207355,60.47788827490298,18.692131002075573,27,1,16.98
42.96601998432182,78.77055865999245,39.49046496520161,40.42911784861921,3.392913842887735,16,2,56.38
11.618788884882706,74.2669468995814,121.56475442827757,36.34601595037172,18.720628199833914,22,1,25.88
19.458248251129262,80.63017248481708,119.02342616492076,39.67588272288042,27.799259026003355,17,2,50.6
22.065449649982696,84.86010267208007,18.759666991809976,47.195521872506575,9.995401839625895,15,1,21.42
14.750980462256935,82.54312804433894,33.16599520789876,4.300195840365775,5.748100725555969,19,0,3.54
11.366457255131671,70.74937283712384,18.226434646759948,11.024975968500495,15.26464345472985,17,1,27.19
3.58462829120904,38.98998432372595,183.79827681932298,62.29968757578397,23.443035441738445,3,1,16.43
21.917422752514273,86.11251666962144,180.6910872156443,47.640099718978654,21.976675821511016,1,2,54.18
7.832399665387103,48.81729035295117,23.173598838277165,14.815443791541878,1.5608954084953508,36,0,8.26
28.072848135838306,35.043802256243026,68.7787686504733,60.934810424619485,2.6356855297954365,10,2,49.35
12.040210967319277,27.539866308966435,22.057413684732996,56.27510499303956,26.441935575674027,3,1,27.08
4.9456274133916285,64.66281614645771,144.5481535543243,69.20335823958563,12.148373423965847,1,1,22.06
20.616726211402295,56.635211168745144,12.902522147606765,35.24769759633335,12.789590004129444,19,0,6.81
39.8424369533656,39.09329886604445,5.811642377004667,37.77200552069205,14.133360608167239,25,2,64.96
8.957785257519566,71.93089692052558,195.02034708377147,44.251843264321494,5.140930958864585,1,1,20.57
37.21478009538757,29.367795847037552,195.37229375931275,70.96412876277621,28.101584379820537,6,2,39.84
10.855791722839475,51.77573072133857,132.7779671355181,5.57030172119836,10.002540043380495,35,0,7.75
14.425003317705551,59.64558670189467,73.20814136061304,0.601649550215791,17.382954681597827,10,1,10.73
41.49342189286625,62.10427798657795,96.41663977742922,3.7080236089758865,16.85862427529606,14,1,25.46
33.13143024887127,46.4891928628505,197.73862679742612,51.59739659718632,11.021306599421536,26,1,21.84
28.247681758827643,63.12161641646422,136.1247856805473,24.784640599649055,10.858622149446868,18,1,24.24
28.096213315129926,59.76228829260717,104.15319642779433,49.417753674631314,1.3336984328005408,0,1,18.88
32.89087327670538,81.80780928914163,44.946328834339596,24.533329354544904,6.711771975098516,30,2,65.4
34.834164143369165,25.27480870133297,96.6619022419666,53.55806632552,5.776543660640982,9,1,13.34
5.682720632584611,33.397378484516395,80.87524014324912,35.880993349121056,28.972011037086883,24,1,27.02
29.153470229008914,89.2439966030461,134.87934230706114,14.491197609676092,4.568518552896989,16,1,17.83
36.30600485697666,46.77765069566665,187.21734718254527,60.738096778525666,27.264547884050597,13,2,52.95
44.06863001025308,52.802229713883314,94.36789276897217,36.1497593163866,26.523120688446333,35,2,57.75
42.134999142965434,25.99570326375192,75.8426829414482,65.88739655438395,10.33914661638895,25,2,34.03
38.31392648549328,65.04096792507772,26.873922778404726,28.472098800461605,29.138847359188127,18,2,64.71
16.369905222145192,46.32149935455347,10.320508621796032,9.01524460835298,5.794956333653129,12,0,1.57
16.18981955526415,74.74442058929861,104.35128751442295,30.315633748592667,24.392199525471653,14,2,61.44
36.87806852784989,30.395112357365132,97.36588558748427,18.28317126148867,5.043205836184011,34,1,20.76
7.967954250648619,33.85910863056052,105.69366790157491,70.22761960265183,17.68294449001821,25,2,56.93
37.06022776846573,68.51596574894008,34.23833591810504,45.596152615759266,17.88623887697611,27,2,40.68
19.40778176136469,22.974597873070284,54.50987901232909,29.152570740628384,14.344960898300748,26,0,3.47
15.595656187676962,82.26502479923587,109.12822531871302,24.257284890377967,28.420155362423294,35,2,69.3
26.347560826857883,88.98860185266467,57.448847035639105,11.573677171285958,10.515304802902808,3,1,11.69
34.545268184186206,93.60577402759293,154.9528419464484,32.56887306610357,15.932040594670893,21,2,52.07
20.731651949107825,58.72369916368384,19.343966710225914,53.67903120908165,3.2806180006491905,12,0,8.24
38.206667347895845,45.641099154208625,191.52725879968708,15.476992874074343,1.1479243496790392,31,2,60.09
25.3879136021725,33.27147269748903,153.99362437585808,40.21607790223924,8.105833784909825,33,1,10.26
18.393112983255463,59.19086234834802,58.30194988911632,23.469530602829757,0.4549864383270419,19,0,7.4
43.14351962321906,68.30294543948075,196.52199828094888,22.791129693127267,5.588015469386816,7,1,19.42
2.8706905922102806,60.71189125562887,181.3311140874539,13.469241072736553,10.579347646712945,31,0,4.2
27.232828823319238,48.28123804137411,17.39575021284223,34.079898018211104,22.562383125887376,35,1,14.71
37.326895119693674,67.87067145651085,27.356668784103878,10.860982089041372,3.096587743673369,30,1,12.31
9.84091265274208,59.577896911472926,1.7042792643157334,9.225253335268812,17.61575101401351,15,0,9.15
34.44767953798507,71.66698310243355,26.64371880802465,36.39761761311209,23.424438932558868,17,2,64.85
13.374248628574522,32.79527057846201,117.85121458053491,13.014726925989068,20.391045611135464,36,0,1.99
31.498719647138063,65.19622077010182,105.0412138914177,64.1647779020852,0.0950194241520097,21,1,20.77
23.266407855140123,56.36346402443672,69.98234164399352,56.93794552051406,2.985893514205409,12,0,1.01
14.520661219715995,85.02454878186174,149.16204881523097,6.53976205420244,22.22867745187111,19,1,15.63
4.32082319968926,84.90627764720902,102.27175774667019,44.754674473925434,9.078168627261114,27,1,15.64
38.35057273296206,28.75436303080678,7.223504090800614,44.01047564530207,10.252291046389159,8,1,23.74
16.383213362496694,45.80102812033918,152.09128787197326,42.274799300004744,1.1427813476858562,9,0,3.67
28.881957888828225,87.81467270508261,181.45301611889542,10.191833624793984,4.352265119396018,5,1,29.14
19.686630940108312,71.26048548303092,45.76231527130776,71.85459043625654,12.932556535770543,0,1,18.62
31.609880681592774,40.85834355682673,89.36825089305938,31.171067261603607,28.78005504851756,27,1,11.79
40.13048246173186,38.06823771730386,157.6726026996626,48.813256834981786,6.689578942216123,14,2,47.1
41.2749657778029,75.45182038040417,72.99282000071594,21.926082914304768,20.68736610937132,33,1,14.59
34.74995982993968,57.604082600366304,176.42313743883108,3.3771901451592763,27.665845159031118,13,1,27.68
37.80855340245462,70.37491623527714,35.18832649565242,66.14040124652357,7.36552171465379,21,2,62.57
11.547543973929795,57.77581800657968,166.09540573732485,11.045104193714625,16.43004703537039,25,1,27.21
35.73951632216409,68.96212986665014,86.72401706255317,8.515876024472004,21.292115775765637,13,2,59.47
34.25453638605628,60.10297694597814,66.44774037558709,31.761847163772234,28.731102397298887,6,1,12.07
15.859838787621735,89.14457529727773,177.49703734146715,29.467970342603408,1.1492166597435294,28,1,15.68
41.30192156970776,69.82950611067625,101.37681322885001,59.545781540578645,25.078115635756905,28,2,36.31
5.238761829415829,68.0723296997999,163.0672954982198,54.3128060065512,24.511193358275378,34,2,59.41
44.699345560219065,33.73742408704153,42.8987748778765,21.15791097483305,29.259972903197365,1,2,61.8
30.371834936460036,39.4331005051476,131.5054069394213,10.840751443417396,11.912046816174119,32,0,3.54
8.443761585167657,90.94458959720568,101.49487093268151,66.73859231873439,10.103783661774393,20,2,49.32
6.077802394225979,85.7676100873046,6.224029140649678,70.02140558914765,20.164016401923387,11,2,35.66
14.302816998798109,39.418821344853676,184.05251959899078,58.095170661959884,4.232367645581232,28,2,66.52
12.27775880837989,65.20719891291284,129.4755191118983,37.86374948198743,15.640619255604674,33,1,12.47
16.849375594313585,64.39794446570437,171.25203375332168,27.33932428608753,21.292058336990554,16,2,38.47
10.23854061982879,61.36506872347705,189.417664950539,5.845186040607293,1.2925264847059292,4,0,6.77
34.833678279062745,73.28268561806519,31.941752428433425,34.78167203777945,14.445152795328964,23,1,25.6
43.83705351998103,23.785135331120927,7.444537017879038,64.41089544076715,26.93401109089807,5,2,44.3
13.086504925245409,71.73887215597262,61.805362524086284,60.85162950832979,6.52155312831823,6,0,3.42
30.43775208187339,28.4816216698121,198.45340663669984,34.8617787194103,19.164236047931354,27,2,30.04
39.38962158264519,76.99875269740633,77.29128280011474,54.35928598988821,28.70026611238472,18,2,51.52
28.64496935723758,85.22977513314908,114.53082108513568,31.53181590870996,29.231423477731365,14,2,40.51
22.227779469926826,40.90460325015348,75.95805229559105,43.29368518187443,17.40563289913597,16,1,17.04
28.299568958429013,29.964631132064373,50.606308706427996,3.5121331921391574,2.178325577882404,10,0,1.18
6.175896303087333,93.13843521910184,47.363582904244474,45.392331050986634,23.915341747839335,7,2,54.16
5.118166342515187,94.55419675760851,174.00450543783435,33.8141940060281,19.991295725772115,10,2,37.78
3.3495982750651976,28.739303561806565,155.02148570119405,54.52975469417239,18.129544047458495,36,1,24.78
31.53064848454599,24.385944771193355,83.72072347679365,42.24436412591621,1.9813661191802079,17,1,23.27
25.01529148733354,88.45192800833118,3.1175169550727855,46.448314804238606,2.209513038160258,25,1,13.01
14.193315748131214,66.33440316568249,27.52311620961607,3.165565553290387,23.954395033642303,35,1,16.19
22.909649166467336,40.713971744416924,79.55584346272954,20.088808265855608,5.25802859777773,18,0,9.68
20.935649040688315,68.58282413105034,140.3551540975106,13.090274716247958,29.165498257157786,34,1,13.29
40.48100980133086,33.89780626429509,7.840299816505492,11.822345346960029,5.7224937387195585,5,1,19.0
43.897419783483215,40.33212073099123,140.6057233075892,66.88550864625371,20.58860287851128,30,2,38.95
30.85704475781681,21.252956893367443,35.69441884282447,16.71129971299717,12.691767826355841,35,0,2.95
7.863213189762573,66.6838905867759,64.9337755786917,33.19837686906583,6.469894794522418,20,0,6.28
26.70763873728617,29.293102294771,34.17408676769509,71.21878931030108,21.766955919926033,7,1,24.08
15.209960633397191,31.55455952979007,167.98079091131314,5.064658597720699,8.695063871389209,3,0,2.45
20.864482764178607,93.66424275616677,172.40282138232803,55.69950241746652,8.217074132068316,7,2,59.72
36.774471727291996,34.27409173670132,174.34927543851146,54.664779035788094,21.679510039846658,20,2,30.87
39.11476038849593,63.8331098105477,42.64697308910617,6.972172703368745,20.98789358453205,0,1,13.45
6.194576647551288,59.35065972584413,52.68059776127696,27.286321676604953,28.00325489279719,31,1,17.31
43.28079197511179,54.236551749521254,114.07842681135259,32.90151859955008,7.587572302915925,2,2,31.14
43.01486079062321,53.81145585940069,25.96111173317588,8.349119496603528,19.425569618971373,7,1,11.89
34.95877284087972,86.2003951475484,163.96887034514677,33.82143954425264,16.018692257416873,22,2,36.91
37.915618802076565,49.27957798020532,2.2538892378796582,25.692768445702672,14.967722950778615,33,1,28.82
21.963310323367278,33.44947675059444,176.8005770279794,24.666320755560513,17.285153596217302,17,2,50.6
17.474754530354875,40.56557037951836,102.2208613028569,70.515201958859,3.729139104447553,8,1,28.64
18.953654495724066,72.42149483898024,17.571402716269112,51.44668547136848,29.185731884542243,34,1,19.97
29.252892553013552,64.28279605841863,130.3866118951501,2.36495499795761,16.461704650472207,7,1,14.15
36.39394134936766,20.73956253662049,2.034687409201341,44.173528905749535,23.675992703957533,10,2,61.18
39.957138203801726,20.96267010475527,62.437747354460086,24.60892018073038,4.967133774586234,11,1,21.72
15.735376419135214,76.19956352618416,142.95811568756145,20.56979811125149,9.696851783337525,13,0,2.16
6.348368082008963,79.97591024561106,24.050354697315356,9.417749558736446,28.435883149048824,31,1,21.05
41.24670571493119,56.51323743759211,160.90836020245914,51.008353098791325,23.869058765204016,31,2,38.21
7.808025321155162,43.61582944383123,71.72737357491508,69.51377765465688,20.938791332637695,29,2,68.75
3.4170295299294313,73.16047234778085,191.23335689947703,45.18654549475817,5.6524343563642,30,1,28.2
30.33488642123421,71.45569731966273,4.464574579543523,4.363830852875017,15.980331797737497,36,1,22.65
27.187695409948322,42.6841534873258,127.96870125557933,59.808723508679144,29.942137607767116,3,2,52.3
15.899813468025418,38.58288716766263,149.63820906261583,43.54953270259266,16.950820270704153,9,1,13.52
10.894074191323288,92.85835587848271,3.7222032712314723,45.26302819769667,15.527964746263148,25,2,65.5
25.561691075036205,78.01379392034707,134.8922566888747,21.553667831919373,15.862230346193378,17,2,32.73
25.915312926139396,67.93363462923524,42.28260315518082,53.78323905844354,19.387901311221825,18,2,36.76
35.28291614798197,63.573822955764314,172.22755633576978,51.82401646501966,8.449923063346255,14,2,30.52
11.337602642913058,75.76239643373248,8.613485261219434,59.9561602049828,25.142766801208545,8,2,36.1
29.41909120692161,43.02158764449652,86.36579919304725,62.925748757850315,29.40063284276234,2,2,67.93
14.524889148107153,92.94645974172298,171.42359012478033,52.929212252129346,28.012429057491957,28,2,66.04
26.600271020161053,80.2099573629444,151.88228937737625,52.462562958268585,11.257946272067576,23,1,14.21
11.586708312141408,51.841448965511844,14.422486137492596,15.707482345064282,4.493043820237097,22,0,2.72
26.006416096808927,50.77352207322034,184.05718892728356,63.42448292116801,14.500519901666497,12,1,16.51
15.362534152752984,34.25705672660611,95.09676123665736,5.435960801033157,21.038370183891207,3,0,5.47
11.945972538746576,47.55947248478585,101.43837760362626,17.135845656949442,11.821357655664572,13,0,2.72
31.33360384907872,22.422643468651135,26.740536421933992,45.9474059922522,19.87801508640855,14,2,58.81
34.948272775096164,63.13142794192796,52.158277104890985,65.73492788174636,0.5464209279593379,4,1,24.58
3.067879521640615,24.94856773371599,129.72747382765772,69.48781885747893,16.55590907503497,3,1,16.37
2.902354215520243,40.47161507303534,89.82208817305049,14.653409487999937,2.6204396544428765,25,0,9.05
38.43210740070004,38.43160784958373,114.52479025850091,68.68053799027065,22.07150541314813,4,2,60.2
33.74029023209776,71.99073334863564,52.34863443662048,66.62096108016698,5.386316123825007,29,2,42.51
2.1073045048356533,82.4066238260623,52.46236840919518,63.75757100202692,20.744375467247373,16,2,44.61
10.258692448535136,43.63050962103742,19.034189540533177,10.758767786810987,26.495504710581987,14,0,1.86
7.299589706762497,84.72559111244007,6.311909812266725,70.35651956139245,5.955860711562423,22,1,21.54
10.94416384828795,68.23596070403121,123.41059863547773,57.58214765567434,26.27622175801336,9,2,49.61
6.7560473334485724,85.00870903367428,108.84892419672292,3.292516785375394,13.93428437152015,23,1,24.52
27.28356390433121,81.46246872117636,171.48073600223816,57.71790750340033,26.646282458665258,34,2,50.3
17.28342681184182,62.66455980208832,51.49306650638514,31.979960715116146,8.423262217807295,24,0,3.9
32.521408985454386,36.50745407566632,60.06223138451254,68.16196420301475,7.894537102026358,26,1,13.56
28.121718150307476,36.00289305161466,94.88463885775973,62.226390938923274,5.2260452602944865,8,1,23.04
42.49458478493564,49.772874681066874,86.84020559548786,53.28160770792116,23.370345660985407,34,2,69.91
28.902608947730744,33.79838732081816,112.51621075293257,10.027840167060331,0.5265815267493634,24,0,6.84
9.889777787480991,65.25723938710753,11.302188184903962,44.06054242339244,16.620510573228565,5,1,27.91
39.48032666868068,60.89005513651726,84.2240568583007,38.7011447838247,21.0993924440333,15,2,44.3
4.109145195605174,82.81996756293276,97.93117157433966,58.74437793280684,9.387548119656582,36,1,24.0
5.773743402592095,84.61086084759548,158.60254497587306,23.061057857184608,10.656498423946788,24,0,1.14
24.438058891208506,31.44308440052074,151.73751092965483,48.0754902312795,8.91392438865433,2,1,26.62
2.2932576351097698,67.0903835702079,162.0592055392692,42.73991625971852,12.74141030030159,34,1,22.39
2.3732919967312727,31.873214853793257,176.097436529388,17.650995221077682,29.10461887775165,8,0,3.14
43.38601795152632,43.95292445121717,78.26280869136002,11.488178911626884,18.47508317554951,30,2,47.69
30.83742309203716,68.51950234742641,43.75774916151669,54.728939050541655,2.6119410993890133,21,1,10.2
35.878758373239904,27.839403576507458,150.04639974485937,26.157234541924367,16.550731383253066,0,2,69.46
11.15751435006167,47.00675718601631,95.44797496178626,43.73067121246114,20.059892694350623,29,1,17.03
5.499858494772204,54.96920406826213,155.11296769349613,4.852395568335164,21.160056504339035,32,1,23.22
14.40889874656418,58.27693108959854,33.592479279175436,46.229795529169046,3.46988163551552,24,0,2.6
37.417921574697715,45.78802278947917,85.24095445786246,19.032158009199723,23.013436835399975,5,1,25.1
39.01618893319146,24.041513632037297,196.4180635048576,65.71045724288113,10.896088343299649,29,2,60.09
22.01736022850843,84.87497094545398,155.7158908270432,28.63287038992996,25.371756987363664,27,1,25.64
14.30319903642285,56.991113269669526,89.94690021399478,37.72076264119649,16.343267870160716,7,0,2.58
28.04033876358698,93.84991208417762,57.76308125957357,56.709223203652435,7.039196649391835,4,2,69.02
44.54226565048332,55.43637690285366,193.91806729092013,39.634005077535186,13.788479876158494,18,1,23.15
31.707670580686415,49.88441681148695,5.231228906482621,32.03340358136306,27.06387576879785,23,1,18.18
29.361212722673574,75.58958208371484,58.84871521685498,34.58147597279956,29.755703857431254,35,1,17.02
9.740959195155632,34.9439279955935,184.9849429428034,17.602802943607145,9.323681376472324,17,1,27.99
24.62697309913269,46.64321457577664,119.22627762565237,70.43821660803279,29.925075104435912,16,2,46.17
29.748180801715307,47.424213095889215,120.04044161403225,15.97766672520785,19.015255945648686,25,1,16.82
36.74304751190802,38.9689559985476,107.88189225599729,38.287241612771936,12.643681391303414,17,2,58.13
26.000137322948177,64.3014609786689,107.79840181839218,51.05402530199367,12.566196800860572,35,1,12.43
18.638671546787997,55.249256661394014,33.36146405191456,1.831879729494052,19.985924793848447,18,0,6.6
27.730294557578343,52.23311258310246,93.0678453464102,63.90690539464722,4.832527407513346,18,0,1.02
2.2496692190974334,81.00967948510431,70.07846684938517,51.864047361496624,11.142040937999989,35,1,22.94
24.049769238923027,74.47350289393762,95.26105373897242,1.4996046835894106,0.38712590992547313,10,0,8.63
4.737008924388979,42.1987410287156,64.34730326259246,37.91196311059756,19.83251301806564,27,1,14.92
39.668759794983366,23.86067630503524,60.20393520542429,41.18248812945892,18.549392441285505,8,1,23.28
37.587977312572214,36.66418821562255,39.00539700437522,57.22361136784884,21.11607386818849,19,2,61.28
20.07844511403941,70.0856428929149,11.760906777660951,38.356736915959864,1.3494341323652415,30,1,22.26
33.92909798558502,87.20619204744442,27.87823474607014,52.30338295839306,15.435599948650298,7,2,56.06
7.7370837882639965,88.85086707240815,69.07704697434427,31.018231144423932,10.949356214062403,28,2,40.37
31.804683533324848,55.13264590303203,19.540593536629647,34.00785999872404,2.443626442032012,23,1,25.81
44.669318298984244,75.52955225059036,155.25555099179948,2.3378974978407614,14.921950540082893,14,2,31.62
43.09269976699524,51.95835772701017,37.340396911661486,37.203717552388184,1.0129673166139574,28,2,53.77
30.391729658773365,75.12466251983162,14.538401183759287,3.465810196953345,3.0529738965409656,23,0,5.93
21.84044225505622,37.90093301557859,89.46500822232733,68.45554119855483,6.323629018631511,4,0,3.18
36.25631007554301,63.970763631471385,50.70773250383507,58.97602067882076,1.6427815833092019,35,2,47.56
7.418274625247974,83.16830315629062,109.79258185917935,60.88936350714237,28.681340621341235,27,2,34.02
32.91938210440524,41.88889744374423,9.777645901037047,65.04669757064656,14.493032762817302,31,2,58.66
17.581119604507116,88.50171481511677,95.23869271131112,66.32173591486969,10.030163412457071,14,2,49.81
6.652026264960406,81.23451900746261,154.3140340969067,25.304302406519156,20.7086858980075,4,1,28.64
28.674571154665976,69.8494560154324,112.27380344367334,61.758617959071614,18.29105496454632,5,2,53.29
31.587823691093845,67.29682803989994,34.43459376579372,12.093367755129519,16.415492462038223,0,1,29.24
29.108337982687257,80.5108762811054,193.26214177848254,33.003621647262484,23.586546919278128,1,2,57.33
32.16231293333864,28.779234422343997,25.39402989678654,13.906260463809426,2.932394494188073,32,0,4.8
42.974167354048966,30.14265316211059,38.22128761869579,30.5692248370837,17.68752863260051,10,2,41.68
23.161902337215288,42.65546755918773,116.40686944499181,68.18590620833788,26.639515619493352,0,2,41.05
12.12155529899224,54.36037721931048,137.28682638050807,53.550619429971945,23.366209447678877,27,1,25.29
22.513147321825933,79.54283000995181,126.00894412827066,34.3955133770473,19.339260198190477,25,2,52.66
44.17193718468349,72.9176151556675,114.66515277781271,3.1802452194618285,11.234336947637626,35,1,25.94
43.282505857885255,40.38453144677562,148.9134390420633,30.460746321515117,14.579654836977177,0,2,41.85
14.005924175463543,60.95944642767009,74.98822927052939,16.43814928632097,25.177084443412873,13,1,26.95
44.79705037650006,91.36281590263698,54.33797413337813,62.608860131119364,11.712104510915797,29,2,53.03
32.70728047859288,52.186437841392326,145.5254581142018,10.777499805409924,4.8775893528934064,18,0,9.02
34.73436409267447,39.70645308593099,68.08955060833183,14.086315951455466,21.57813911366113,27,1,18.87
20.36718877972907,64.02391122550921,91.98643932507775,27.558323295464145,6.698373807972057,13,0,7.46
21.634532436188056,74.16379395194456,16.103270531706638,46.50771490504359,27.645575770122637,26,1,21.58
2.149143747470301,85.31204826887259,65.28988835027387,30.136573047434926,13.390020771619138,1,2,43.52
20.192756903717882,27.827307465829605,70.09756452398254,12.07490786999597,9.863812799802606,35,0,2.45
41.62807476460264,94.90844658907298,50.12822363501665,67.39312420977616,7.841660424030765,20,2,65.12
28.26535490804884,73.912981115425,62.61359786251337,2.9198725145597035,24.317794826310287,15,1,24.44
15.578005046682332,84.32353410666401,179.5116819772328,44.12594549878841,14.948017710022585,22,1,22.18
21.022732035620642,80.19076767324175,185.43694901204182,70.16572648587598,26.94966059074108,7,2,68.5
35.24613868186204,54.68927235579427,40.77678438736532,2.2152426347857395,16.774148065192563,1,1,13.74
23.52911421663548,49.83935136779421,167.98816342938275,6.74483960914702,12.508260488131778,14,0,4.15
11.033223141973355,32.96831022428916,128.08122338393483,66.23673114642051,15.265549357496443,2,2,36.37
17.98025394062816,64.24118381877732,140.7885883613682,6.094152309050749,16.68922411844037,10,1,22.35
32.81160992500155,92.04442158921344,33.00746610401668,71.81284830851392,11.764699657236864,12,2,52.9
4.74463365239829,92.29368429393722,124.8526470752209,12.880122124820026,3.502990794610054,6,0,3.77
11.781452805790526,50.69206955630733,30.98593736894466,38.8094602023665,9.22912824300269,18,0,3.02
23.33599517871995,72.898179539155,97.00563898792767,12.205692663012718,27.899484529847292,32,0,8.09
22.579601279626214,45.52900324313628,148.35189537819278,63.19401753437578,11.121406909371322,25,2,47.33
31.780251635116304,38.57345877842417,36.99993950039588,16.97128793487435,7.9069166755655225,31,1,23.17
19.17911481601309,50.7585412403868,88.47295983263845,62.616296151035414,18.337635192682725,2,1,20.38
30.2881307410137,24.839180832323358,78.21377583028396,20.418839858565192,17.341203348864006,25,1,19.62
35.510186001102554,44.19967748730055,86.00471746900196,34.7829828635364,27.79088908254034,35,1,13.94
26.835839374924657,38.864854281123186,57.84017749820096,26.762628221020616,13.510408479909854,25,1,10.28
24.600201986069923,28.805304677269994,83.38139304469532,26.2972281180306,5.4937037935355315,19,0,2.33
9.218901420206825,35.283841590565764,159.32574241346074,19.94821849908002,23.878075141630635,14,1,25.34
35.76650512338212,26.377434012645292,116.55302268870888,59.21166207325559,25.84771058317498,8,2,67.57
15.685041438224188,94.96385985615898,116.01289079687787,7.081955458468554,15.573215511049067,0,1,15.77
38.514012016175684,64.05396430691056,32.247361686929125,1.5884067116415928,21.024074439058317,4,1,23.02
39.78061939531411,69.6865547026594,65.54066976902378,66.50396083285094,26.505602810225064,15,2,44.55
26.600068089311463,42.32085685410696,199.42272680254786,49.17842193167782,12.253100306761697,12,1,18.32
15.41385039499009,84.19255723628869,113.54655599620385,58.64772900521577,14.63261128712936,34,2,64.71
6.930517864104295,83.18406532793858,99.63368313746905,9.607386325741347,3.459375665460238,29,1,25.02
9.670067529512247,92.65180830729834,70.805118669548,24.04401862956302,11.07484632690594,17,1,22.5
18.94871574575967,54.3918861717989,129.28441082311178,54.97378607769235,6.933459145443352,25,2,54.89
33.057958258563026,52.62285318737755,130.49162969759072,15.149436851461944,14.113949478528072,19,1,13.91
5.499945784339444,28.602041908608726,75.3851927850216,53.6786799930822,24.987548343858897,0,1,16.58
41.178710863989636,57.605491828208216,53.940153049136754,28.388365159214903,13.093033244842417,12,1,10.82
29.801849387321408,41.24917365232981,118.35020133283084,26.045443502439152,22.761626025203263,31,2,66.72
14.126110485326679,77.3387420777099,21.338014109854274,66.09876362716847,26.859815398317334,2,2,59.58
20.83991556889137,29.85540288540978,197.53983855221654,24.31224727300514,17.55991625670186,6,1,28.41
31.003662486948215,54.948633652861346,121.0800267501048,7.232712332977332,26.517676258837877,22,1,10.8
39.34933308712308,84.26659656540177,163.15031749142298,4.890315879617959,7.411999362726266,17,2,65.96
2.616298329316427,92.05091284685439,165.76288374235997,65.71334541329726,11.61557137833438,31,2,54.26
2.4690007986651774,20.4314946742476,100.97536028711991,35.39646588381325,4.9009206570273145,27,0,4.7
4.699159729465235,30.996058383734784,29.305163956273738,15.045066404020833,8.586011911949518,20,0,9.24
14.950118091054147,38.38491236258852,130.03446271450215,40.07732079130355,2.3392327056543447,4,0,8.12
26.867185926252354,91.29683519527374,29.62824354447513,71.53989745376204,19.328185979090303,5,2,50.61
11.224354530904328,52.215588154640685,198.20963455979,41.54972970484257,20.80800668540231,26,1,26.41
30.3291782229463,55.70709835649061,63.56618928358229,26.259612458856495,10.0344182437217,21,0,7.25
33.18459599976082,94.70863776446842,60.43425266105758,63.31173811461909,18.091628037974452,23,2,38.9
36.3013826599572,28.261522968472015,113.79916694073428,20.0421814455082,18.47287103019055,0,1,25.44
40.2868618035738,84.61661785026733,72.47869040276225,28.086150654492847,21.045103730624714,22,2,33.24
26.18643942434365,31.17517286233199,55.52345635459628,46.754165639124864,0.46871333510146607,8,0,9.37
43.518954687853885,45.418115246279214,129.6221175581944,40.69896236386106,22.84521929029571,20,2,54.12
22.770178853193247,70.21723607406076,162.42143910786,41.83976143887756,1.844625029046576,24,0,2.18
3.583940135442042,70.09869783720458,129.96446732999354,67.77688654295997,21.401026606922112,23,2,66.18
34.47326716390703,69.14518810982283,50.80553851660805,50.448321903849305,26.60290935125854,21,2,58.24
7.106998756446659,77.25955074002616,33.42735783686728,18.582083554561553,23.488261226360766,35,1,15.08
30.63652158720243,78.6371956357484,36.560006049126194,22.294139124932137,13.450090243745418,24,0,9.85
22.6265304486809,85.94514695648509,69.53058951665936,56.68672515815392,6.710267943193609,31,2,48.26
28.88022380136166,79.86151363827733,13.699414952535793,15.52253963960904,4.633810816603971,8,0,1.93
27.517550503173844,83.26173166955077,83.54763528875253,38.56550698482301,29.73912178233333,19,1,21.47
32.12046375682624,88.71753749849113,2.179094605068599,62.71308243928387,6.558549937765773,3,2,64.09
40.3528815594204,90.53125944743945,89.43139135435172,47.430012472272,11.7143532157832,12,2,47.26
25.286759537174937,80.59712980728204,192.17522702398668,62.91148127216257,15.751596234046998,7,2,41.24
37.19004131640547,61.07059895635076,177.12436469178942,51.465599856005866,16.585200262921585,15,2,31.53
28.53006607729212,41.723450778554366,158.5661504200848,43.637197452594954,20.844771163677454,19,1,18.61
16.424862308069706,72.40517788627255,94.7412415378617,37.514381155900324,17.76008946478036,2,1,11.81
30.77110412877606,44.566382363057144,81.87736736328984,17.0283561052553,29.37899992252216,32,1,29.92
11.449304368514895,58.05892975526425,7.91911435981556,65.19104080166952,24.556507535833234,12,1,22.2
44.8593132054169,40.849807551495346,155.93687307311558,42.07044107027651,29.276416312766557,25,2,69.94
5.541571667756064,39.33572320473587,110.80041633711923,55.39566726883327,20.594860464448477,1,2,45.89
21.770219360105198,42.44396042066975,125.86702297041145,49.986222255921085,11.954107345765662,25,1,11.88
4.979250762101711,57.84613325745966,128.34229645685758,23.901495515318434,20.707792253792423,31,1,27.15
29.971499334099438,57.40378521560038,159.46581714778716,4.878810618431788,26.666948887548934,34,1,10.31
25.736184035068657,35.83703524720643,5.326337382821,51.9339419701624,0.6001549327850553,2,1,14.43
42.42040102605503,91.65768843452462,176.2647919606576,18.743606720938153,10.49928092934543,4,1,29.72
17.76000548903294,34.92833185395173,44.69076243685064,18.166783763429624,19.190120266798623,30,1,21.45
34.96052239399052,31.337877371174407,182.94634695576104,55.561462270441346,0.15907532798538182,31,2,59.5
34.9271106814753,40.31555414907505,133.41364365035747,25.80572294567331,17.215644987066934,18,1,16.08
12.956435452513732,52.050229243253796,180.28873716984933,32.997007470256044,5.911906021329486,4,0,5.26
35.28817564888724,28.66938952934665,111.62781975840383,29.783299859789082,23.848069103723812,0,2,46.43
5.256512010757449,73.64322178408518,147.1377497340409,71.77912858479075,23.065658120694412,29,2,52.29
7.03049413434268,36.384194557649444,160.01341525019782,36.419132457973774,21.18228947508945,11,1,10.77
4.765940364749127,90.73805383689299,43.075384341015166,37.137039257400694,1.907641273973596,14,1,29.6
14.71882132722135,21.190581634538585,157.3930983934913,22.769699786721002,17.665124080254937,28,1,24.31
11.503124369959854,75.40483290968022,5.513648167169127,40.16436072398268,5.0846482476017005,21,0,8.82
35.43377129402095,51.35807920898161,67.46009956800442,5.401024635709474,12.488589112550713,16,1,15.09
16.151962754477573,77.84007717774752,183.29306124650788,61.259391459926476,23.931117908993055,21,2,57.89
44.26050920731581,20.524308904938056,126.80967528727301,53.3364645346602,27.53481161271585,16,2,63.68
25.107305080289425,20.519007168862007,2.2108797394019053,39.441692476676856,13.058167165918238,4,0,4.6
2.9970582682216538,57.4228517652826,155.16587034294722,22.94403255145532,21.037148337126826,36,1,19.18
16.127010013636855,27.69110944434849,52.97048003649607,9.868538165579377,8.841968273300742,8,0,6.74
15.941627208046466,75.77282491697898,40.59428540487924,14.9382613118235,20.8930660964687,15,1,14.82
30.82315289550235,66.56018913298647,89.45046930392245,7.3540357491554476,2.7535629294562023,7,0,5.07
41.33166230921253,60.5880372603579,100.63881451579316,21.282341676400844,9.155815033198579,8,1,18.98
10.076946378236533,90.1096040045396,122.13650564097615,64.28930652307173,13.305605531722488,22,2,31.28
40.99194436709908,31.958105871515933,137.9509281955498,42.96093744503515,22.45757180135408,10,2,67.66
6.264918315589863,61.64596716683735,106.11882916005386,5.427043235627525,19.01815080585374,32,0,1.93
6.016530315689287,75.17181126631317,8.577351967882185,14.127206530139057,19.924312717241015,13,0,9.75
12.224902107797565,27.254971276442028,160.2801738494337,39.09723032677553,4.705609571057165,15,1,11.37
6.451726774097057,33.77328874012981,69.14054097014531,58.15813298189536,5.2126708868947,36,0,5.64
5.880376659698938,41.336335940547656,52.55280758285081,13.814845076469746,9.469143816019614,23,0,6.86
34.836891258239824,63.16001666397403,165.25827298747046,9.621151125903339,13.068355734666717,27,0,7.08
30.01148192442872,27.067106670565074,139.0611355204593,52.32195995936871,29.804398030008812,33,2,57.47
8.55444661766801,85.20842667492187,188.36949881768953,35.388728773547534,3.4564968375015592,2,1,12.19
32.45045449849874,38.085276328250295,177.33813866335734,46.10997362702633,28.597900101626056,7,2,30.13
2.386754591149539,67.50184339798216,22.653816631784473,47.639340304357304,27.768283450708125,14,2,39.44
17.202790905514934,87.53428045609867,157.49791372587475,5.7854027401721,12.21410981631832,5,1,25.7
27.904715990388937,93.17290393232253,187.55699136032297,31.080515303818387,21.70734634923448,5,2,65.96
5.570391029040429,28.65925940884093,107.22838555938891,37.074462530035,8.14529780213666,29,1,13.74
30.629103093497477,24.983122386342522,175.19746634148206,67.64344723522639,18.53722272355946,9,2,35.26
12.693925448681204,81.73969977051591,54.47068262669224,71.47813310377163,9.493874229829279,31,2,45.89
39.01398638430997,67.54128801647087,43.059659464289226,24.533253675008222,25.422626628799673,33,2,51.43
12.640075616209318,90.7923417691022,180.17977099903658,18.297128147363576,25.941767085539677,8,1,11.69
15.79027601463348,92.13748747184897,117.94576509317602,56.7978434172301,1.3613175834096736,24,1,26.29
11.801104265497639,70.97002938688127,16.722693806305266,42.34863828733159,8.075696735841545,29,1,15.8
36.70788336656393,40.717048517395504,141.91583877565301,55.074368772278866,21.892064997551856,3,2,66.15
43.04243072305023,25.401621527432916,81.68903448960396,46.83405876672183,2.3555317863546854,14,1,28.81
34.32490081875555,83.10312246019971,55.41214508355004,15.852077420666577,27.444626807586214,4,2,34.54
23.67949792882969,91.36568263267007,84.04709263839479,63.540262700720234,19.822341559817197,31,2,59.78
44.63022328674183,59.499486958356194,57.60880195697011,57.0405418129394,4.779322065750449,34,1,25.7
35.28165903438725,20.621885611373415,25.9616922330288,14.778579748739249,17.91598057977414,30,2,44.61
34.82813050977077,73.52810767057431,132.50478207674078,0.9494165296042709,4.264299401411683,25,1,15.44
19.643568713377256,25.638543876051944,150.00443807755616,56.8220362916715,17.228000688026942,34,1,27.8
10.701633093836943,72.84798645805398,168.38772612849715,39.09881186180321,9.699692985802466,20,1,20.25
40.414932452045186,23.62059226704853,37.226013221676915,21.67423625470157,4.086911635135804,0,0,8.19
40.25168778248804,54.30025100118562,127.29822027419044,16.99477282657868,12.090269997957595,30,2,31.17
25.489774303484147,24.636177038334047,176.18175299822013,10.66346548764095,20.217596222536095,14,1,18.0
32.150684889233645,85.3039757491958,128.2132707613576,66.90383545229383,25.274363851706973,8,2,56.78
21.543500503977633,27.052306110067004,56.419832374330085,45.73704667142429,6.551463907689721,10,0,9.31
24.075873291404104,74.82997799738433,3.8014800051342723,33.711225878424564,27.03952995490753,11,1,10.63
32.2905682878466,54.08476301311021,91.99566270225317,48.39106044853985,7.63166424849147,23,1,13.06
30.20834866424947,82.12767554226483,158.30621423301105,52.100520350500396,10.772891506091732,29,2,38.67
29.62030268398759,71.11472983434163,42.24049826980989,57.39243625388173,14.375046352444002,22,1,20.92
17.457277780441686,33.45745791016116,40.91667443008771,1.35647629711675,10.509656163186671,27,0,3.89
40.46255639023326,82.97040882428874,50.534842391515376,10.086944667160358,5.792168213901939,36,1,20.99
38.15208465153305,49.63934332344162,179.84443039494548,19.138414568665787,11.796652764127085,27,1,27.85
30.085277488062292,65.11000712687644,9.766586725945725,23.352674314810063,11.851008968302581,10,1,10.77
24.876312845072675,52.17155841744081,140.5841996123936,61.380177492911734,15.220906296736906,21,1,16.81
36.00945681195955,90.25761000290768,124.67415204417944,64.70344955181619,5.03091968736881,1,2,60.89
33.8524134555545,78.38576218371776,166.23759120328896,22.871128250609196,20.448197705049274,7,1,24.78
27.694408104670458,51.18799860729267,32.39658538596486,13.229111366783503,2.327067217864035,27,0,8.64
4.8482985897992,54.31002442271827,147.54414723363786,11.77609659690452,8.149539586475816,2,0,4.59
17.16174317742438,74.64069489964581,122.20184969083783,6.304491935506042,19.132369987371533,9,1,28.69
8.118795888313322,20.143677963424928,30.65044316873069,41.77542564705379,24.585693662878093,25,1,11.62
13.085568430654678,63.95803384529171,63.8054536746699,36.2280436778246,11.220155981198678,10,1,19.74
7.699396520378257,94.56242242201505,65.41955521955838,66.42072097384552,5.7009923950663985,35,1,21.31
20.598057914101513,23.154938541137753,27.763336448664177,6.150836314903213,17.66608170621634,4,0,5.49
42.1261197237749,92.09758020467989,173.62472224427094,41.40041428047874,12.608648119840517,14,2,67.89
23.671222804513597,92.54025918816451,132.32229930167847,65.20715865702122,5.3627551041319315,32,1,28.17
8.11264000217864,35.84869692251337,121.0833168703498,36.37428280169299,8.955101716411466,17,1,28.03
30.34193390168975,93.3358616853646,22.29242791670336,33.52928544092048,5.419096528425975,26,1,12.36
26.10805572156203,75.76248982130724,119.18295900998129,68.71585091607979,18.0683244149931,23,2,39.8
25.36215484236614,94.20890826050626,40.901262679824704,10.581027983167388,18.350162328912614,16,1,22.78
12.346884749363584,87.62340674413163,116.10630089154732,9.315697345544217,14.01937134465204,15,1,18.37
13.026433870023432,62.819161385027975,168.77041164039474,66.32922354363323,14.574701014539022,11,1,10.06
6.0201995011405245,40.97712600177325,64.22440661162783,69.76677182912582,20.05807141682513,23,1,29.76
39.75649197004885,69.57777744926263,60.95779993471597,34.909466689567395,21.31531948593274,32,2,59.55
41.942262546187266,71.24266588536258,131.08550022062082,40.21778499724694,8.784179960853084,12,2,46.41
14.037324180101477,60.70585395931201,33.773738429946555,53.81367451299354,24.700474812116568,36,1,12.13
19.04006228429296,71.76969568890509,148.00110772180915,36.9802439690482,29.078077330455788,8,1,18.25
24.19329576462892,49.61024000034996,103.70948620880253,31.952506944829157,17.055432401726673,25,2,60.99
8.876948658782586,46.88370853501728,46.640983330047156,23.08794269557797,17.386180304811763,26,0,6.05
13.5488393703436,24.84302347269101,36.48277803039319,35.380677508661115,10.345691442858982,33,0,2.32
33.265421591687215,21.145537854716355,45.33804533370267,69.98532306873022,24.258127565215045,11,2,39.47
18.786356776185652,54.50954125000957,16.501016947376534,60.702940345142444,3.646232079725822,18,0,4.45
25.224017107201725,26.045846634966317,153.35568490664863,42.321858272825324,2.585000802042451,25,1,20.94
29.811165419085583,28.33935332174517,168.58639139079713,69.61600676641586,21.37525263896603,25,2,67.94
33.27027458480162,82.79643333873209,156.85267545905612,20.09441828615238,12.048557222377113,22,1,19.83
21.456212167816723,58.308724288660976,106.34179931621048,59.122880743888764,15.520034954384856,33,1,23.26
41.62757334659234,54.268801274880346,131.53444997510013,70.05141267514027,22.31711288747726,0,2,36.7
32.201112817199586,84.0511561404456,191.71063706252534,35.52688048071852,16.84727209878103,26,2,32.88
36.61007641363573,86.92828359449747,10.293341035193816,38.19155315501532,3.222734638112288,9,1,28.0
19.93353187235847,44.52325411564127,119.3699495992161,58.96099801209552,14.260304212096585,9,1,10.38
35.27489328316445,49.56425650730997,76.80246510385842,7.856406754018131,24.48461171647585,9,1,22.6
4.417671380440307,91.09203670135062,0.7556370406954116,70.34329651412341,21.865601096212973,20,2,57.91
35.148514381022025,80.32772187561801,49.87092602506908,3.497734338025823,6.1236685367429295,4,1,11.3
5.022230087543706,85.2221894561679,91.24662971350166,33.60103937416332,28.337411848743507,11,1,27.94
15.340596261567253,25.956777472443235,89.008421502048,56.63417141460642,0.9234249526056926,1,1,21.89
14.317987137235939,40.912745990802215,88.09673026793563,26.019415455213334,22.090375880679805,16,1,25.18
5.428754096390222,66.68328096956205,10.376161314096134,27.84177847519329,11.81010686927255,3,1,16.0
22.501132386076318,78.79539765218234,186.0337429295356,52.85904002901624,23.28282858654973,36,1,14.1
20.588639175944337,74.56036118498947,98.2631435498243,5.287009251667657,26.70545347835181,15,1,16.46
34.593313655718504,50.06009231465173,66.30111968505071,70.22270300610622,21.378808893339325,3,2,55.68
24.55522097627031,68.35264241088828,107.52526443607238,47.317510288576216,27.22705686670917,30,2,58.37
2.0895050310465715,92.60549606478068,46.41581763760443,66.07256195368501,3.2704423360351798,30,2,39.39
36.18019818145366,34.60277617146442,196.41510199349173,31.778263251747696,28.495297944167856,24,2,54.07
26.65312518228003,92.56393908539306,196.51207238529403,32.662364213833584,25.420500844292658,2,2,44.87
30.36409105356736,78.13234727282448,42.62168483552578,20.024811975851115,6.04743258720106,23,0,1.99
38.703331000089314,49.09747500378682,182.78331577920662,24.998430501414237,20.037045382045783,35,2,45.61
15.662970704769517,63.6445928735541,187.59582426273326,20.841520059983566,13.765554529383891,34,0,8.6
12.911792330834775,50.13645553132456,128.66049569883663,37.540280735414505,2.87875589589523,33,0,7.77
13.062385803205006,62.60244415810424,126.57245536272586,71.9838751487953,15.382874906967768,31,2,46.57
4.789806378039355,57.908124253835354,120.32714716466728,0.9176744086879828,2.867261206155919,2,0,4.13
42.62686674204397,26.00109558702409,152.97654143728408,32.91177485455125,11.6691492392476,7,2,40.65
2.8570831861479413,68.4597776275404,126.3848562856248,8.395576007128316,13.864791408738945,31,1,14.1
11.916650077905032,86.83828093712859,40.94408128347376,63.36570772743049,13.412969864633862,36,2,46.32
31.231021654667604,72.70599308668073,193.0000418953438,32.93534804822516,18.97306748820871,32,2,36.02
43.1750210257464,64.7664025895761,3.9774035908863636,8.08175138069008,25.019715773083284,32,1,28.92
8.092881442189967,53.969965293008975,4.385285957784646,32.32073775701288,29.65214076467839,27,1,25.2
33.99383531740005,44.058934800753846,163.420784743566,50.35058175995523,27.785227728198702,17,2,46.41
36.095426561145615,50.63487249915542,134.12681896697194,8.012253409261943,26.72905907692965,20,1,28.39
38.831272489618165,58.76568073961946,46.336193084672914,1.532610452812901,19.601948027699677,29,2,61.28
34.23770945133233,37.46784179116371,103.07489399190959,52.60842709244704,19.319032984270443,32,2,55.19
25.987327476681838,81.95353899029347,36.77920450500278,54.23696807360649,22.827780532052454,19,2,50.24
4.46494364716945,73.88556610819438,74.38589110657081,14.754578319922167,16.34560673508115,31,1,23.9
43.80188918417182,27.248895468642825,102.34762414058365,40.55498239870242,4.146321160840445,18,1,19.43
14.085801404709613,89.51364073720072,192.758142892816,10.902632058176518,29.23499649788349,5,1,14.37
28.542940636908163,92.94581261755697,142.4329959607265,67.22104581558244,29.74736384338741,14,2,36.01
15.028610018567251,27.32211797063933,128.89047283294798,13.422931917554342,7.722146654380971,10,1,16.54
19.095338377934613,25.55234655544352,72.57276597934101,29.676876517069054,26.871033057345546,20,0,4.41
34.63513600209871,79.87139574863681,190.7541480152008,57.38236113522707,12.228246096536727,8,2,50.35
22.569478377889347,69.27242727419866,164.61450330166957,27.281550334327395,27.503436743433337,17,2,51.23
27.231126877237507,83.03671674565138,36.714220530629426,64.96967850372944,15.19084678891525,16,2,35.65
26.60837083960306,55.42941304443034,96.58928671468858,41.34606377315502,27.42786018528113,6,0,8.21
31.531925639410556,84.4518108887339,77.41108252041731,63.10668842575951,10.204260622432713,5,2,43.19
4.190143933796552,72.02064458628769,111.34393697520476,30.370379456289047,17.261052209311355,12,1,12.07
37.44992381531513,47.18218779337343,152.6035975245278,60.9475899989754,24.627875754604016,15,2,58.69
24.92850309924965,32.35819151203386,85.89833573956875,29.722945375875597,21.598189330423804,15,1,26.44
21.091510959657327,77.92557316653819,125.07847994270296,22.523812653838522,11.586087736376431,28,1,21.9
33.205000875675054,63.484036893779454,29.1413223495018,22.684206235611594,6.643423257304672,15,0,5.64
10.134390134873502,90.98546219730851,68.56902137643372,21.967792554503905,20.55535734540659,11,1,17.57
7.759534500544117,33.836670164095416,153.23009496062468,43.321493049389694,15.042094984907125,20,1,12.75
44.115292020773374,52.333466586376225,13.444646990919562,33.45363282838174,1.393009661731438,2,1,21.74
31.583121838758974,46.17807467678888,81.01682648083262,51.202194960478565,29.153961056496165,18,1,11.25
14.844753046358445,42.882123586513444,162.2787424688822,59.96322436412895,9.891673764830028,6,1,12.78
44.94809258678814,31.912936077968514,189.5125279920118,59.43421262049806,29.166439528388096,31,2,38.54
36.83928095670177,80.52602267494129,73.97227164814686,41.05978168224442,23.810855515121407,22,2,54.22
5.911703482354811,39.7432742204935,74.26667168546923,61.408288477761715,23.776462238796643,24,1,24.49
10.426824433030182,49.691267419163694,39.48574168011418,43.57147975091079,13.459578220089268,7,0,3.48
39.3702600479112,32.17308841223456,176.7770926478308,24.9731517767876,3.7509484682586756,34,1,17.52
25.927538279621118,83.10099978105865,41.37766109147367,71.2267652897227,27.00315275521182,9,2,65.72
26.86288660781479,94.10417889680816,138.21803729903306,67.10365337317963,3.5379958468552353,31,2,42.44
44.08907226184269,26.412646836963248,144.49729409075852,12.865556193767436,0.22204018488444888,14,1,13.22
10.758959695699733,34.40264555261509,6.4333849321676295,24.082104165542155,0.7233502478699738,25,1,20.11
21.889425235790757,52.595753118932876,139.75538947235964,51.61405895948297,22.858878023870595,30,2,39.29
14.56867493205808,23.42568039247649,156.2773139447401,3.308783279215518,9.249033116046252,29,1,18.19
5.081040213294202,41.94376605040101,8.87560151225486,52.432237366578754,26.93985835535059,21,1,23.13
8.709567315819648,20.579385594002723,68.79519952211422,54.23143185202336,28.812947379467445,30,2,44.62
20.394320519580305,66.94098747489838,146.82947941961865,56.624498662702486,19.488144283042434,3,2,68.0
11.03865222145837,85.64788675676013,97.59220900830752,16.586171213527567,1.2362608722463886,10,1,14.29
24.94911605685238,41.67327471860241,131.53548675852608,20.178224525823115,24.608228817292396,25,1,29.76
11.181135597152105,88.17154068843395,178.01379166290076,33.768798654752416,4.036825520185905,2,1,18.77
28.161581447842966,87.42045859380862,38.00982565787132,27.054688332568396,25.786361663528364,0,2,32.39
41.27210274322738,52.13548236174365,75.57319831234442,17.03936576469669,19.072690031025573,4,1,19.35
43.87788857889128,62.776611436342336,181.37559507942706,61.92515909579953,9.993763815678347,1,2,47.25
21.610912407083852,81.37884172695885,3.406292217600715,42.120699347385894,26.423163261800667,11,1,13.67
5.836512081091971,37.13450338243559,40.74686821995564,30.517519321768685,9.67010353671783,11,0,7.29
20.790173374269195,35.59311381348297,134.16698009925412,28.82992591947915,3.9847831332664594,27,0,3.9
3.0966864536545167,39.333101988716166,32.49723177775146,68.88816422335147,21.15844811913079,3,1,14.15
17.328689822403696,94.84675366267145,106.39379215583669,27.32976059265277,11.575824400248054,1,1,20.24
36.48968700799493,52.16273998499293,135.32228963261673,58.97623593263967,15.411795763298853,13,2,38.4
18.358592017015617,41.49981189247381,161.1774455590162,2.7823044368798606,17.818748127910265,32,1,18.2
23.143489985746125,73.81078757690595,103.3211126070399,1.0461881157427775,2.3497366832404776,9,0,4.6
4.683299771905438,67.26576967994636,15.741400273703277,13.038797881636977,7.764909302078414,36,0,2.48
29.73373085760973,93.80908077689509,175.76161979890676,42.750560067818135,26.819300229178864,28,2,48.19
15.422952841723308,73.79612129192877,40.00211788867267,33.39514758516865,7.958696332467536,15,1,25.38
41.74606088681674,66.269720380216,120.68210730520501,65.78855009512797,16.79501174698913,0,2,43.83
15.778714315146416,61.933094044088755,55.83933823131593,12.377954513742841,13.632073768161044,26,0,9.09
21.97977804905392,92.42949675588412,59.62311067882069,16.455457449484463,6.325643714340305,22,0,9.55
10.483817205152617,23.61271573523233,156.3355842602883,39.24405516818275,15.111774390807643,17,1,11.45
44.53847004439196,46.23046931329877,193.11184366373163,7.37871052887551,21.973503476019186,36,1,15.47
41.962072552972906,55.21013862574142,170.4568136114862,1.4009787296346103,8.946194440125208,28,2,47.11
7.549295619904463,27.958509507772956,117.05003061029176,17.864822512985537,4.987782849041896,18,0,7.85
11.903177066615209,56.97864847152926,160.19295295356366,25.81056030905304,16.944473459759134,16,2,39.55
25.36942157652762,26.512731533000863,179.02760519230324,56.958992064289305,29.170211297870487,12,1,20.44
36.76788275058323,91.97469210368352,50.20757009528221,16.8906001382003,0.9452392586579783,24,1,19.18
29.501676553279484,53.44080064361321,16.28817346438658,27.513350680919007,29.822164141479746,2,1,23.93
36.998769677394726,84.44094864823757,23.751116853288433,20.75262323169414,22.009819170391946,3,2,44.16
30.611737198224755,59.848282766697146,10.934614395510911,68.6213819709665,23.7761167834297,26,1,29.63
36.64500778383696,91.89930608872511,190.85154914917274,44.78313571040903,21.845223056865166,3,2,54.85
17.303987329682354,27.505873528361025,60.05182202643553,5.402383695215968,27.600944899539954,28,1,13.79
10.447390135022664,80.33302413428197,61.18382194805021,23.01539524984255,26.098528317492573,4,1,27.75
16.788890951739347,57.96522479495811,12.298334240581909,11.525355141466465,6.58564907178952,21,0,7.6
13.900145268061612,90.81963976003458,17.160592445204827,39.6430395175863,15.660209760434968,5,2,40.46
19.65506391003388,41.42897054256537,67.37388336917296,25.433647939220414,5.967852409958398,31,1,13.5
18.567251819461255,87.59123481955928,164.1285094596579,46.092996348146166,19.635434002263516,3,1,29.0
26.219032275970804,44.755310033686584,85.97039565797036,44.128085274832415,27.26554133646965,0,1,29.75
25.326030670879923,50.215623894711555,170.2265675605998,14.26492379310311,13.186745676474624,22,0,2.48
34.24644914908394,54.410969618107565,32.69022179618539,18.512663980499934,11.026187659565473,21,0,6.26
21.373854736234147,55.75057466365435,9.447254737942767,4.2945325589060115,22.876554283341203,26,0,4.69
8.970702283498662,66.43360214775657,101.11888033816912,22.31262207977346,21.82603969471232,30,1,19.55
22.808014679688835,45.02588907592117,18.963129266128487,40.49995367245718,3.383776992803411,14,0,9.84
6.050275654574898,59.89782627982941,149.3653012298188,29.97748535691815,20.103223480333046,33,1,18.74
37.09720864483357,39.78949141677225,165.91099149910684,50.63546505045387,29.694854712330482,25,2,51.33
8.555044029539852,50.827033390198366,157.94635266400232,64.10791835893187,21.077297098926604,8,1,23.41
15.314701017408094,64.11349549658962,189.69212886058656,50.54196186643132,8.290589067005005,25,2,31.44
21.11970981599055,67.49402911617419,127.31880552366009,57.11740818699183,8.613119000643316,7,1,18.8
6.119137008457875,79.84484680850626,149.40692809120156,43.31977975191819,11.338881606579196,3,1,27.42
36.36320872578153,31.808850023469887,37.301336557155196,70.45804701521631,21.517825544298923,10,2,53.64
38.312350503095445,74.69905608744682,166.34422509863717,15.622721040381414,19.206576131010156,28,2,32.76
31.85899632371884,40.13946017645584,182.56823179117114,21.812653774068433,16.655417989309306,20,1,18.04
26.873231449119338,37.25216224092951,3.0751248088993988,50.169055756252305,6.930785275328789,9,1,19.33
13.265480998302039,22.07023831797611,62.604760591165466,51.50674944816436,4.428412686802097,14,1,10.4
32.34188447050281,69.74943934112507,20.75003538410678,19.911130797566543,0.17064670588131103,24,0,4.95
41.38223999568467,90.3977237301129,21.430492507833108,10.394947791824713,10.741647366971941,22,1,21.72
44.89455374954649,93.22025474308414,82.0275971442883,18.398483731845303,22.752305712811875,6,2,62.26
35.061064080438555,25.944963326238025,131.3060872376372,4.473462982682148,3.4567746392879037,5,1,11.05
44.75715568980905,46.11690263461522,152.15518266770997,9.960666633782688,13.634732407963641,7,1,13.84
11.16778415872081,66.13200244058012,89.50929628284476,11.843844652361215,15.95571328071493,16,1,11.92
37.68972677208474,40.34129999074819,94.51960776843218,46.730659410244755,27.10630777605641,35,2,33.68
20.898150258559987,31.031449420279017,20.05939338557785,21.802742799126293,23.940465561133568,33,0,2.44
3.2721198964345954,67.07313510801299,79.02015060295786,1.1954000718803983,20.216681968391427,32,1,22.58
42.44605199823535,38.78786518452188,138.98427292797226,58.37662358377861,21.063077393576304,6,2,41.02
17.940193766432074,85.68393357197783,168.60287096899253,13.024406458831256,27.127989254576057,17,2,58.95
29.80993120163555,60.54148387113694,108.54892867125774,56.985644646033855,11.271607039191588,20,2,67.82
42.36789536116226,36.50507860661464,172.77402952624908,18.961511602002705,29.11923740249664,14,2,30.28
9.795532229109366,67.98154878666986,15.243793677716134,45.912419683693045,24.258354075806203,23,1,11.42
11.366110329263924,86.95297355713136,133.56291456398628,62.305002140443264,28.694432916936808,28,2,33.86
8.117993073488922,80.99099642621059,120.85900212228378,69.55687345685824,29.38450104869844,35,2,69.54
11.294614587074326,56.27777062363797,191.32130109271438,60.544558546643415,28.24892758500067,12,2,44.19
42.919156243543156,37.635728202966476,155.6358973431555,21.479783818965515,21.235492461859245,24,2,37.39
21.870163440289087,84.12395111240431,93.00883071165822,47.74845721737852,0.7242233136700094,35,0,4.93
17.277584242637538,32.32687817768276,94.6916704839538,52.70311080997155,18.70920809312964,14,2,61.67
24.367145913044574,93.9816583685668,193.6102791641731,30.15942442025843,20.555385726194853,17,2,36.11
14.598127981690604,57.07975270806968,8.387133119773749,14.259860783328715,12.734891235815024,14,0,5.32
39.571413055732556,43.16141851916339,140.13986422041117,62.109208995495116,6.078471020885302,9,2,69.19
11.59888700263933,24.98343791694711,54.184322262010575,28.937834947213638,13.23016802793491,9,0,9.1
38.54933502646597,27.010919069497017,8.374939794642945,36.53923059332748,1.7898666999181467,11,1,27.94
22.223279076493966,62.02275665609094,198.4846533014179,54.57072686630023,1.0767229277313095,18,1,26.48
40.70101469928221,79.22708845527409,38.775279878563865,52.93695309459791,15.05679075480456,30,2,49.78
4.823705356613591,27.527510351762544,66.2280477850463,27.03904802606646,13.859221166708403,4,0,1.3
6.949814530777475,52.33876989244696,42.42578543633291,21.488488441990125,14.147023900941786,33,0,3.21
27.165931728241855,33.3302115966153,6.718637815901496,24.655778244230092,12.825664636807607,26,0,8.33
41.2862080856757,31.580758088169887,11.386991387462686,34.985601463622004,5.673880104771199,31,2,30.41
15.524443975464658,42.42589949690823,61.82076497839284,7.5004449014141255,1.6079667578660806,36,0,8.3
8.91884439626066,40.64676018251031,118.97317017752036,26.311125253661398,25.321227403382263,16,2,34.02
44.678668751266166,80.70399987792726,27.512851622507917,22.72825608681089,18.74910115072031,10,2,37.79
13.637864568374894,80.40623379707485,136.68840545500666,37.88799597880542,19.49597887227,8,2,45.46
8.832933699646347,72.58891740814262,150.13147249434212,32.174335317943545,23.80866315898732,24,1,28.73
28.102386245313134,40.705393427439745,85.49599419716706,35.14444914030505,20.6072993604964,20,1,24.76
44.976372488654434,83.64989838403847,52.00467462899378,14.45006510560717,9.420637517501714,15,2,64.03
28.11988032313871,69.93245635477292,15.339843323023938,67.25154574775925,17.909991393019965,17,2,55.28
26.377904496062285,82.21274555302138,65.22516629033474,68.88689408092819,13.97865593417209,7,2,65.23
22.099825375799863,64.020885823574,167.60588247206513,39.399989833326096,22.14568729615473,32,1,20.26
10.506892840540942,38.35543832803131,180.98863663884237,60.583567305427245,0.3036767562034204,30,2,31.01
22.203284270313432,41.85887357340556,95.51013107943422,29.43552958352321,27.959376586721444,26,0,7.15
11.5972972679679,53.12918684126971,147.45373805061698,28.7705621653546,0.959895662780893,3,0,7.64
24.071399496619296,59.08220517445653,194.33009958632107,47.3311196237805,8.635208792304057,23,0,2.15
44.72783781755504,48.98455581115955,92.65221322004327,21.968429989330186,7.088808185731363,22,1,24.98
18.40538374414077,33.188052903367435,144.58283644027702,51.10209869155336,6.019500464330287,9,0,1.69
15.247267827555556,60.78955799946386,124.21887111738994,58.285139021084895,12.219697396617113,2,1,29.31
31.5157307808701,46.44216066818639,196.10543365945855,21.872719888811496,0.2157886802357989,11,0,2.36
39.677795455050294,83.3244848245341,41.03903690084667,60.01225137634064,5.255212233567112,22,2,60.81
30.63037885439047,34.97229865048784,53.74132400734004,31.95736518979998,13.383840282575592,30,2,44.7
37.885602696337074,37.147044398672975,163.09874464818836,32.8880364606476,13.904846618018455,19,1,28.0
39.14393996115741,58.0949950379047,186.92416807078158,59.9584337256072,29.753357152981174,5,2,61.17
17.112857074604662,70.5825104311603,13.057458242782062,42.32285160944073,8.361965773585412,10,1,21.18
40.036561875791996,84.03667809096699,119.76847511449374,20.013697589409876,14.263690384860721,26,2,44.14
37.4804114353202,89.01347616789748,8.00088444472542,53.70218733566315,1.0548163424052648,24,2,48.46
17.15334182264072,81.5676003738664,68.57281158917247,24.99002901641635,6.68282002975941,4,1,11.53
34.95083025452719,62.93142979741224,178.5498009040703,20.304769397619307,7.264340992177517,29,1,22.51
29.960470864062383,45.184500324273095,73.44916764992402,56.457639889659184,16.559001642747063,8,2,44.37
24.30676366946484,61.492765335471695,66.40160226343777,17.927171334988405,24.456655626363546,12,0,5.39
37.2223793749381,20.898487224955343,161.3954805992861,10.169802878711135,8.707471318878838,1,2,32.06
11.35220686126492,93.94278703425981,142.86850661089625,59.56486797854666,2.6892380470901767,25,2,32.31
30.567567568471592,37.17030660940675,27.780169257626852,14.915462635135809,10.6222815507336,2,0,2.41
11.449620834611924,81.64268292959653,87.66187722744772,45.71930375202305,2.2710640847458596,27,1,15.8
41.05399733521693,65.27210317621181,48.34152544880379,30.5048327666521,10.70700402239116,23,2,54.3
33.21466479082823,26.136417842355353,25.483103760310687,64.31974001185785,23.073867048653398,31,2,40.16
39.736010001359595,24.719942783638906,116.90197902234529,68.40251271872137,16.472443134759637,5,2,35.36
18.073180271759217,72.5934432113516,39.5093760814114,3.4932190096486586,9.164023575840016,25,0,8.86
2.981291390638434,61.24126696158141,61.81909773994185,36.50397879771441,16.761388577835646,14,1,21.14
31.349081340878627,83.34044321445346,93.84354392922324,59.77929079286769,23.445831997316088,20,2,47.81
7.133490665922954,32.07637496181773,106.61653213496048,69.92021303093769,10.717062498503461,33,1,10.76
10.949961779933883,48.03120813098269,88.01668890748533,66.37838325126238,26.645957127391902,36,1,17.53
18.370997893125434,70.06459769473625,194.96155345001546,43.85949409255326,21.644562283096477,32,1,22.56
40.08864139054402,49.11583247323264,135.89082880998382,16.812991570524154,7.78117600572588,30,2,42.16
4.1357543537348,82.75597488143443,12.860306178256863,63.946634365612184,3.763961672041808,12,1,21.26
26.703686082560104,41.52924545893668,132.58985468592223,36.4217587090636,10.042304008719757,27,1,24.55
38.44756476484153,89.01936875838307,107.3732534168725,15.869100186219836,27.473764696409607,8,2,31.94
14.060101250257734,26.451961541515264,38.32984512639885,43.574786499563274,5.900592079543509,14,0,5.98
43.54300186718846,57.7040981716043,10.303045187861027,16.317133909538114,7.34378719247312,18,1,10.87
16.818436087438833,42.442752311526306,135.10778556342845,39.92243153504472,4.147889521673566,24,0,6.34
39.74622442051307,80.82434547914295,15.170757158984149,14.939959418576828,19.731320074660275,2,2,41.63
16.21411522067119,78.62436645462964,57.65226861471655,24.414504963364564,23.533821395927063,12,1,26.94
4.202592054243054,28.800702980276697,190.5109773477647,32.7696627856366,7.693143179953742,20,0,7.14
2.760752694209377,25.407430186263497,31.220999527480053,4.415335080058407,12.025897164147795,28,0,6.74
14.017347770147168,83.45651463292752,12.03017674807505,68.63954277841937,3.041846514990403,34,1,20.35
38.178890015709804,34.98135481497126,144.24825499857184,32.37410304850245,29.954850214418098,12,2,34.17
38.80110389628154,58.70131575632224,47.62112549441575,14.312649760411132,28.622620591071428,21,1,26.16
44.383373445004246,47.61168052720909,70.30332498214523,46.07864946475005,28.845504198804576,19,2,58.29
41.99209253658573,20.70169759305701,116.77245625820703,62.75962322023372,5.589215223460404,36,2,32.03
13.800452279236342,94.15650628964455,184.40192409795537,52.874891850189044,14.90527924114475,7,2,35.22
38.78361269203234,32.46431897116339,180.17471850743536,43.527782255108775,0.952793662214394,29,2,68.06
42.26425524089942,56.84731624022793,21.957477941654858,33.84883765585924,16.68221588616869,14,2,69.57
4.266190067258927,76.479728471555,0.8958953839415251,22.445905681153185,15.118759130540353,24,0,3.77
9.704175618064738,56.963621073829735,174.7255442800584,55.80262334154249,2.4357214739706476,24,1,15.48
22.60095260511685,90.9722690328831,112.18150561407421,48.23069027771127,3.3865145547554274,27,1,19.29
3.976812649620617,86.87819950887041,76.37949752850619,51.544904031729175,19.546452820438066,17,2,42.76
38.399941626538094,91.61450569516016,4.117326667448351,25.707915266177114,20.04431773747388,24,2,67.72
42.80096495764549,60.390908160509824,185.9988364839311,52.34887931793782,7.93677383986755,10,2,56.7
31.25040963422802,50.09846208078132,22.83675359759185,51.90698042314833,24.722628365122315,32,2,39.16
3.4712272069301124,86.88670907133368,150.55256822719042,45.77826239497233,27.83028477558412,22,2,35.19
36.747852215389116,55.15103890346186,144.74088519340614,60.81910088415931,13.95921589256044,7,2,49.31
43.66497851209159,45.67636262264963,24.610038633251573,36.67155006788222,3.72718421590422,11,1,15.4
42.83435675574453,41.67755481676229,198.68680987391224,16.89705706239211,6.243251369911001,5,1,26.84
33.112088217726495,41.19747058640982,4.503355214064753,12.065002745314047,10.484199034175175,16,1,28.4
29.449204118562985,48.562691013710676,1.4545962957183134,18.537564501739674,19.00043550567487,18,0,1.97
42.15420104934274,53.890929252775216,49.70592482339302,23.12460823817821,22.556562858568928,28,2,59.69
43.94583321406634,55.82101772833224,154.9413736031123,55.42180476746328,14.922986028992284,9,2,40.44
35.19497140707106,82.6706529093705,160.90157553664534,44.91534079924992,8.412826051748347,4,2,31.57
32.39837583564062,92.89925739355446,33.60354765940523,29.846595159246814,2.852813994081881,29,2,45.07
19.14432044263464,26.462974973523608,72.20740136180814,41.28971713653861,26.36616565069846,24,0,6.61
41.90194696352218,70.46767701240486,160.535370927514,4.028814088740284,17.95517904721874,8,2,41.72
17.199089303173615,31.297461971539423,159.06140660222286,6.274274930873606,5.682164394213153,8,0,9.12
15.367415040351341,53.0660174851148,71.99976188795458,46.856046890905446,14.103592981994066,28,1,17.05
11.634436510976998,83.92120244470598,41.05099968995116,47.81901107379282,29.038600282023964,19,2,40.31
11.272876970428786,72.50481293699005,154.1926048970754,20.534505000432777,12.241289964542158,23,0,3.13
37.60478197826005,49.56274628961673,189.21797015881833,48.914075649539704,22.543876068834408,32,2,60.27
26.127832585447383,54.56526539253607,179.94821819594887,16.209298084126196,22.242596725889996,7,0,6.54
28.846206767035845,42.05143033953076,31.619968742718306,65.26657202635623,20.851035946419884,4,1,17.22
36.00913316353059,33.23271240651718,187.31521681474635,56.646943637785874,25.70443311401561,22,2,35.73
22.378334267286924,62.40488638602233,141.1229925501453,3.8768477360809284,2.4186285652734973,17,0,4.81
5.597237311910796,60.309677770175135,128.51463845254852,69.0394362306436,26.994081537349317,28,2,67.69
30.806504765237186,39.47060530386451,127.32890517790865,38.98050953951958,18.204931282627356,36,2,36.94
31.14838996275052,35.95349712138473,45.83083740508576,22.326263674745153,20.367863089811276,2,1,23.49
25.373105356862197,25.169241600885897,20.09324230170013,40.13902645323446,9.834029059263289,11,0,5.2
14.193941306730014,59.25512515150509,75.93002876419312,16.94473220070014,22.705343883899527,7,0,8.2
38.13768510482157,44.694790736466004,149.6133604504039,58.9477151146542,23.044574928082735,2,2,67.52
31.85465396014668,33.95375246065246,6.205688483606453,62.322947453124975,11.889919612083693,35,1,21.23
30.02163781456495,56.28449247908852,139.44662808805413,61.51976376990372,5.866710328673671,28,2,47.47
18.38729353248307,69.01043922196709,83.83994197798985,68.51249781323178,26.834062814263316,28,2,55.79
9.335067077848407,77.9561591374879,81.36715346455468,26.270865669156056,15.620175432058812,16,1,16.25
3.4331381839790063,51.05503749326272,163.451762202776,28.211684028651128,18.094834804106306,6,1,18.33
41.74074171749819,84.98734274987027,50.235642346768515,71.25912181665426,20.075132823450488,29,2,57.24
32.602932776374416,40.12367677814301,195.7970971179069,61.839546645173805,22.37224057887963,16,2,53.62
38.72629256563897,90.96178413417068,183.1706199883505,29.53221267251221,26.895035639218584,16,2,44.06
18.095508806198172,47.81927451192321,194.48133894206347,17.15928464578611,24.541846808167758,17,1,10.11
34.526892937243666,71.18371897630935,81.06494153532746,40.197020857371704,7.598126870024106,35,1,26.72
8.986237374412315,79.02920718842998,148.23053465713173,13.253812638430468,12.654864077243815,21,0,7.84
6.075330219828953,62.22269261781522,152.34969938577706,56.71262747565883,4.4398057329122675,9,1,27.15
15.17292499979895,86.6768584899527,39.86649194284273,43.41029874792475,17.146463245477598,18,1,18.8
15.69666979306889,28.537299305559877,123.04814299157614,16.5247160116269,20.44424939008763,19,1,12.47
21.131657581998518,67.44019389907206,66.8815857595136,30.42769462459778,0.3597373208476573,23,0,6.13
15.949749022459017,32.26517711998426,11.92448729562059,20.79586481380854,4.930753240966533,10,0,1.56
18.460242941777675,70.64909820120462,10.537887266677837,66.33033562745432,23.021270917548282,31,2,38.75
43.200482153674905,64.2248229788427,78.02329545885362,57.80308116886971,15.754768763337516,0,2,38.27
31.269520958082826,71.13463916919716,66.046120067167,63.81056136789934,7.983363485997701,7,1,24.63
39.0301277963229,22.17942814294718,36.75173622823169,46.30088160290935,10.145993077092111,10,1,21.73
29.332524721742264,71.76945213099808,130.97534776627703,42.466607891311796,4.675169544123552,32,1,15.2
8.148985472723755,85.65052152771511,80.96516169914145,20.222582384413062,9.128755755445185,25,1,20.13
20.28269730456604,70.37327822620301,120.8852836703204,17.97845902869219,24.383198635502648,21,1,29.78
38.45704342876847,85.39856919069614,128.43283332047403,36.70651161146237,28.717786685071,5,2,55.67
15.996593109056242,21.58740857090557,21.674941458633977,19.451377587205446,1.9639116390606315,1,0,9.98
44.12667444581463,43.20691893928661,151.48285578178468,40.41179748986489,6.8552143654339615,19,1,17.68
19.825860092032748,66.13924479942199,142.98462528422488,4.271090888317422,19.925424654070824,6,0,1.25
14.024448106224254,24.022515576833605,25.207606133758276,44.0477125078816,18.212458917635175,20,0,7.54
41.58161292374558,63.870312400867775,155.88467282951456,54.346627103671814,7.734271454015786,18,2,49.14
43.50538488319594,51.911678131976835,119.67507765899492,20.462530695115966,22.750809668727978,14,2,61.48
25.49149759270419,55.60617406600483,76.85611369195104,14.295852959288844,4.396860084430942,4,0,5.19
33.84988264944829,50.144371573196295,19.403926298480112,42.27934006413213,9.886436557145453,32,1,20.05
40.85963456010684,22.222968738202816,28.06727335850119,6.56060170605629,7.8969301519582995,6,1,22.84
30.911081230915396,21.934020746418806,89.99915743398807,39.83371015625651,10.193538326409948,18,1,23.51
23.876972369456322,60.33592734720372,49.16786383876443,28.06209818724652,0.8058177347491191,34,0,3.8
15.915584429835327,27.766470660103217,163.06836522755395,21.726051348842944,29.276585640595957,7,1,13.47
23.668638162881294,55.000461428898376,159.01052137567277,60.08489065787848,8.503284682251762,0,1,13.59
37.06003165019851,37.29013414937881,9.68458928535556,50.781220712031065,29.33288365391623,14,2,40.38
16.10054070897234,51.79060575758484,131.0814246429173,20.031158509736233,1.529302904060279,30,0,8.7
43.485701583052624,57.77161483165488,55.179763384369565,14.321950803032843,20.835734903567293,34,1,22.08
2.703553909166518,74.07223461756294,125.4322898426233,49.501084879698496,17.117012677723583,2,2,35.98
8.42877132457327,51.306154649483375,67.11724203763676,25.554239554489747,2.740048152219247,11,0,2.46
40.463136429616036,35.452052894070704,83.2385015349609,22.78007319388836,23.621499376540143,26,1,13.93
44.69740041346894,62.80812634747277,27.791652876703644,19.96223845827443,5.034662823687728,9,0,8.17
21.711738491384708,77.63244156932183,91.34428241486702,25.416945118640314,28.873531368129985,23,1,16.11
35.660797150270625,81.23097160689233,9.214626371034495,51.20294197236753,21.607609304154508,25,2,34.51
36.35326621479168,92.98649698589396,36.24565783675402,64.50186434180559,16.704283263352515,20,2,37.04
41.55729388870751,37.43997105389634,93.50696455562027,68.95607295984935,26.375984741106663,33,2,43.06
17.49788167676406,53.28768686018872,165.3085312144753,24.733294325016043,2.688980343297861,2,1,17.75
10.834724514105792,53.71958782752374,113.2373425625344,51.65559986995242,24.67168894725256,17,2,31.13
26.676054641704233,47.97246595594077,142.8052429173811,48.68302861651803,17.384594443690965,20,2,34.08
9.272916512866374,49.41651714515209,164.49847530121116,15.224148747332693,25.971228165751075,4,0,4.3
16.679758045181174,46.04662692472678,146.70527818766064,22.653004054546212,6.023179450632753,4,0,8.25
29.383138572023746,37.98739416305531,44.88774464916332,26.89515039561954,23.341908751777005,25,2,61.49
31.200434860216426,55.60667552850579,149.17756667187024,1.4666456874273501,9.168217744962657,3,1,29.75
23.928807396449436,89.28773217777683,172.70787696333474,2.154237924941131,15.886743820520556,9,1,25.79
42.62611369325359,93.20637906163613,178.8222361756279,15.096256902010083,5.838005097839907,26,1,20.88
18.844276099507155,88.00182541378815,179.6718037839724,15.079342212866493,11.458892074717822,16,1,27.06
42.57513633841717,25.911097935802566,102.85536490841487,55.301550088835455,18.004579442208442,20,2,68.89
39.168487294639455,26.35083031402422,81.71272093994637,59.177030575417476,24.397179955235206,28,2,49.51
41.32556740134971,83.84389749756892,90.99473901557566,0.5139326571181753,27.028034865878418,11,2,39.78
9.732069509184022,80.2158153417376,115.90028833318485,68.86080416346242,6.943605369711494,0,1,29.55
36.67069196202214,22.754701965847165,35.26603843183129,59.20373296626587,2.6059664481588207,8,2,70.0
30.45318998361484,25.127815948294238,91.46940518982146,47.97754488047851,8.87978946497186,14,1,12.49
15.944769221795413,81.03710175602848,85.29830803191199,22.787115705322197,12.989111918247625,14,0,9.02
39.37198742857223,22.921074417460854,29.132710372735172,23.560855995145484,10.363853191898363,13,1,10.22
3.367583056140203,83.15225241140405,58.4957283415992,60.446367828133354,14.356712001417701,4,1,26.04
10.171023081484098,67.00174266690183,198.24568921772487,64.21084986355706,17.793220730510313,19,2,69.94
20.06501044425609,88.21666518315061,46.83685917385765,7.4731083062218415,19.02270103085491,21,1,17.46
15.973215174258772,46.46448071579982,35.960714848312314,60.224244686712176,12.141172915452746,15,1,29.32
22.72930339914279,38.437345121747825,124.17765383634953,39.04977722087274,5.135571702111532,12,0,4.92
19.357601944500882,81.0877611121372,142.3301620614186,4.904662464463219,27.892802932128724,27,1,12.69
26.636683378608115,63.10952350897272,51.16785663034673,45.73822513361502,27.22244501332988,19,1,22.61
4.076083868114179,63.929852293955385,9.509960437045173,52.23629853681384,20.110580934052923,22,1,18.23
18.25865709202025,91.15855808743898,83.9204041868258,58.887497121862225,8.479644964910298,36,1,21.91
31.22595427375744,21.247556285732585,176.6971152815965,42.537314615430674,1.3543998679429248,32,0,6.35
43.449474480297106,91.9545209332865,149.41354686203655,21.68205016446587,7.355386210268465,17,2,32.66
32.66479439500491,36.813549819702125,21.956865239110044,54.97234479321625,28.74560378957607,7,2,49.3
21.01461209062124,91.02767706096596,95.95263822564968,6.298824532499467,22.965500372107094,12,1,24.21
30.401152831813267,20.008267385136683,12.61170511524874,29.692457568390115,25.22845559414464,22,1,21.09
11.869914019402904,58.424769145218725,182.28145662763845,37.124339563635594,4.71969185362944,32,0,6.33
28.612309216674856,43.17114052741677,55.95751723094147,24.92225281932803,6.553731960230764,11,1,29.29
11.371437375800364,23.893660303413487,151.41878141443502,28.400287122466057,24.738378485001448,10,1,22.51
6.473538016696321,38.94862445421014,101.95193906909343,70.53160275843031,1.9106172060107596,6,0,6.65
38.91568487591503,30.456274029919626,192.63150471678827,65.73480474343167,26.625871680321637,31,2,43.18
32.32254285390669,53.60381611503138,62.31785413468742,69.35149243699348,4.17786809665038,9,1,10.18
42.84548414080084,84.31731052993439,158.79013742103047,68.54134664314921,6.922961564495148,13,2,65.49
44.02908040809539,27.526453542978427,87.86610055864006,70.38144791546749,11.387040857097773,1,2,31.22
38.7975162952315,62.59364644961783,17.904442580491043,61.51243027296328,16.04658809871002,18,2,43.51
43.13819272523739,75.59326381042263,26.35551261979614,37.05572056814066,16.66725593358861,7,2,47.09
22.68569374987821,70.77184531741344,101.95667314831684,67.92203294148077,11.959772762028265,22,1,16.53
19.10510823437093,70.86366907931061,62.9673951033652,41.14769553784969,18.384085447794043,22,1,25.14
32.60227309543966,81.9958224763975,185.33271187889392,29.966032807980916,22.21550398672364,8,2,32.3
42.563798422280485,32.13909976814767,128.7747894032671,58.659927586640656,27.15201154914249,28,2,35.15
26.84203056382283,88.90461923716487,116.50716223970123,66.25292300977375,23.10111071073657,32,2,30.87
37.096215698650184,36.695968428017025,23.83205303897484,36.329945389172686,19.385705085997113,2,2,58.55
33.50082730809352,64.27734664002648,138.35210615265555,52.89274619817905,21.807610157430705,24,2,39.49
6.472365029533546,44.18166245850903,107.63971566436514,70.11818823947176,11.981107630540755,6,1,13.34
13.38573035807684,54.906251781955554,178.86018762145594,55.8051809542946,6.808316302899952,14,1,11.35
5.44508378410803,89.31606456398663,8.140488364008668,11.313681171715709,27.451198315096537,27,1,25.9
5.705689579405546,33.94507958617003,37.900395065276406,50.09594027886032,12.197562298974274,16,2,58.36
5.064928538688123,52.082907650457464,183.0778831243761,34.68146350146963,27.329847303803426,10,2,69.37
32.378780569278554,85.34129651569812,149.61554032647513,50.79270779691857,21.46678733693407,28,2,45.18
8.397048776187447,84.08992771893399,123.71558317310122,44.07565772418956,27.640216794147648,35,1,14.79
42.22226567035251,82.2066829990078,145.5082828311494,11.233608300652486,10.469996767577642,22,2,33.07
31.901276962257313,79.05693045036375,89.42228149635649,23.61120076035158,0.4063297177320624,30,1,16.56
23.445791224930538,72.68746799143078,154.37262620010216,28.56880650882582,19.893061051355073,9,1,15.94
7.043464738656773,45.82868468600286,65.00750429646732,41.43567139067895,22.957113866032596,5,1,25.1
25.074533982663166,22.812399535037965,128.64260060448527,37.4903238964599,6.611087065456949,4,0,9.4
3.636933939444826,77.83862720886711,22.3412244465943,29.864204274817688,24.523380069759042,31,2,30.24
12.87198374273541,25.07433023685581,25.474230898839956,8.51926488690957,26.172598650538717,7,0,5.27
18.82647296949859,47.765785028216584,135.11380384473392,27.43508784003455,17.430285586505313,1,1,20.49
13.693454520959072,60.397373564922795,30.80057470645996,58.47290759849671,2.07014517601206,24,0,4.08
22.455100913986175,49.97569178314028,144.3619591771434,68.639797097495,22.606757542173778,33,1,28.71
18.774898710773456,69.9036673949526,151.7350797065303,4.993112668362753,23.026692494505387,31,2,53.57
14.74142195322289,71.11655548575902,140.77470661898994,40.71956625149078,18.017951468150105,16,2,33.27
23.144251934093706,21.449536081403053,45.33364627246068,51.24056449136895,9.027915698603575,14,1,24.25
44.50447973017114,40.26718799056803,132.74116395915428,8.958370637911585,18.0554289014169,33,2,41.67
19.29160410833038,34.296515801113514,118.6417390546219,53.42077842844638,13.219267989288614,3,1,16.05
15.72507153532516,41.25192477217849,172.16425214803454,30.648261487761452,10.172290254117383,9,0,2.97
24.3724154274747,50.69545464846381,58.99647678446489,4.357505957598307,15.623227159155647,24,0,8.66
2.387710689029813,79.53355771045717,93.58624358793617,57.99798110919419,18.376512275964146,23,2,50.15
10.430337112552198,88.08965653801235,186.2275818385246,4.210652744736863,17.808100670166144,8,1,17.81
7.175769756145473,60.49046865873648,145.71116124598765,40.06010642285705,28.47085952854793,34,1,24.45
34.58643174330955,49.40850428431388,66.12262187224671,59.62183564856332,25.49390011960969,26,1,16.29
29.483765962828357,30.058622058022827,108.03196049980835,51.66405597236469,4.965327496807469,29,2,35.6
44.107108979055454,25.54880375687893,43.33644022919854,54.59903373047014,16.217961181669857,8,2,38.22
9.617502438759407,92.3169466907563,21.517688919974876,70.96878656597916,25.256798580020178,26,2,59.59
16.03069642313821,60.44209570013177,118.3298655049839,40.91793943647935,19.276620345464714,0,1,17.78
23.42537346968577,52.576363988447774,108.26601550914319,63.99094888183667,18.98487939163835,22,2,53.9
19.089616849042788,92.2628386841341,113.67699503838773,55.652405335776955,25.83543696891099,28,2,50.74
36.121658922002794,51.94443345185577,160.22774165975298,20.004232653679452,7.693883754187043,5,1,22.32
20.337896991127902,37.64629299524178,89.67331047889522,57.142173743604964,13.449370597295315,20,1,12.96
3.2229721409018173,85.77157167372178,121.56990579808023,58.773822597722926,15.646633572089694,21,2,58.03
16.230780973636257,73.17696430250004,191.67011260027854,70.6277311370354,19.14309027411787,31,2,34.77
24.538832624695377,64.69604782470466,72.49799807949738,47.96697509641562,7.5065087667639006,20,0,9.63
16.566198212496012,31.2448017155008,120.89971850663225,34.61358176493616,0.12825373981472876,14,1,16.99
43.546958316602165,30.22166786276692,150.94003528227967,24.11950978338962,8.710739628712869,3,1,16.98
17.853859705046716,87.37463269428898,149.94484044272002,16.794886289231524,19.312169837997615,11,1,19.93
43.75746099153385,71.78106056714097,20.487737953216122,17.98600789158719,17.852893120279468,3,1,29.15
11.886397467321826,90.92020838945157,169.06334963760668,31.97242068856662,14.45985665837949,17,2,53.65
18.404285432018945,29.579454846734706,163.26763738084878,67.83500789953113,11.648189723887942,11,1,18.22
5.587246715079604,59.77515115900288,42.924054934244495,24.79612510294701,19.332864739268228,4,0,6.34
30.787827514747104,30.618601393479068,147.16232076323573,46.66323996305294,29.137254986410536,3,2,41.33
16.10206201062238,40.62869664442951,118.41186587129349,2.335387444283386,7.386769559540235,16,1,24.17
38.80751053643733,45.08797722488802,59.28819845508313,2.8736147123982523,28.551519019150593,36,1,20.05
18.398650932807357,89.90764699807733,45.92251130394294,23.362443168759945,22.404815263892125,32,1,28.24
39.101409756598954,61.258004755187294,45.86812545024181,39.231629114651206,21.388340554708638,28,2,39.72
20.61808694047237,21.750401212298534,12.017670548656923,48.97041769104138,11.160373234379096,25,2,59.37
31.536197408948084,34.42643545492672,84.51651374078241,45.16856695179184,26.181535238870786,20,1,26.17
17.61394791919854,47.254602779250675,61.806582958228894,39.60643048008615,3.8720621669615984,15,0,9.08
5.275338461352771,61.22731662211195,107.93643195103624,27.128793649859645,17.067144615138304,29,2,49.59
13.58877771061876,27.48933683540192,173.02879628756062,21.6849486255192,20.834286882499903,9,1,28.03
40.399642141042335,34.79395832980396,147.38040231819232,52.6127048845697,0.255094252228627,27,1,19.84
2.408164408047938,55.33745018378321,34.67463096526817,27.54721727109846,8.737024507899484,15,1,16.63
8.136115472662084,42.321575153823055,124.71308123345362,52.42513788561319,1.175513460337525,36,1,21.31
31.02163641549338,49.04095913125701,195.72549023215066,17.917581773244926,18.294431621527632,10,2,62.08
37.830768421164095,27.0920731450601,80.76593928893428,14.763162594012368,26.280624968726222,3,1,10.51
4.558579713874252,89.4767352177558,63.81668141774968,13.15375753544907,19.135026110462107,17,2,60.13
24.065085069632445,57.438481738134946,120.66812590044533,69.17943102054038,26.555780758654613,13,1,15.32
22.485936431891776,91.19941137577669,116.53705041414109,7.834925438143038,21.95459474655724,28,2,59.69
9.266695769770113,72.86017586306457,148.286743915396,63.911940386154406,6.685177657258048,34,1,13.07
14.909930745203713,52.45897335128088,148.32115244125976,70.96231825053745,1.0291662019359071,31,1,18.56
2.3155178845947892,29.37264636138751,191.23691349530108,55.13220498388014,29.013489825307435,8,1,23.6
22.595915553185552,51.44571355410861,133.14506425822577,4.403584428990886,19.76250513198678,27,0,9.33
32.31532138719237,94.43488090833193,77.33954198948108,33.770056425684714,24.138351030760226,22,2,31.49
4.214443323335762,32.81151023688382,20.41599339483744,6.071790001000093,0.7705462591413059,33,0,4.98
30.32433833724062,36.95839329756939,3.789831068961891,30.41701453936393,9.312989759349152,13,1,18.91
25.260509651218367,83.82041309248373,161.49708705800273,50.46838989323935,18.133928823489196,34,2,44.52
28.56452731875222,36.76460466811483,47.96865570190767,62.10461548478592,18.771226369097665,1,2,37.48
9.925346340838718,55.26252734137258,135.50210684824725,40.92720355396013,27.66299700378805,5,1,15.6
36.76721211796985,65.95062925889155,129.40961827734355,69.95787992261633,18.55186453276372,16,2,57.65
2.595448326774422,55.049697258937485,148.58072057647988,36.18146422706072,23.38863407806168,5,1,29.67
20.490507449626186,60.62817686554393,69.8187463364923,17.823102948434066,20.16176074156467,28,1,22.63
43.74305513813811,21.868720976444827,52.24379132808037,39.76468662419342,18.584693970622475,27,1,26.54
2.03651171373388,91.42935487820972,78.31135888601995,68.9605207683607,8.33794801035672,6,1,25.45
26.925763258037986,60.64216375752371,174.14002217968414,25.546668447727665,12.688368301700399,28,1,20.49
3.73672660923732,62.263701440521984,24.334378600775054,23.037442965160075,19.84880584597171,1,0,3.78
40.50334309775103,21.683047092169332,111.84052165935708,46.44035875446121,9.497469272972204,0,1,19.81
44.72681962049837,32.402717079050085,156.26252568572087,59.83347741916059,29.83391909688004,1,2,64.96
22.6157518295599,24.50081141420658,124.14480240484032,42.0705402152445,6.123788539895915,20,0,1.34
3.145747520046297,69.26216091022627,15.753902782980255,18.46262463083109,21.657400479355076,27,0,5.6
4.134277223572869,80.83098453017551,13.054399713697906,9.565831370072381,3.5795731166763254,14,1,13.6
29.135087371733473,78.43184403227093,78.52901636724165,12.069711045593221,13.012882313776835,11,1,25.62
40.74489990266802,69.81516371698716,184.39875400662277,65.97533994565755,26.741190935616505,21,2,34.71
14.789022341851258,25.545173263752318,96.13690726948572,21.840107127301593,12.514084284311371,19,0,2.89
30.64723382629593,54.88285447122266,59.10348791819138,9.394840415549007,14.809554837341512,30,1,20.96
2.010547492015702,80.21368302412111,164.52671106323288,50.37872184969689,2.2974279410284137,24,1,26.42
27.73527253057086,71.70307713800705,149.3061733637849,11.058162696616364,24.753484859381143,25,1,20.39
29.95144842219309,67.35314807031159,26.080776996069808,17.297979551847448,18.569820158670304,13,1,22.69
40.09876352760579,84.76830501005024,90.33544143153736,36.0873884233791,9.057406216034442,22,2,56.83
19.836264308691657,86.22624345745898,89.64692664341341,62.478264355243844,3.9277967848457895,23,1,23.57
9.308282689915501,38.486939380271046,86.18628865400417,24.197821934544848,17.561766331099328,16,1,17.86
5.4774988147232815,32.85797459690525,94.23000792388756,64.25917390164435,17.25478663583842,26,1,20.35
6.776309475683563,80.71850903426449,152.11703413550728,59.15149256270771,5.712883901692855,16,2,41.83
4.910427276577167,45.2906947483261,103.33707819098636,57.869446631571016,11.93179246518265,4,1,17.45
3.5505697686774864,26.39369337586627,141.01680692282181,53.09597961490134,24.419420195183964,27,1,27.2
21.244229053987603,71.17987066572653,132.45144903292842,8.411005477236737,25.19949074585242,28,2,61.22
16.027181521135255,87.61019212956921,187.60372037028569,34.953447494701074,8.963867254481825,30,2,60.64
21.468484404821368,37.82885195155942,194.08056013658137,40.94380078134092,3.9294571130373726,19,0,3.96
28.970576481058593,63.51290681264549,68.0756601678537,37.47131298987995,17.67082611374156,33,1,11.11
32.09113951136712,69.04792442830748,141.2817280551001,51.029020615556554,28.944177595467853,34,2,65.14
18.560659106021575,90.50888075418162,102.7973482775747,69.84612437864028,16.91627044507269,26,2,59.68
2.621816367413869,25.807186287522875,116.29685764092834,65.69237165407276,18.034250005885344,5,2,42.81
22.632267800519923,85.03263132034031,50.411870373911505,7.718912503745881,25.939091188831497,29,1,28.22
23.85357617259551,29.922164356417106,180.45099387533705,54.11328997198493,27.724667598241027,28,2,37.39
34.601895212639036,67.28191771018777,126.56088013419424,55.08546144107378,12.014639162213804,3,2,41.55
41.9816258407411,89.29873995431984,140.59213443627704,65.29228262886309,28.905564850673052,2,2,46.31
42.04404756411074,70.25060564560327,164.13879223723507,8.802153555797371,5.817042452719326,7,1,13.76
23.022822062122028,53.200840590810614,43.20804489471595,21.96929326340386,29.013550634849473,32,0,2.92
30.96286752709147,88.71964878873514,191.24173187352295,32.93046337093057,9.83068348327884,4,1,10.71
27.89460530330968,23.923014013226425,79.32916117102624,5.8072387845945075,22.456135880537538,32,0,2.67
16.405548668607175,72.28010289733206,57.97156760602689,5.524750865970545,15.143935017869358,18,0,2.24
17.205982288890752,66.03492192815605,98.098930327404,52.1970950824386,16.816157641552493,22,2,47.74
37.695923870867254,40.5934555574752,110.54870096732606,44.47292399165145,3.958350873487352,28,2,30.93
43.597147875062504,85.77624212132534,56.148390588531626,36.76552243806812,1.6924311798027392,12,1,25.5
26.000916906302365,77.7755929589509,143.6832410452601,53.53290891945869,8.37521527660433,4,1,12.98
33.299683052148794,87.42984438354544,170.55091331025838,16.11573225491701,1.7418013382626107,33,1,29.63
29.839838327476993,62.02821994115563,101.32984833574102,46.98308146921478,22.646266403313742,19,1,28.77
44.79971961417939,70.20433325664835,186.52409335117568,29.42029821451876,25.787771737421558,7,2,66.17
19.595953088132763,71.16450441567645,38.731022676760475,29.07925898478279,14.746818072993795,27,0,9.16
14.201584027977274,30.121732947319572,57.57346568450154,45.04345483038053,24.792259149308574,5,1,12.05
41.8317620965927,72.01106572680338,134.30511541164424,33.91160956193417,11.300917778805315,8,2,34.82
38.19034599200496,72.34492358099845,133.36437439126613,11.557479433329874,1.6568339583655722,16,2,32.87
28.95789895298206,25.23777148321772,26.652744576883116,41.94643611662408,11.871386098740878,35,1,20.86
31.360747701006098,75.92264541292667,23.97302596990427,56.16750045527625,11.116774746512343,30,2,56.86
31.978859553288988,22.915126750437516,103.89622217790966,12.381953903174486,29.098936124780707,10,1,18.4
31.28202917580846,91.24437282308548,56.87886638256761,6.302897878893417,24.78415981065995,33,2,53.14
20.520565931201915,29.465673793339562,155.649977237007,23.66199258970895,4.042666535457991,29,0,1.17
14.860486665946405,49.05219378660134,189.4238376494161,14.893983241611927,17.355034549534352,25,1,25.48
9.622364847363853,79.05477797552903,40.04860730024611,23.497319677360498,1.8428831633431275,34,0,3.48
28.34420349482004,88.99107668965898,22.205189642337796,42.73299330315558,21.86006645287891,18,2,30.9
26.427260227658056,63.83321860472825,13.806423301454274,60.33152115676756,14.382922798135864,23,1,24.35
21.49943566679971,30.558605543050852,145.4618754059294,56.10986019754282,25.585058036474873,25,2,50.43
39.18365817431166,21.92628822921057,134.1833568106983,43.520645494310905,2.5001333208361753,30,2,47.81
19.02098277654652,57.22082442930516,49.11667365477328,0.5089474210951478,26.980033701994056,22,0,9.68
18.10489442206751,50.18118757721628,88.25244030127612,35.743038958399964,19.858026976978106,6,1,25.54
36.549615056591975,29.161190591795084,167.36353323956791,28.1904547319014,15.863300272919407,3,2,49.03
6.510473520860692,53.85491293010506,25.052199310387735,18.01667578717774,4.008476568784953,32,0,8.94
3.111996492159675,36.075798856473796,136.47956377856585,71.22039098816997,0.40128718226329574,6,0,1.56
30.29281281273303,87.288117625301,156.47068929755804,33.533000767715905,28.61757257480943,2,2,49.72
2.20512101565937,24.99916938100051,4.477881785755589,55.78115431035492,2.393373343297047,11,0,2.33
44.41196247176922,74.3245550610516,55.66687509265873,50.51927858394678,21.173003079229183,10,2,64.17
6.6620533528636345,68.04628431691685,190.77621921963757,33.80746268272608,28.816881048770256,9,1,28.06
30.58823393007895,54.513788755921304,53.98992701616727,59.97466468248654,8.25954373156732,11,1,17.68
11.090314444520297,68.71099591095239,45.16516672383697,35.228554332444375,9.853781794392201,0,1,29.64
44.30845227875521,28.516298210580356,198.46493080268985,7.904248020515357,12.463553210372627,6,1,29.08
24.962383118841675,88.7019139513961,189.13877697650508,17.095790845903984,4.319549436444259,13,1,10.84
36.24327475210682,62.01910433876254,37.602653154801004,35.32366741210237,27.638241493466786,12,2,58.86
10.104802332207562,39.17316724247027,106.63551875205899,20.53574098316532,16.258943622783033,0,1,24.69
20.79654941162859,61.369442831364346,149.72665609718132,52.34356298453629,17.488937000837062,29,2,54.97
8.854128648914527,91.81354732412125,145.51312831419395,38.23093759680201,28.246215001637754,33,2,59.03
40.48184015099867,85.98449264288539,149.8714155025529,55.03587653396042,26.93053347243996,21,2,43.58
38.25051207945508,48.34505797587898,166.32792519892868,47.439629349390444,15.285883398924833,2,2,66.89
3.0818276458480587,91.6877777731278,14.186494410516248,44.126659220418034,3.0660963519154616,11,0,2.67
15.235107884885664,49.032811877665466,3.7452305319726653,67.92092462248058,9.881702754518066,28,1,28.16
39.21032252420116,68.43960414243834,27.121556548267623,3.2679443482452246,7.321032410573531,24,1,26.75
16.460976258524923,62.94431855483435,8.522657674166023,44.10016927631767,15.702414813543385,7,1,10.58
25.0653509676286,68.67538606963828,40.609762020979765,53.17827494404127,25.152351679204056,19,1,12.31
25.747844460957722,26.708618631863434,132.22702938366996,45.86542695820935,23.08401823903392,34,1,15.95
29.70159628897477,80.14673710480233,69.7779626533787,1.7605587389141768,2.212587709734838,33,0,8.25
44.9096359051659,76.8791297372664,120.23099061804636,70.82878795774437,9.489275649495536,15,2,59.49
43.32458790687056,94.10519841876282,185.28087900507074,68.05046604803245,18.4696445224908,1,2,33.77
35.91933400697056,57.816489957455204,102.54292482365939,26.39102094013244,25.938490944660703,8,2,33.77
32.76020248951909,69.31864151024966,37.60343071071557,8.492577386003354,19.82597275205239,25,2,44.65
38.65877793031054,92.88513530361199,133.08603551547037,66.41878450201648,3.96147691750252,3,2,31.34
36.85789829491147,28.337487588195295,8.1991523676068,24.386608579341885,18.77971397283107,28,2,51.84
14.672236594512338,38.43449204909245,31.099132614067916,10.164817597043063,15.775721195442577,32,0,5.07
7.5023428488785076,81.46000636208163,82.35545811247147,25.37441677300893,29.440461512614686,34,2,68.88
3.7901383364485763,52.74705596009805,120.31478585698719,67.82828068344169,18.774844298332113,10,2,44.98
37.236934119599454,48.32382131293954,70.52896130686044,24.724945046493435,27.69283337651076,32,1,18.9
11.371755258219295,64.06064827634549,69.17576999487898,46.21101669982225,8.73134141016605,29,1,25.37
41.175926428285564,57.76540604955892,97.66981666352362,31.795550424406038,0.8325179396591531,13,1,11.18
19.769089959381116,24.782740854905718,138.115015530774,46.57716419219798,21.598884920714916,30,2,36.46
32.94509764862852,55.96914385397489,104.63057986278719,2.645749875851094,9.12890104674977,22,0,6.03
15.738716449779947,91.90210263264959,122.47476314784693,0.8560974267749524,16.6824679120489,5,1,10.64
35.26335900028108,57.78420934672718,127.89181722799894,46.241514799002665,20.13057907450281,8,2,44.8
13.126743323242955,58.90523268417457,124.46305047736827,30.537366745510873,26.30132047979265,1,1,10.72
21.377822329466024,72.32941392627,43.950448758517766,70.3024069397956,9.556747745642504,21,1,10.38
8.825109935700073,92.28629860773198,51.19373937433465,27.988118950892556,15.268329238635216,8,2,57.6
24.549198814956952,72.55058109459179,132.80317810566933,65.05312379666022,16.25505916093868,25,2,62.29
5.178919690124442,83.11964201002866,192.1748712042544,29.494454333587225,6.744374450965381,14,1,14.75
41.19834366992741,27.013479982382435,110.65183743238597,50.230484268596015,8.291424633188058,25,2,58.61
36.043165050273146,81.2008131368347,61.9100945998933,30.777266548271477,21.204067923697757,4,2,49.76
20.823611268124083,79.47797053721675,23.255767776902992,51.84104044941424,4.356301818338339,24,1,16.28
13.884922395802512,30.677918283876252,25.521836552898346,69.07137547597816,11.296809946872532,3,1,24.68
13.82728172364811,90.78346060522708,75.50005296169311,47.55143718172602,6.717502931101977,27,0,2.58
7.035045489019918,39.31515876804376,77.46894632715498,4.2326367360495265,14.360407626005244,3,0,5.62
4.498156121578167,24.48853922951664,74.12028063619654,14.4399234348452,28.043423739252614,17,1,15.75
18.12194920845114,29.90867332842575,47.44644596871608,46.456430838845364,1.5562831799097498,9,0,2.87
31.35878371496676,81.93626875657733,143.17332161285174,46.669538829736624,27.49355315453592,26,2,36.7
29.336078323538754,48.57163217927419,67.29098887213306,21.184073915254224,10.36935780402867,7,0,3.21
3.8641882071397076,72.96255071671433,58.22098110543499,18.024293022299783,9.727740020938862,8,0,8.37
7.34525904593491,89.99757861763959,127.62787979376391,2.428685319694278,19.87101285560042,13,1,29.45
33.869277338434586,38.753410719397166,56.584500499913084,59.75979622731901,27.03497745813576,24,2,35.91
29.30444486408495,30.806387078859697,69.79754539933857,42.39177640869936,4.163490423201896,21,1,10.55
10.194940805380027,94.10004764503266,117.7963400186807,58.717963191624484,12.220196415931019,18,2,45.5
14.052550028710042,22.933668410297805,2.7780269932536017,25.76666191565239,5.844709873347959,14,0,8.39
11.795048337802546,83.66784219167229,184.7378258801185,50.562115543177455,0.8999853829523019,25,2,51.28
39.85032196920456,81.78698838599678,15.955185061884647,15.31985262031935,4.357833431244924,11,1,27.25
23.293969776329824,34.95829641946588,83.97726388804436,16.41321120736818,0.14929559815131332,22,0,2.89
3.311473754858898,82.09811870585284,98.30245144525031,46.39304568155592,12.344546284096264,20,1,14.44
36.981060966167945,57.210541792621264,144.56238347458262,69.8392133942907,10.452162414093046,36,2,50.58
20.696537792855967,82.0626680601244,100.77964088056932,27.991291070623376,4.837690425749549,8,1,21.52
25.955726220478347,71.15054534286489,139.74412800578207,33.42437888087625,13.045147419079946,18,0,4.46
13.604047816094894,77.18306815070778,11.869494011327753,33.92401901464756,1.7523039575143684,13,1,10.55
37.38250293746509,83.78676414369227,128.32889941824405,60.07475939921245,21.019926171698707,6,2,60.48
3.1279157040581227,48.96005011796055,101.90725075389007,68.13515678791775,15.668022968454551,15,2,40.72
36.86595891452887,38.556885903094354,174.26702353422127,12.64426611197536,25.54759623045321,17,2,54.45
16.220535068945843,32.452560924904084,31.408135020891127,19.830662337822844,13.386813965401585,4,0,1.81
41.79627254462371,74.54272930019701,180.05672272518933,55.5540440577243,15.84902895467261,0,2,55.13
10.30132791325295,59.252654290262065,23.04566255418836,69.49601966729695,15.213818355432648,2,1,13.15
15.0043260406796,26.594537840152597,193.40105904760426,19.44593386749969,20.714107264005726,5,0,9.22
35.61672750876134,65.44364964988127,14.181491682651126,31.21514328969891,7.86090279993434,30,2,46.17
12.62304474502015,35.09757944584613,191.61725909011497,68.39043789307634,29.80394894752803,26,1,12.26
20.08750527530867,56.43622146300654,185.86491971224183,8.272722085710212,15.566007593393111,28,1,29.8
6.749202108888266,52.586535624989644,75.83430038998014,71.26414119041652,29.0059187015611,6,1,28.93
19.58025611792906,75.4723199120706,180.02819314130934,13.380121096626713,5.879527841329834,18,0,2.52
36.95117938935576,42.645120326404964,56.3461367609676,56.251621953826195,11.430786780075273,7,2,69.74
30.495539058433426,48.14099085330879,13.097971895352533,53.269905239269846,29.339017231597317,6,1,10.12
44.483746790472054,79.5026025993158,76.0871605783964,41.67299314010529,18.69924092817623,11,2,59.46
30.774870162705238,75.94382082221748,26.628811826680867,14.832565483334665,20.657528667225503,23,1,18.19
35.164722496949764,23.33326072433923,179.02031299251772,64.08374202263474,15.95771967292842,26,2,53.69
11.587159930679045,65.23476341965019,159.45882322012196,58.13664082928582,1.7909346683974314,13,1,23.36
9.539089489075053,65.0841794018777,141.12052324573995,28.725410480067787,1.1752112124657177,8,1,24.61
3.1950899685843543,45.44620863544564,104.50704711702366,37.48148848081188,6.245546340256234,8,0,3.69
28.633117628659722,35.99079170739345,186.17537350582273,38.24179967686576,21.598366594072658,24,2,69.59
22.258775694271154,33.74194001790158,117.00840962894847,29.685712396699525,19.63259506619168,32,1,20.57
12.736060085749346,66.22860993545004,142.5920355528859,64.2844945874354,9.956314468127571,35,1,28.91
42.93754411616637,67.07246166041509,76.13529704829367,57.11568204661156,9.134217048471452,10,2,51.76
12.067812074028689,76.5435803255219,44.93830325392862,42.812927497622155,20.91019538984482,19,1,24.68
38.8742070068126,36.19911450768163,162.04789257985354,20.725323536089544,1.0346915903836107,21,0,7.71
16.188853510679753,32.88784986317096,29.633752025840376,13.889963511055013,13.426209256894978,25,0,9.22
11.351739277843325,75.78658338795361,26.93088158572119,64.29826109908593,12.281989056264118,22,1,13.72
21.110981669610823,87.46087028402066,71.69677463168453,34.85667851270911,27.135124236542367,11,2,39.74
22.5266396347266,32.15789075881265,123.34410961568996,64.67329914964236,27.939575987348068,26,2,40.55
29.218418219830035,65.50204725968216,96.16641131487746,68.02369893743209,0.6943903606602497,4,1,18.2
24.922463782388302,94.52976462072021,89.00165004333628,38.629758764207686,7.982484959137368,9,1,18.87
5.428573829088555,79.11849713711095,98.04862845029498,0.8866634009170768,6.787888169963847,1,0,7.77
15.895232610721349,29.19874673937082,109.13084152286976,16.677755827642823,24.64085378007473,5,0,1.89
16.04457903150094,33.730679301481686,161.9482580710362,65.25289330769978,15.32221711124681,29,2,50.45
38.92049171047505,44.62845673085378,142.39582566749917,47.193001463080584,17.148493819512517,21,2,52.04
41.38776354317824,28.464534828892866,113.75431551806687,66.16620220683627,4.042199554772824,22,2,33.56
38.952548614716264,29.148082572694634,31.186419261604016,39.39623764851973,8.225323190230311,8,1,21.52
24.99871200445497,49.0259302458967,146.90335485475387,7.8470141259221275,18.618397318379216,2,1,18.12
18.229568097372614,73.83298508436052,28.76503569050286,65.82939384693279,26.383721209687806,25,2,67.54
42.163883083842215,71.15576135383571,133.0562786513119,30.9703202478873,25.35146138602292,8,2,41.33
31.33262801712608,24.180116088779837,72.28990124159232,13.300876993985264,21.897998156120412,21,1,11.58
40.516058630050395,93.04776624605414,115.8772501890178,23.908519849529583,9.659207996019907,4,2,54.51
20.349208534555927,33.91590500584647,156.80381075424185,9.74284989627133,27.459515779179075,29,1,10.55
15.241474160471705,53.74812196833901,56.85373859891043,52.5821228094151,14.570406621586159,20,0,1.94
12.194500412044675,30.334503097885438,99.88551939956855,57.89771805884574,8.363482376193915,27,0,8.5
3.231552321607518,32.33763841260977,179.0578586478578,21.62899284005008,7.011123445610151,0,0,3.67
44.39548734754949,37.62447654050284,133.9398089657505,60.676668841368965,7.010408532434296,17,2,30.45
44.655545940069935,71.05282155963386,185.31609941682686,24.944024913841496,19.430562572489826,4,2,64.92
29.138024353508552,45.232996127193964,162.3316854120244,54.421580909370626,26.775555726717414,1,2,37.38
12.986787399883081,47.53786548164233,189.2133971895984,35.63314332007857,16.693185123263685,25,2,65.4
37.1118660337422,39.92289997852379,2.157699252498446,11.570439250831443,29.570487077165037,20,1,12.18
36.51379555720639,93.65856806057228,177.83170418663113,14.48943459080514,1.7284969656118687,9,1,22.35
27.710424911253515,24.649995375358102,79.74986185021172,22.130453200762677,7.210794494659021,11,0,6.3
8.831954828598418,41.428193364674584,41.93575559901574,39.14600775734569,13.83197067628849,1,0,8.07
22.044271572832447,64.96290802017454,67.24545772831263,3.7918883251283897,11.105312674923738,21,0,1.11
44.70575264369802,93.91617461672192,37.9607917332776,45.541207689931234,16.065582597328206,9,2,36.71
21.467389725700105,29.43509690000551,42.95800774785086,19.6868868082713,15.327517899558579,4,0,5.1
16.049333695262767,25.273744453831554,177.94205469516976,14.710802117553344,22.707004062862165,22,0,5.27
43.770381562016716,27.00974250838891,117.11732936839785,56.97697735442639,24.421229589307366,28,2,46.07
6.060407426826328,66.51028699705154,102.68134680208662,8.644258663706047,19.473109045937992,4,1,14.34
23.05041316271119,62.2154849906755,74.4442045056961,10.277056251374587,13.487159930736194,15,0,8.54
27.662380078666907,40.785713118467996,146.68118898292144,52.195141712507315,16.561303706172538,32,1,15.07
32.449209527936006,68.0213824683739,134.14107961111455,52.401454764645074,24.272976890038464,6,2,59.83
40.30027317759461,50.75161424840482,5.38083076992677,50.18975589393186,23.520997085493885,10,2,53.8
20.411698638917507,70.7581963843523,103.42346092703039,18.26521923625334,18.195025890303953,22,1,29.48
4.772319420653098,94.0978415916014,124.76133188510725,68.171207758495,3.11481258033358,27,1,12.68
30.76411145072235,66.19507147072537,75.40862737090322,40.91689131102715,6.30636101696583,0,1,25.98
19.301823786047578,21.602080538836802,122.02860901510579,30.754761776273163,27.592939014403434,3,1,17.97
44.23469241654316,34.20557630225927,58.75897009210655,44.07857064128405,24.340310913480746,8,1,18.2
37.835115292938646,35.31492969445821,49.650706304249994,14.21735671533765,4.7444838170856585,35,1,22.04
31.774528302520473,78.19612270066983,6.485554584737918,42.39431954786316,23.450180033112655,11,1,18.65
21.540699262715734,41.566967381802414,54.91293544486262,16.400282982805138,9.975850792637122,21,0,3.78
42.107436676907945,63.088257464364666,196.21096768206198,71.37065773782209,10.678191300519075,34,2,68.36
10.847085827981763,45.45183077538843,45.51203261907031,18.01608543926972,0.13966744700346756,12,0,3.66
44.00924589291556,91.6347500063581,158.61297695773922,27.467957942702668,1.978784747337201,3,2,30.05
42.26613735413886,89.52627269056244,133.5107599409604,52.457385781751626,15.396253699501134,12,2,66.58
33.80586422083428,38.40767635429097,174.02968360983556,47.063619561421895,19.28085061670196,2,1,18.39
14.643560401677734,86.07309588750992,167.53398830224435,35.7938952324909,10.200936079323448,26,1,13.94
3.6633802186140096,56.666649235263385,51.06272721987204,49.86182117737924,19.61674722121516,12,1,17.06
43.5120331162007,27.745826396081288,92.03508273018697,30.464114898244972,18.00618529217905,10,2,63.66
42.80827030792672,48.776555122881845,166.55666283769764,66.38751648709903,14.746177327955907,28,2,45.08
15.424036429968973,52.58076675039063,118.6866886281954,48.49581384219878,7.593870405707845,22,1,28.47
16.23563704358049,51.34532801944364,81.1421177316663,6.693346374183795,0.10699298038783667,23,0,2.96
12.171876957959006,36.033660896176045,69.85190824855991,12.97365703328781,2.0340433113453593,6,0,8.69
21.670550160185517,33.19421969977115,92.97448878387453,46.82393831589038,18.25776259815504,32,0,1.58
3.369986836073057,40.50831725511465,180.18701786940468,9.75618135774069,9.920108060866188,35,0,8.21
21.468964198957252,88.92095566040818,56.939859019900865,47.78524949002647,3.3688416422969314,36,1,24.82
44.21864889830466,79.09396530321074,90.30194297835482,48.85405272551731,23.277410270648673,31,2,32.4
11.708207295991075,28.9981481119475,40.53978167004211,12.624430642026699,2.72023951838847,16,0,5.46
26.57270602790267,59.98701872546694,156.1561616763066,66.85344349663009,9.86811903990057,5,1,18.06
3.714422447827585,84.6272399149642,199.11846773349907,66.50942152887386,25.81994938460731,13,2,66.31
5.652150036175071,59.53207572345629,65.3588370215591,54.564654353603025,9.425748916452541,14,1,25.17
6.296791347900494,27.76611295534871,79.06968499412925,36.4533071399442,5.600486609235452,2,0,4.77
9.193243789616727,84.29574770309672,117.32669182467679,56.18280928046019,24.26344638419083,13,2,52.02
8.374008346154096,63.048831528133434,73.30287073713528,40.400449249072366,14.954335327135944,2,1,10.64
30.777181416962982,47.52940162632274,176.1574993315316,57.73658704817427,27.77879140864189,13,2,30.86
11.588026307846953,55.03670304252917,163.46423437280615,15.953665275283289,9.357262883589712,22,0,3.45
37.28060051146211,65.87067970962451,74.54628558975749,3.4032733701393925,6.972565330331307,34,1,26.36
22.051865950371457,68.5357009497582,93.24962556866029,46.56779611141853,9.222122989804738,2,1,24.04
30.302144400445584,38.66626823766465,129.11228102104732,6.7490777710215,28.30827285314816,19,1,14.02
8.079127391005025,27.053305698249016,69.00592460234508,61.62612866351197,28.852088109199926,33,1,25.24
21.884246538338935,60.71476080059056,196.4104291885203,57.17345014767929,18.884144849485523,30,2,31.08
33.4272917731935,47.69029461814421,66.88748716852896,64.06195263924572,14.535266715413133,10,2,65.47
36.48740743585384,27.54966237225842,127.26216310785131,50.734974543466905,26.97292188425228,18,2,54.17
18.45918118839325,28.003516640896812,26.84666611898845,60.34467499350671,22.49260296976686,9,1,26.57
38.07116193434373,47.95870699563949,149.04677061139782,31.063972404671244,25.20414493169848,35,2,60.59
27.3711167791811,61.2713133102004,121.99534434703203,50.238374965964695,27.543269101024258,0,2,38.79
37.60663583315481,92.33529498178433,106.82423991375238,38.11744844339957,11.02251734950229,19,2,49.28
17.683679129435443,81.2081331957084,36.47962391629449,52.68450715721925,19.54759800804572,15,2,30.9
16.207970876508448,70.07999754503703,133.09162860559633,58.16865551763521,2.984568441115343,28,2,32.5
19.870142132018046,68.24751245270812,132.41773541849548,11.531635962353926,14.987599593656766,33,0,4.99
15.468328555737699,35.92846730788027,25.163493582967412,27.497050611627795,16.228087295942252,8,0,6.43
10.945576738248553,86.29175683251032,174.35520182004737,2.883113191292754,20.68204473708757,18,1,28.8
25.411488264211727,33.378352935773265,166.75766625972838,56.06691828257778,22.673085172117492,35,2,38.79
31.38365239111412,25.87195828566966,111.5953700572576,13.620881598066088,20.506478765332936,8,1,29.46
7.316380995534597,52.29229287059759,58.15603698661074,58.194790978159595,14.213617176028846,15,1,24.34
21.024037295489844,39.643136350583134,2.1215495169784715,62.80252848960096,16.060315477205172,12,1,24.29
14.532267587573982,70.13900362912074,165.62704676059164,14.234219238455728,16.889401818058452,15,1,20.12
40.424792203326476,34.421950087046056,17.40131741121207,45.3456522117427,11.823925463178796,35,1,12.34
24.720497264633583,58.647165935058595,152.7813825194338,22.900071788301368,2.7183156261417762,23,0,2.43
21.5029780777767,79.70642722021812,43.32260029323678,65.1579723125386,23.74021509640603,29,2,37.22
26.300258226646715,40.22664374542933,196.9599114338679,5.632268808544035,13.408658603419534,18,0,6.54
28.452559889479417,37.049241881711055,174.35170595986753,57.750912234121664,22.609478469647417,16,2,54.79
11.62185287753103,61.80587432351711,177.89846914281767,42.96969791295124,27.588205851619104,27,1,23.9
30.8286552946979,68.37815091805945,44.330934987423355,10.766749227245151,29.35884768696176,26,1,19.35
18.524906884735934,65.64158606267563,31.950126208886932,19.193735686865313,16.954870014374148,18,0,4.81
44.73546670278153,92.69707717740162,143.56877425374682,10.740770383427842,0.6955803537907979,31,2,63.64
14.036709897966466,67.9863394698895,63.249688363054844,32.721349596216115,11.473052549415314,12,1,14.68
31.106296513319446,30.767084116803375,24.276788419451822,8.768580181637919,4.155845095360466,19,0,6.07
30.042108649289606,23.362003561512395,58.32437787348894,58.37371144526707,15.607336998305827,2,2,41.28
32.8734651325081,24.653571077096128,141.89897429432853,5.384059240695853,17.615590076660464,14,1,16.04
30.440328678648136,62.99713906026114,67.04958018624502,25.072016134664366,11.946309259023053,22,0,7.39
20.953439059494883,49.83910068344279,73.01025387194102,20.767984979546128,2.570899894711781,0,0,3.89
44.263502413577626,68.07224109528705,168.87013456934227,30.228104260977524,10.618676614344531,15,2,47.41
13.430177879107172,53.719327331929975,179.02654945881196,54.56171487454805,5.042104950536832,31,2,53.56
19.129149106540023,73.80281700280173,175.32219410957762,60.62041314798109,23.580758161484063,12,1,28.24
32.86782771485208,31.080943158064834,57.02518141216895,63.49729189710329,16.214929738703134,7,1,20.95
3.082444577341236,65.27993592228523,142.82518655694585,63.40439622938754,23.15650083194171,17,2,69.44
37.8217730651882,73.7862412312858,95.79338233582928,28.53830455600133,0.9758896375799164,17,2,63.94
40.227318218709186,83.9752572058706,156.96226697285886,4.668597839205193,5.227492067323012,28,2,40.52
25.51613670124067,79.9133440472881,150.20238246229454,55.658950499358376,14.977170208250266,30,2,67.34
8.562716237559904,51.469931913247976,122.79153051360223,1.0863267986805976,21.57968457933426,33,0,5.36
8.956786582715146,28.15338044577369,57.92749575036768,51.22959262695071,17.64863651506489,35,1,21.43
15.202802796066791,27.30919604335444,179.3564737326101,43.393655277609895,20.93243999042555,4,1,25.13
36.11761722947246,47.88016063539145,158.01536337366124,32.227744287693426,25.729360451111422,1,2,33.34
26.03787090632729,66.048410550393,186.03812548443014,47.37089774782173,19.424283499795077,6,1,27.33
29.21409370087775,81.26720279539906,5.737114727969428,6.086369570142491,2.0908733870743754,29,1,22.06
22.106951124293133,25.103679125372295,41.90588032450309,1.0772262794757679,23.30143575385215,4,0,9.98
21.183077408595608,27.536963318323643,77.46940491761099,0.9933679199138383,15.101914354468555,8,0,5.97
30.68990336592663,38.787976648387485,162.6289582029038,9.707681016638618,27.772255343302795,3,1,11.63
4.250632912495547,92.87743083775484,2.7746136290528245,52.74506206140587,26.68589845164284,34,2,43.73
43.884757341681414,81.45601284049965,14.683764816925615,32.61611232517791,19.050572102156238,13,2,53.12
10.955403106992305,30.590773195808993,151.79245792372748,23.564930899698812,7.3212160152673,9,0,7.62
16.14207627266976,49.52598911984832,90.32695046926172,53.38883288626007,17.73899109513529,15,2,43.31
30.103008717098284,60.46239110065349,121.66566918089865,39.55419371258974,5.976823313700603,35,1,20.64
43.930258267506076,23.1851871460253,89.64574333190892,45.97270235573783,0.25282372686375454,28,2,32.25
3.700681361458976,33.307758820506194,58.66944753172088,49.35922291817113,26.27594647743384,12,1,13.64
14.731316054545145,38.50352751679911,89.66148764786688,53.88734581806956,16.6238822378087,30,2,48.8
8.17087949050098,46.592409433550074,133.03972324277302,52.96508573905316,14.075446317246406,15,1,14.21
39.23526737908626,44.0245945454394,109.54244785898544,43.87633503168817,14.1729011635392,22,2,59.59
18.086510318249527,60.70424740287325,170.248876672717,24.38095852642606,4.267717349124461,10,0,9.09
39.694033862326336,81.35597627496736,162.514054547419,15.923088047999885,13.419654390024462,15,2,68.82
8.744648551543927,91.19381147260984,101.93602670566624,13.792410227807707,14.639711117266854,8,1,26.54
31.640338804509852,61.04761306212061,69.42245142166345,60.34109937328683,25.76496513755317,20,1,17.97
38.09752797208429,33.28199348915314,134.77335296330654,26.052370965147453,24.481963596964953,18,2,42.98
7.342251055373779,72.43470619725764,168.5856025086576,1.9211051041171592,7.007993122236745,35,0,4.47
13.436056806081076,86.69188563790226,119.35933860258521,41.09914159844703,4.881562269426647,21,1,21.05
38.63721001257278,83.51659307382315,132.21709343379752,59.574280404468865,6.250270930291433,14,2,55.63
35.36584507227083,68.93897427563851,197.94555675081835,15.08547857990277,28.820369835193635,23,1,18.24
13.543379974800162,71.99169360727203,117.82906414516891,22.356974116984897,3.9663736955482887,17,0,4.43
14.516752394751904,89.5965636793836,17.547059750606266,33.34141303441583,28.424045111320826,16,2,58.05
14.071430296712126,47.52178345643411,18.02697295082545,56.70674328971399,9.716093037114351,15,1,17.15
40.07407168943514,85.75568828835287,89.10298974984343,18.104755256412364,6.760333507526271,29,2,63.71
10.130914907432814,24.484950644457413,179.41958624128108,38.7034810146558,4.038846222089539,35,0,2.08
29.57504322439996,30.831731469837386,126.69779036754176,29.44789213155836,13.942313528983952,29,2,43.3
7.522498671401176,27.631606727166414,186.422303757116,14.08344467372588,9.998884651858429,18,0,4.13
17.14803541251074,29.44124292171958,108.20782943372085,21.418797366517136,20.668069230256883,8,0,1.54
34.62425048799752,51.54788253317664,39.399491241587725,26.094686301822662,22.289436544455995,15,1,14.99
7.812043819998856,42.49791340700008,11.233232908971736,34.46014324490175,6.267620330852638,35,0,4.7
36.01215475136982,50.93942333890422,100.07435398186556,3.8602414061537313,8.419391742264473,35,1,22.51
26.678690155394936,31.906189495354145,103.50836106878182,28.798552224186256,14.38066702800731,9,0,5.51
13.729412458791225,81.83369286017842,178.49130344171476,25.563171849455195,20.440696168626758,3,1,24.88
31.558879562153898,51.64250025951383,185.69126432370814,33.7089316010164,0.9270845240278414,0,1,25.91
32.78942910247709,36.612113924663035,140.2785532572145,62.61439496104583,3.0249443658682615,2,1,10.48
13.788191745233293,67.86618396677953,145.84791257723074,41.827962463830545,25.288850245142935,19,1,27.93
22.669670927716034,53.35502378162541,106.25724459387098,43.26904573983138,21.310302989375757,35,1,23.7
13.478936324099282,40.031733288167615,172.60960868826598,1.41572428307553,5.4456790036187375,8,0,8.35
2.5622416145955667,49.340272335609285,156.4085499413909,13.974991004579802,24.467646139987586,14,1,24.16
30.382501421106323,51.09121648609716,1.9575777412410567,44.42680747515856,3.672818956669065,31,1,15.23
23.185910004540833,46.94071493671359,110.54637411790785,17.563452851649043,19.060853022851447,10,1,14.48
2.649611390334818,24.432167428336736,100.17891878731464,65.73508634729146,21.923848545904352,5,2,31.26
25.309684337175945,39.33708345100713,53.43114303555201,44.891547205488294,28.337026299424696,6,1,23.36
39.913600828162544,59.042404710602355,132.29441112099204,26.075295427150053,11.644568642669178,31,2,58.23
16.85435033739213,53.20588695038141,76.76695414457797,67.70258960340188,29.40754972427506,35,1,29.81
4.139413030786659,29.560276608893098,23.29095117172062,6.780153523382347,19.84027835993977,25,1,22.95
34.54582935666923,35.538269561480774,124.46070264695996,41.97347914255069,28.30980077410421,5,2,32.35
42.586773419212015,55.862320049208634,86.61745646526822,32.678776086443705,10.791858608258881,6,1,26.84
24.751662412120915,21.491518734757733,12.050774542799815,43.198600907665885,26.376842475408264,2,1,13.3
14.59651087739232,37.146432233026914,128.9446979257398,9.811298164635344,25.82131569890965,7,0,7.4
2.2478071341070005,75.64276103953961,109.7876228323278,41.48232951372701,14.076059620582669,27,1,30.0
12.26091579464203,43.26895146878681,63.218089483993744,58.128889500804554,2.9712099552645697,7,0,4.85
19.664270937406926,58.5033487462986,13.020938500982648,36.95514218379372,28.77713714050203,20,1,20.63
44.87596528362037,40.56718782689195,90.58026008799128,0.7097851328913716,10.476968727274107,0,0,7.69
13.216129739607798,49.628304552200035,167.96331676080268,45.786860948308345,4.992541447341705,33,0,8.12
12.088486147785023,60.582503879556356,107.59828410666421,63.003467386624536,1.5155066867952705,4,1,13.65
31.670427965539172,78.67717674549893,33.6633163911827,58.55776709582433,0.21642167983673466,7,1,20.34
12.307122804391025,20.739262244765108,90.95258322827988,5.605544104965198,26.765816604206044,25,1,18.5
16.154640635648217,89.32729712642673,187.6932628037753,3.409366256306753,0.44726366649055493,20,0,6.32
14.155677416684883,53.68298612630234,2.8671684371633255,57.97707677067681,21.09783269762458,0,1,17.8
22.13501335668441,32.67383071696695,8.286249225687325,24.690328325613432,4.522064504423497,13,0,7.07
3.05835924094733,79.46079212263703,0.4114041457124573,25.089785876640892,14.837498941370095,5,1,26.77
30.22202975771947,39.82300191383079,11.920868227689251,0.6419664013719908,27.132521543009865,1,1,11.88
4.580971848358163,78.81280151125924,171.89945019309596,43.71752551844542,12.864840291206578,30,2,59.15
22.44331984780398,51.48364715166113,66.15955892007506,8.070249661861464,14.534610660208445,3,0,7.57
17.741944680048274,73.13143105115385,93.10629627998372,11.244740494929104,12.571492499341531,25,0,2.03
14.162734941684912,44.81560881814586,139.88874258769852,38.96734211926203,25.75349136159936,24,1,15.32
21.093945654532018,79.17882072864919,98.43352972989783,34.18262447734095,4.443488640889272,26,0,1.71
30.959127083967715,58.044316310602234,176.27566539430723,3.3098036243359887,19.482225584991905,36,1,13.09
15.085731943593876,68.25657989731909,86.51224816928216,57.61088403139599,22.813702186205877,23,1,24.05
40.56292216406435,38.87012352028857,164.15424629353262,27.511805420409992,24.37472670243664,29,2,64.31
25.41930445804213,31.05773272418992,163.4887572873833,16.628987678062266,17.94165082618937,21,0,9.81
37.353367652629025,77.64858767374878,142.73860942913578,59.6565882911296,3.013908259791175,6,2,40.63
43.14535667345922,87.61171473820218,22.990444494733218,26.9229980781067,10.929682715927992,32,2,33.93
44.659076671349986,62.67069882997064,124.35632572085125,34.17785206633579,19.869916569120683,2,2,53.55
14.745117635982442,45.978686283948605,72.99681363612818,70.51143003227196,10.822665119164459,6,0,8.0
18.65015882810011,92.48590046783919,16.878099207375286,59.041633332420446,10.246736293979593,24,2,69.67
15.679900427355305,59.29216273776528,98.61155638161534,18.44043793987096,8.798626442777788,32,0,7.8
38.98629140744272,50.96996738620173,122.41751380469506,46.39953731965778,22.477743460377862,18,2,50.41
30.84484652601988,45.56420081110133,144.86591418142686,23.410394838339577,11.92616489876357,21,1,17.57
19.45734493055763,82.75506369144956,14.626047949092147,41.413057442734235,17.26871251761593,7,1,18.42
14.068969541194397,85.35528435696222,179.26866082693866,47.01928026475701,23.18573141124295,3,2,51.01
14.154163461780959,31.56132099823341,57.497072628503055,44.445730999130326,5.5555031430343105,4,0,4.7
19.572886360564613,75.59214650457818,20.140725462471522,58.62478993036143,29.90853275887232,10,2,48.95
29.50898681778387,52.0782588101591,9.358370153588247,36.50258275161424,1.9774094011176258,14,1,25.06
9.540046166847663,79.95389937163972,95.63731506847589,10.88155906144803,20.60405458995975,28,1,21.45
24.420100579815173,92.58291214473863,184.10459552121705,26.214151445552698,23.394885185491326,25,2,40.44
13.519511957094592,45.7461594415408,39.76413817015083,36.75620563369902,25.299326827837234,36,1,12.47
26.8069538524294,25.7752619379662,150.73917852695084,65.52411622771398,15.315568431896997,14,2,66.56
7.599609017342373,69.88173379827538,66.71343633607394,12.840537608872859,15.010836983213226,15,1,25.48
10.920738207399662,58.691158874725325,92.6349200044849,71.20341669348444,17.68421139787318,36,1,28.0
8.31953116336727,75.25468615500543,27.77444558318671,60.47894515215433,17.89360143486035,8,2,64.64
34.67124346572167,34.457151629685015,35.4516573523203,26.39467908108537,25.528793363874975,12,1,21.33
39.57061802699788,80.53121898519655,157.07399434221787,1.6437960134129863,1.4292283023821384,0,1,29.89
34.33454770451871,52.87568006717299,126.5349398170945,35.31833989350037,28.420141361949387,10,2,38.38
23.221193861842863,70.57726863985667,163.25407948629794,49.53580346820638,18.483427074915713,7,2,66.02
4.053300831092485,42.991630146946974,49.424530884255624,30.149394917636908,9.534018566357627,5,1,10.06
35.3139110100539,49.88694402983033,198.34325838177602,16.769927070989766,7.930309879145243,18,1,28.81
31.018653832932017,71.55805455971304,174.90041845653553,48.04215542121826,16.860635469125615,13,2,60.04
24.238627401856203,80.59604254077124,131.11679758735522,13.747185909055299,22.03431769065184,15,2,53.13
26.250514722230864,54.313530225357,128.07605656281922,52.24648547286612,6.773008284935718,11,1,19.16
15.812300852543578,66.54520081954934,168.21138720615093,52.71848215341408,13.885703346464217,4,1,16.05
13.614893700051214,91.28553943632305,58.349069651116146,40.18227884884983,24.047034728731475,10,2,68.43
33.92381340715153,57.80003378505032,2.250104469590508,19.192301046638857,9.699026250131432,19,0,8.57
42.84294291616408,33.684311498861824,82.87189026018422,15.883723076919011,25.809974064880723,30,2,44.14
15.413573879292418,31.978480244301767,143.66003608396153,59.73811822873586,9.421135487894505,11,1,14.84
2.7719992529672792,45.9936690344266,105.35425666306364,20.356332346448912,21.013748292893098,22,0,3.85
13.30043772338998,49.869321507249225,76.45815770415439,17.745681715494253,6.524302194312501,8,0,8.78
15.398610862217684,61.97495307238939,26.895239215722654,14.82394915893992,27.080258818190373,21,0,4.59
40.209074026301735,45.203192194751594,32.887501071513235,53.19633362533265,23.176732760195296,16,2,35.58
16.022287125356982,25.416617956663043,140.691568621934,28.102415308847696,9.80257168135124,15,0,3.04
20.815702143041648,45.223891345047974,160.7679471600984,8.158551861374194,22.806333807686734,20,1,14.84
7.659038627139017,53.28055846473018,126.43303296798484,40.14637506508169,29.32887294908229,22,1,25.48
19.147006392393106,92.215222980387,136.80305925833954,59.98761881241299,15.026253751630861,3,2,65.48
43.64786109066347,39.11457585518934,198.4757982862449,16.403364761008657,11.045002740704083,12,1,23.87
12.446936007431548,41.06094103874282,119.89075466401597,64.98831139080367,17.352208493125943,5,2,61.06
5.821298166903003,65.17506184558702,18.12964580970715,11.725189399707125,18.148031658391716,2,1,20.97
37.141330427971816,86.59860870713845,123.25098416764246,35.50948663455202,13.775927453400657,3,2,50.85
8.103378034505237,46.78120757854269,13.564674394237741,17.60503219138501,19.692025596406395,22,0,6.44
9.316611315837186,33.57264224018065,5.771273302696134,37.1401777765925,19.637626706181514,16,1,17.79
35.605713405160174,22.513573050901925,156.76371216652169,48.14346127017557,7.242796624722596,12,2,31.97
41.02172629895677,28.791544114593627,29.043028290703134,6.420845571287255,28.058065232862948,16,2,32.57
44.97833283328074,41.22076310751577,37.42628654163611,33.65328224965314,15.147342463254232,18,2,57.82
23.94460966928466,57.50952188755912,164.75728453632786,66.77822621139755,19.897976211319786,28,2,57.58
38.61253980965472,27.59812751171856,43.309432910666246,30.843971405778536,25.26822307899348,36,1,29.94
42.00375212170606,42.992091074696496,168.66656429091867,49.15130593228364,25.599738483836738,6,2,48.45
29.68420922493494,46.994142462150094,102.39912514186,71.72101374697421,22.25543986241646,5,2,63.12
42.85275219980747,61.40159215217691,65.3744299252577,6.650428396371707,11.270856577416705,4,1,24.06
13.068113100456564,67.86084262791304,91.85849070683862,69.46164452777177,6.569353529527145,11,1,24.0
5.328945275394275,24.939949337535666,151.84259608865003,44.50506480884954,21.453650346911058,8,1,12.69
18.097131303375956,81.50433424809981,5.1734163450840365,7.846332603568606,19.841212091260832,17,1,29.03
28.88869424509024,70.68225637716027,52.23593081171596,37.46287003161348,10.85108404174467,6,1,11.39
9.529763079635877,67.373014244376,18.09073339807008,69.95171626865293,18.971917932364107,34,2,43.56
8.744506271624392,32.95317693093499,177.17907880691297,47.29184553949707,28.6903879977027,15,2,60.7
37.294610644364255,50.948940383138876,165.4000994064709,54.67850235562928,20.35315876788153,23,2,55.23
21.846343277814118,94.26847500376067,100.87956596609402,2.787013686362193,18.794036072456823,10,2,65.41
26.12466518459213,24.78601928041,138.6894481796623,4.8326793991415675,24.524066850493156,5,0,2.24
29.2346860672144,93.22693247234794,23.564570523986884,10.703598348795166,11.066111901029409,34,1,19.34
4.883262098817262,42.7974937821868,130.49279660159334,23.054889703402424,13.530768335791159,25,0,7.24
20.88059376928929,57.82512331224979,25.014738785887136,53.90082684611945,17.89427038185132,15,2,38.02
31.440881453925158,39.93841503573141,133.47572790816503,66.59269671123045,27.553079630013567,29,2,31.92
30.284480101195218,43.28256898870508,37.45007234113986,8.808576204308173,1.5071069777328294,6,0,3.12
14.526365285754977,85.53624691584905,20.066085523438936,43.537113979626234,19.449756520786007,15,2,50.12
8.295715480051168,34.67668801853145,78.61557665333973,7.709011527841791,5.196105083466386,18,0,3.97
21.890995250758817,26.650357801719046,159.41303792034412,34.616777347537884,16.393398041137832,3,1,23.36
7.349595851766214,23.37172501171155,187.8620726011152,22.522779185927067,27.528536405337178,35,0,9.17
41.718069935460655,57.21150794631453,173.1892573597784,68.4797615759634,9.738508256915384,14,2,58.77
38.730019319160284,79.06304330037467,169.52132064625377,54.18785102475742,28.124533361194313,6,2,53.31
10.321241982466491,80.63359401193392,158.7920691815844,36.17013847234194,7.015297667883889,31,2,48.6
43.206597498417516,24.126732770044086,46.67432629273367,14.053691852794675,20.196105382243996,9,1,19.13
19.83358958578121,42.74212104675368,122.23818293413571,16.032533354678435,18.44434023378142,4,0,4.12
30.974840243110688,62.181380407473185,170.34434000042836,17.775127696640382,1.2035873823373666,18,0,4.09
28.79207000576674,49.898327092829234,11.961695070465893,25.923137379715662,23.153410568548882,3,1,17.26
35.74494708452282,92.55320491992275,176.09612466827608,32.93206657312244,17.385554846667745,18,2,43.97
20.787430797062832,83.51311685753255,50.94677898521309,1.3135310277975085,18.98065187917125,13,1,11.2
9.490687446657589,69.63402000986923,164.99094284332628,21.08837992873355,12.157389837191761,27,0,5.67
37.34674605220603,21.06224041186342,80.68359530845896,44.62125257453993,0.6782485334748889,24,1,16.55
22.864212211278826,44.28316844489521,169.98786215114927,51.106924719058085,26.07775412480389,10,1,24.42
7.4989459699019845,57.08024910119954,49.04022297294299,6.28930045814341,7.636634782371566,7,0,5.77
16.88132345193342,85.10567214658693,191.93544681385117,67.94360400186858,26.451757220982604,26,2,41.56
24.83964876449324,70.91750444179712,112.94576391390967,16.99655110347423,1.8797395891383284,26,0,6.83
12.170938409509688,88.83424322835378,13.6522799050528,67.06573308556445,24.9710030361009,22,2,41.93
14.178271962752584,41.551802807214116,46.73120925154315,25.08907884169091,26.15024326750701,25,1,14.8
15.527804125478173,54.686687348802984,3.7065452459422055,43.24538125915804,0.9499739142221442,25,1,19.16
16.180024738345548,72.92448584335023,1.9195039742792686,23.14027036884182,20.40891762494602,7,0,6.04
38.34945595752269,56.95717050076281,165.53303341049752,27.27503424784162,11.951099424813256,36,1,28.33
19.8430104619011,54.072409169072955,165.9998787189649,13.18172411837758,6.609328033852569,14,0,8.09
14.550147961089257,31.79559640520234,109.88442656964979,37.62673404228384,13.488587652865126,6,1,15.6
28.612365938954426,22.680159191016855,105.26647019590358,18.874896808683356,9.199250930195571,34,0,9.34
12.92648173335463,51.50827679408956,155.54867089853843,48.0711766629617,23.3531076250462,32,1,28.32
8.706452826386712,42.25608748298896,72.47353190340726,23.848883998962705,7.559745904496419,23,0,6.78
5.427096702512994,73.13993951698725,91.80331115625373,40.28848488543952,13.662019714917452,8,1,21.17
15.608225029567562,48.16895210488285,97.0462106498022,36.76443556244854,6.185567309112332,18,0,7.23
35.47928436037235,70.74439921002426,96.36562196351817,71.40516655485364,12.144394773876487,0,2,62.86
9.695980156750412,21.265804314345452,31.959720757805133,27.454691805171265,3.1985474138939485,36,0,7.88
31.546726600468112,59.02405454282941,148.94408795302493,39.446457755042616,11.563689155713515,11,1,26.77
9.728955518208668,57.1518381651279,50.480821906494945,68.82396128617847,14.729462539532644,29,1,11.86
5.963002193027373,87.0471669121551,170.87031336010617,69.9165978846881,21.193968430314296,9,2,66.94
31.69923407384736,66.45935754932808,166.23909126475937,60.2640479997905,17.693789995353754,36,2,66.88
37.30844508530751,81.41767073855974,119.73640189232113,2.0725748080230524,11.079898570041532,13,2,43.55
27.81009510053591,63.247459841282314,57.88350468408006,15.344212638143663,22.935960895724275,32,0,1.48
29.613051514345422,80.33310887535693,158.23773375527992,51.95734544541228,26.62283863494276,27,2,34.29
37.357863335507595,63.65326838604299,192.59949749178125,57.38285898951294,21.023754027277825,14,2,34.31
40.49742082151942,93.07864764453946,163.9604135018001,71.47659265020924,10.451117951829096,34,2,43.2
14.257494164400311,66.77501811924687,152.63579923167708,1.2435419983555545,9.786258398212322,4,0,9.99
34.64191354396844,73.99837051089067,71.02717101375795,56.53881397382658,14.49889737734331,6,2,52.09
20.89702679049983,42.19578159946202,69.68986680029157,37.65040278714935,28.10104693521382,36,1,21.54
17.886589172647838,24.27878415334797,156.13367666111694,50.940140345673036,15.826031467150385,1,2,37.53
41.48141935949519,60.902543950203665,64.01995336635487,23.6400932862472,3.9626113566655485,8,0,8.12
23.568584998192943,32.541118688201635,136.5900799605729,54.61058100628862,2.150992482693066,5,1,26.59
30.37379244043058,32.64946686853173,89.63176559917348,55.855074127631795,12.700502005763791,22,1,29.82
20.92359320437234,60.91269697901188,154.53748737909683,24.880232238082492,22.466706819563193,13,1,17.54
41.59282151976695,78.55751322878902,52.35400202899565,20.909366290682602,10.574630448692952,27,1,14.98
3.4616151887163933,74.62953035712988,164.7127543029936,5.222149099154476,1.8554132160298853,36,0,2.87
31.044416370570246,67.56064970782435,71.46947405244455,36.13544517487499,19.199724885123565,34,1,14.59
26.97283494263913,57.11709555303103,70.79262621848248,22.66315326450232,11.288585253149403,6,0,2.51
12.876384263753064,88.24518308182603,95.94317898326064,4.00342877088991,0.837738593032552,28,1,20.93
29.45290803653261,35.91711997141139,186.28078967523925,46.443898888361915,26.322958468692914,5,2,63.16
29.851784156271663,45.62252921548773,57.04782447649357,69.379234770565,5.550068913241951,31,2,48.61
2.304053702534172,57.25001149701239,147.49069432362305,56.47213192702911,4.741457478047941,5,1,18.38
36.70499722392823,42.51355532142402,86.51490437877662,69.2085459819432,0.9512422767468665,20,1,24.87
32.78533507001391,74.48385826013273,11.802533134609972,38.690768268247794,23.489072149717682,18,1,10.24
17.171463091884988,47.47442316946,149.05545404612485,43.357855180738596,16.597482778398902,21,1,24.64
34.452486081673335,70.18935416057292,162.2890420184983,56.81972076094593,4.596959100996802,11,1,15.31
44.54336693780044,57.21683108918481,172.86073652033843,13.791839447803302,18.128612707389948,23,2,47.26
41.289837185492885,79.28511957200547,73.32346062169715,5.131152274522825,19.1075851614753,3,2,56.6
7.304205366700067,88.30806831030162,55.19166515067659,16.53652310924659,24.479299968289624,1,2,56.41
13.50009721320515,58.993711035929685,194.31962250440992,56.69706537415665,11.06013673945884,22,1,28.63
24.45049147951177,58.40099343265962,120.7891260259301,23.91153598483979,26.20602603195946,8,0,7.3
43.6874154734441,42.32792971058153,56.62703298136991,17.81289079971753,22.253279659347974,27,1,21.94
14.667465426067356,93.99596425132316,4.314755281263349,48.61179512946069,18.255412015229314,3,2,38.73
6.121885703879123,25.595990676420513,17.67189069721944,41.46801074839743,11.932255706936813,13,0,3.84
17.62584696482665,32.50911887906011,140.0172825128526,60.331794156589915,8.212277132624854,9,1,11.51
31.270621186375358,88.42262416741127,27.843758703475373,13.106506354364445,7.564577761764474,36,1,16.22
18.437721586718958,38.478884591944734,121.3259696105444,70.9396071701848,15.529638365501178,17,2,44.73
34.39745612513408,27.911290019622353,170.44573339509648,11.073314360749732,20.76592817322942,16,2,58.31
34.187003976882586,45.1668050031501,77.65604617085222,11.850062221883285,15.70374251594698,8,1,15.46
7.005833911699687,47.79347732640561,161.30940414125303,6.670698204832442,16.223431964173805,29,1,10.38
44.06022742789792,44.17106972811786,153.35823827801022,9.593091340508279,23.185928115815248,17,2,64.41
30.924291989416297,78.95893808118879,40.498453050465535,59.00754034624223,28.739565028256074,28,2,61.39
27.718444522812124,21.001432589425942,104.85745336720542,41.65280811241887,20.101426372961594,18,1,14.83
2.9981292203699708,61.15054425747659,44.87597085608574,6.1422102338124995,21.8948493868569,19,0,8.17
41.5012440474071,87.37212292660539,32.105607689730654,59.792885920449145,8.928237143623555,2,2,30.2
28.882233990186066,90.87768013127133,16.41894531815482,8.318182322915462,25.315174405900198,3,1,10.79
5.860430703076367,58.8804723896707,102.97284648910198,45.448134703879774,7.339369155913912,8,0,3.92
5.6261732230846935,91.6647982207156,0.8226323178194717,55.99086498949196,0.9384609231503838,26,1,28.76
32.46023590387023,84.39264019557041,148.78068639593965,1.5977242605270607,20.517939777580715,2,2,51.02
21.835279779027655,60.69406268298139,28.38605245175916,51.1050805114743,26.488412997159784,10,1,13.61
6.439751207026047,31.777181387649,178.43834105021241,9.021361165808335,11.438587942379058,26,0,8.12
9.663406933209984,81.42328490468265,100.4037746096964,6.119525991793663,22.008158809307172,28,2,36.52
21.137258320144323,76.54028399425388,142.78558963706115,2.401916478104887,5.361631079014655,17,1,28.67
9.513635732543165,48.53611615230352,173.73536782134607,52.67105447962419,1.6676540036636744,16,1,11.83
44.81857836323011,31.72129688822202,144.12540130520526,52.34292760152948,20.489812387067083,18,2,38.61
11.663075126772805,64.82726733846403,62.865044910502846,71.2264729227421,5.853391058794931,31,1,11.92
26.133834387971365,91.19420635150891,130.77546361942674,68.98648433461317,3.1910022156809537,25,2,43.42
10.053222535493779,71.9779888567447,51.51530714158805,35.21660120345671,3.946002669421349,20,0,4.66
33.88858701201222,27.752164402380217,114.96408450179322,43.935189632838664,27.910515011240925,21,1,23.07
23.57848282358375,37.53384590367539,92.23664779049162,49.6095010406597,13.713391186453778,35,0,3.32
4.876856047535658,24.971267906708952,2.7551571904853134,16.263914272040488,20.389836821911672,34,0,4.08
10.32876958508222,60.76158367589692,43.609897310013764,55.17076126496755,9.364029448783294,6,0,1.01
11.359832441994932,45.743072535685684,29.531330604860038,43.01737964920838,7.162246304770283,12,0,3.56
25.381062726976783,84.53124586860092,173.34374563128975,43.72654526781651,11.803150897026383,5,2,60.49
22.47892927624179,71.04622305334573,175.3305212205493,57.05724203717266,0.6717410796104606,34,1,27.06
18.718691675394496,63.82084417682492,181.16899648572925,65.67644569200739,23.492785372826724,7,1,24.61
40.43935375654647,31.18616026840359,132.46972802229018,44.132394109042934,23.30698967638749,33,2,32.38
25.010010313061223,46.978399411003096,35.221233951558986,53.13210410038816,5.965392152380734,27,0,3.58
34.339127626498936,69.28595867601203,199.54861228875535,33.375237686944345,21.185770448944652,16,2,45.04
43.67419245479517,22.42182628449561,67.05913079218287,35.264226807214904,0.04394979207570704,15,2,41.45
4.5950957929642975,31.944754763310712,70.34141817334681,31.602221997361436,15.581341041433102,35,1,17.7
26.735853569143348,36.13632144552537,188.10868635837693,19.0366825962582,29.698024069598148,26,0,8.31
16.394024931939313,34.64060691674814,129.873336227563,48.65066695719174,24.8769507824925,12,2,58.18
6.720507382701376,80.94220327931549,46.59025232472631,25.922901805521434,4.3589206102763045,14,1,25.51
10.011760438296967,92.34021936636681,18.93030208040758,55.48347224348251,2.5967767152992582,35,1,27.96
17.716855662975284,67.9043267492153,91.44944434213886,5.257449904086429,21.633828490160873,30,1,27.65
16.3669240098069,51.04930600415007,180.74484515027592,14.486527662251508,29.152769277636487,4,1,27.63
28.06620402924248,28.721099117088965,178.37290233048543,3.877400588223274,22.659368797947188,26,1,11.02
34.79843857541523,62.98681337881388,162.97519246866233,5.901915562683792,18.636959714273694,13,1,28.07
19.060422765105802,44.88277540833927,100.88186565801107,2.9035014309491882,19.35605280094844,14,1,15.58
5.1383538230011965,64.05078134795836,113.78005451704041,38.63224344290455,29.568548045614527,4,1,24.44
14.855743934979227,40.658496119597885,115.19510117160168,24.153145827530786,19.2319928061015,26,1,10.67
29.2662864776094,51.813424340524875,85.52968610313023,39.58454684383546,10.677801288624675,22,1,22.67
43.69173740469987,69.5132073329724,39.439172906078326,54.16005240817891,5.211423096228681,26,1,20.55
10.12551971345874,46.128420821911924,189.1538591357394,20.877731094255527,4.66704182296106,19,0,3.72
22.352815493621584,53.60345860018648,36.830726841512295,44.119936088121804,21.741148404659153,20,0,7.81
10.485743875587803,68.67107188384274,78.7343358727045,49.201349303351726,14.882905567075627,13,1,25.74
33.166168782925496,29.45538311601939,144.25449452062014,30.077132478928444,23.978011320771706,14,2,44.2
26.73851732972815,30.12859990458525,109.50192956249127,13.439577748659548,23.025145162430228,15,1,17.22
20.124348074061093,41.39749818461614,158.8359929757262,44.66757579141021,1.9215467056967883,22,0,2.68
14.605829776797554,75.37044309998842,13.383628543948545,22.876860113020413,19.61133438401385,25,1,21.45
26.730952965184706,89.64291465468108,196.52198140251122,32.95346100555673,16.954697177334243,13,2,38.86
27.452566036222592,74.4125101538394,15.970804532689042,55.282419366918354,9.323607137209752,5,2,50.37
6.092980474000173,84.81610933229088,159.81396583569955,25.994115788933613,20.678304131899694,13,2,62.54
3.6476123397772255,41.87894929080306,181.86751475816146,30.80313392336422,28.819310372446417,17,1,29.95
31.959100748486197,50.92583942982992,172.88822517843263,22.890155225996647,8.248658555955823,8,0,7.97
39.800396495272736,33.371242116199106,147.5451869269692,2.3161542681178,27.786090496875566,30,2,44.17
37.99124519019412,83.70116436658492,140.97170007599337,33.88172738203563,12.141636790336456,27,2,32.65
2.6869606402654402,66.43489025353355,112.0185835350417,17.170796895367218,19.39929386712064,24,1,15.55
27.95420699930111,21.00918563110033,8.526182733699518,48.95293182734132,26.646085545055385,21,1,13.36
31.94099462800464,73.72444657442628,60.808240147482984,51.69376946139301,21.293168327516767,29,2,44.29
2.8867374319441983,49.891054953825005,152.82104811432114,29.064864420032404,25.067887194042726,9,1,22.14
11.393258477805437,47.83209584805701,20.92137161130978,43.19043242961701,5.075745683778722,17,1,24.74
13.466542668894832,85.34513921153165,130.81879969269818,21.215377296505817,29.61884144988783,5,2,52.98
35.51220920863943,32.03771070542018,89.81147286887727,53.638582156504235,0.6148084616664251,10,1,23.54
4.652732395997582,48.86787264967896,81.96495555694099,23.36145336664376,7.738399127347513,0,0,2.47
40.89794506125008,36.83201609066287,136.89022087007007,10.637592493445513,10.617198720306924,16,1,28.74
8.642985065952207,37.678481304531616,84.92596915517758,20.83385957536952,21.04274563771545,33,0,8.4
16.432250212940023,26.955899553404542,123.99548127598857,25.293640696220496,18.874038189929124,1,1,29.64
11.920123967164994,22.665108097224103,184.84790499748044,58.3388968816953,20.80445076955345,12,1,20.57
30.98197535911151,51.56249027945505,107.55831890307262,3.8845803998548156,25.8374688930217,33,1,17.2
33.697759783879704,75.38726728361067,22.134765524546786,63.7838960059213,8.425011087686594,1,2,54.58
12.64445932583717,27.413714694995946,109.63098599323575,23.014648348537207,15.720761495715456,23,0,8.54
9.240336245770386,67.07139404993184,135.63155512956698,57.84922380163726,25.41981525928977,21,1,12.77
28.86622805556216,72.86319271046281,148.2241385070193,15.312810053789008,25.461767114885845,22,1,14.33
4.177685991856132,49.13339825370605,5.337485295843791,65.1463197276148,0.6043399426417262,6,0,2.49
18.47050310885033,45.38699861214708,22.736996253662014,63.579827640418806,18.462827289970807,20,1,17.43
4.14519947512233,38.213697022810535,154.1193598663468,27.395099556061297,14.179541953932569,11,1,11.89
33.606661651189675,68.009531454041,149.0827467247952,5.932697441379986,2.0287898291301754,1,1,12.95
17.95163330263179,42.66999810255634,98.2397639425053,45.754678672781026,1.1130673593929108,34,0,9.63
33.958470767312065,80.20685725578662,108.79525159196824,11.196604428571309,23.605881712213964,1,2,38.91
12.870600325418922,39.961611533932356,126.02459774252549,66.72264815744914,5.962267238689294,32,1,23.26
15.614689377454892,30.22797357354343,66.44965382650967,20.55288956331113,22.09012916966951,25,1,29.1
32.00784417150291,33.84465695966252,151.75063592637693,57.345286925739984,7.100977219661795,22,1,20.02
38.4335173442633,28.78118423752016,192.95665290370573,19.372367470196817,10.481735310691217,13,1,17.56
23.761365185066907,82.06546137970888,128.26016225136436,19.343429708625255,16.72314094850498,25,2,53.23
6.231135158400588,43.05979647430863,179.61739852019699,42.40171324125852,27.097945468291535,19,1,29.58
34.5425984512569,42.90523126100426,21.19810968999174,60.063546666596864,22.87744580610479,32,2,41.99
30.764801647191362,92.00767286753927,139.44121877325887,57.93746058219725,12.682464119118453,14,2,36.76
28.447462329320054,58.415380387764756,60.56192063594948,59.50725840100097,24.863842391133694,23,2,59.09
33.80534966206709,94.56426175389687,52.49926275282233,45.834750688350766,11.396338953196901,19,1,27.48
5.112696992073164,79.92028889322194,111.00497104064692,32.63216772065778,5.499991406877827,16,1,15.57
39.668951412336156,57.38996772294542,44.36391455239883,58.06803717696575,8.829715626978686,25,2,40.02
43.577843190825966,43.13418577453966,72.72360777320223,34.06852294851124,9.574222463765787,8,1,27.52
18.954414162798194,30.160209962031733,115.9349655663955,51.28880886705605,20.26617486489886,25,2,35.5
22.15508250447301,34.67607873061907,18.610660618746078,67.9907546240699,22.290282266307447,15,1,15.91
32.68068383270996,49.729276397426716,7.980468508617711,16.78475518094579,27.054244123271214,0,1,26.31
41.09276524894434,56.216603150780145,63.654805087269885,43.519318295211136,20.246630450084208,1,2,62.89
16.37970871683339,71.47822680248397,49.33677307751145,31.948899244879822,28.91200639884878,35,1,28.98
33.160671095688436,64.38928802676543,28.441718962945362,37.659571798369576,7.579986015104129,36,1,15.34
28.826975670333916,58.32116099147226,4.270582650902832,9.761622297961594,24.331288254825377,28,1,12.92
35.39394886504436,88.30243521801677,130.5267667204507,34.4711498492943,11.32954648963958,8,2,64.02
19.58234889233183,84.67171809463463,71.48270386465485,41.06938900347182,16.04570608993838,9,1,22.79
17.342552967507196,52.25642057870838,14.253158068790928,8.501980859509901,18.710750499108293,16,1,22.73
7.64805364289852,69.00841612030842,165.2677855171406,64.09524405788133,17.386994878616676,18,1,13.27
32.17413731082452,60.72598285768007,120.3756719120069,38.27067678157376,29.148825339888898,28,2,61.25
2.8391060565237023,23.25725182697899,6.047585032488967,70.60408882460736,3.434470154036714,14,1,19.68
39.708790522507364,84.84520253177699,35.75467758959405,64.84634450802135,4.545261331682013,23,2,56.12
15.576337224407832,65.88679633246964,142.16595597987956,1.2414669613998472,1.0268527554511198,25,1,19.15
5.727092648935296,80.13109015653001,182.2773518425852,11.384681123777094,7.477858718744571,10,1,29.09
5.9580859227045275,85.10279598051197,18.02746945106779,17.38789661781858,2.742924162821261,29,1,20.48
21.723679333215326,59.75616005904336,160.95500195546418,52.16793780286667,18.588099612518565,30,2,61.7
24.330732289119574,42.30014088815735,52.36341039237517,56.184436039608315,26.725075721926075,9,1,25.6
25.548649560541456,67.71499570292494,98.13283356335441,8.856935468896031,22.02300695457232,29,1,22.7
5.205754913487349,42.62029311308592,7.39802237008389,60.50415924738476,21.091813202106277,15,2,65.59
19.488421251787017,48.18571020660858,133.23932150144194,26.12011324243748,0.6103180984273748,34,0,3.02
27.096289874957847,34.978554959942336,1.367282051953378,54.724584302746685,4.645892367595925,8,1,21.86
11.366450432903,65.8133477944883,67.62254560969538,38.54822815001015,23.985361397891104,26,1,23.96
10.57250973784954,33.293111641326064,159.8699032506861,23.443588255288816,15.365472393373437,30,1,17.92
10.74281549615159,87.28458766853029,63.321185131068944,23.865912360865444,27.529598877446,0,1,13.88
10.08560438551774,74.37298881685334,107.23902682872395,70.65253826544861,7.296923947564603,19,1,20.3
29.353093045739076,53.623558995445066,3.4229171744327935,4.822336993823752,3.568239805615099,5,0,2.06
2.0106650194645344,27.634539592545213,153.2733214966768,64.51026174321619,7.210513765662555,21,1,13.98
44.78814828126727,30.659824526904096,172.44528411933968,36.05001469111702,0.6814233374900447,19,1,29.3
18.253923997492407,92.7773484630564,161.47009086625297,67.0648802349189,16.722808386381097,35,2,36.67
2.306482621630711,51.06788181466959,45.6138641265919,49.35808881941782,5.833460901705009,3,1,15.34
39.261361053702124,43.73290768484958,149.82537046248248,47.67865366998392,16.85350663985047,33,2,56.84
37.67688779211275,32.57603573974318,17.715531985991028,14.96608435579507,3.0795894603543115,13,1,29.76
21.828519020736838,48.955274683089634,67.92128284928008,24.228248145985305,26.850382698793865,3,0,7.97
27.59150400371631,66.09007467710407,144.38682392944656,49.20813051752342,26.094390551968853,16,2,34.82
7.788989069858709,75.69798748594481,57.773945885857536,63.667742860514636,12.849854262019226,12,1,29.72
26.407652312987583,62.696485857210064,74.56269023555598,68.53143436726286,25.31623687235195,31,2,68.97
37.272610643349495,94.82286008007223,39.60174229862179,15.361850027812103,24.326499957572075,11,2,66.63
33.666393883398264,27.64652814909926,7.175113034818015,23.14854160568009,6.5189508254686075,28,1,19.01
2.447939459798492,36.796741380315076,141.17996222126524,29.503220709715116,9.908868689043826,33,1,28.35
24.0072625854587,39.35371379135881,44.7380136504256,26.93758059312667,4.986862155110394,23,0,6.53
33.54340347399035,79.2003881446248,34.50501082448698,45.419870777748464,5.3657005448296315,27,1,23.5
33.767441355007776,93.06162267744173,197.92636256913914,71.94104199219706,26.71579449194419,27,2,30.28
25.379541324524425,91.83496936624897,125.64444645819728,4.0745436516015285,29.662864132098804,22,1,24.36
14.657509575585063,33.29828640707818,35.54047285534314,61.875577206383475,26.1873754249027,8,1,12.07
13.737446404000995,59.672930393753774,60.971575029215465,7.877340354840355,5.6420554081815215,13,0,6.67
17.77747023751892,57.00373785567688,134.62600671254103,42.125862123829556,27.980943736888243,17,2,66.43
40.29405729264369,74.10939409745333,34.43869082241719,19.307218376021154,16.284299974916443,13,1,25.71
35.42605270401244,57.588713543387314,156.6426768732778,23.15856481661733,15.484789401492174,31,2,36.72
36.095887348335786,56.024980985760756,61.06608434513605,30.766386046144014,0.5209682469192645,22,1,11.99
15.531879122043675,49.64405063634166,133.53733715396913,64.45336224587962,5.361261981105262,8,1,12.38
3.073070857653007,57.10180096946729,25.983397159514677,70.74324924430248,0.3123295983754748,0,0,8.5
41.1986603955096,43.33527901062199,13.956530272081146,1.2573136314697968,8.477018311715277,6,1,10.02
21.344724620487145,44.46958966002997,56.44083211036166,39.21550365780839,14.507780722556102,2,1,11.76
18.793864270313755,25.769776266574386,46.06455091326629,22.6609207963584,23.08938928045622,36,0,5.3
9.743225528754294,67.0903059622789,40.43937701854592,39.71217687328663,16.651896975413678,24,1,19.13
15.9679160857038,47.87922484295329,96.17596716573993,12.576555491461333,17.325349283915877,35,0,9.53
31.443613837028888,59.66784271095842,182.99165537625024,59.91771100064822,21.80187573299901,8,2,56.64
26.519043161148584,90.10709378670867,69.03422123238072,13.786156849614596,28.26075830727295,27,1,18.34
28.058670121144658,35.79683054405659,163.6427239039738,63.02060101878328,6.314518417609785,6,1,22.07
6.2603083058189695,91.80983801987487,9.50783635625636,29.197928359008994,4.881081060950847,6,1,11.58
10.574500187133049,59.324572513919826,89.4263000778731,48.0074929731281,1.9182919110949415,1,1,20.22
43.994707358108435,81.49300988029067,169.31867146004012,62.04504818805763,18.586360203646738,30,2,44.36
4.613594070253917,43.21077599563118,34.91561901876579,44.83982582400053,23.42238453796189,2,1,25.91
26.02317449659469,60.66925468576712,24.660224409305886,31.972925366050532,24.360118181963752,36,0,4.99
4.898766421507643,68.7891336841135,100.56811735064169,40.94791764661465,1.3881063830999962,11,1,14.65
11.819209639623077,90.94584204440389,33.74436330811703,52.86080878729912,7.3724188181561,7,1,29.92
6.378234951931584,61.120021015061,130.3689236912538,11.439054982455792,14.165401344179788,14,0,6.42
38.09057715325412,53.41902254798909,137.72993533878594,35.186688604949794,10.59055048568139,21,1,25.4
37.318469990364235,58.95674134215804,73.37591256751796,49.27407028414223,17.70665426421027,19,2,43.72
25.134356543407982,41.480365752773395,70.8121236606075,44.334913387774634,10.58240225439241,13,1,15.48
40.90414930149864,49.382627442394856,112.63971932133572,50.98276103980972,28.588100977551797,7,2,32.29
4.1132153900726145,66.24068157417885,142.0986632945278,22.54226398349057,25.615557243996435,27,1,29.97
6.708057461997936,42.63449322015053,5.101519590742631,56.43727122828493,1.5831536361386167,4,1,11.05
13.41161974649804,81.25720140585412,100.8157676674818,65.42510570846972,2.661112016487326,36,1,17.11
44.43326221726268,43.29970355511513,103.73649059308671,38.82909965677663,23.123938158220998,4,2,54.23
6.348676201237649,92.2604092643727,169.2608352158896,28.29724187405215,21.8525276722123,8,2,64.01
19.78762839927687,68.53978792205855,51.510487669079176,31.58406113452306,6.286372128055171,3,0,6.3
34.22899141982097,87.95636165665262,84.22303417352595,8.709709980425398,25.169981532818642,21,1,12.68
37.20451766146428,22.642618198457846,69.87389007180518,47.94130410972347,3.92226018307401,22,1,20.71
25.374422068564087,48.3686219644886,162.7885481714172,57.527352703093456,13.03915479895991,8,1,18.45
44.489055813691444,72.40441231413556,75.9870951333049,29.945441206176987,10.550466592282918,26,1,24.79
25.84787928248572,71.15976001138343,162.29822474155216,46.582286565296144,23.91722061575107,2,1,15.55
36.327037076026755,26.459641914280688,159.17263948834562,28.316524436738298,2.385214860521865,8,1,16.01
14.761427816799054,84.66994583041367,81.36428496911378,34.15433441382718,25.39885574257373,8,1,17.8
23.320503171737386,27.959044426955398,20.532024249910275,30.27374083726298,0.9908702504018352,15,0,2.81
6.698372881709492,51.14856798708445,85.6062261098434,34.01388072991384,25.84049973295886,27,0,1.93
11.417928684315699,40.97197607621481,63.54160074390354,3.2182633668535896,27.39266314235701,1,1,12.16
22.10857565076494,71.25604977814965,120.6035321076669,9.38900878432215,19.80232934885387,26,1,20.62
37.79409678326251,38.09879253587101,198.49893537921454,1.979240823209389,6.510014407066232,16,2,37.77
19.481633512584917,34.37939179644786,67.62859742976354,2.406848087417351,3.8019714679469807,19,0,9.08
29.94239950539418,54.347248703745784,113.39448879335832,30.273256922493985,15.742858620637495,16,2,49.99
16.51613168460662,81.2155378116043,11.36839779677703,24.25072536327143,2.8307972478191834,8,0,6.93
39.47359450535984,58.73038534051469,59.06864423445655,52.04355548929693,18.72050374757099,14,2,55.74
15.3845251637445,72.81628098141942,52.041210117287285,40.593649709503566,13.673112901738092,29,1,18.56
21.501589708076924,64.7796128344739,81.50065840751975,28.432632204490183,24.61135541683191,29,1,15.91
19.728882191155616,86.65956823970572,39.78602442500654,16.332035352002343,25.385741297544104,23,1,14.46
21.74221766173374,85.0218129687658,24.467908605921007,30.91498021091969,9.239249285490795,4,1,24.04
41.85200636318242,36.00125313188,167.55446319236688,50.40876681930441,0.43405608219434066,29,2,54.23
6.856381980339131,45.724265481492736,128.96060746163647,16.989789646483313,13.337862876676388,16,1,11.05
5.880868752378348,35.41564257801389,40.09941413701357,8.252364199273273,6.227849365093771,25,0,7.59
21.03885820085622,38.925840064381006,0.23362928480954448,8.397223003338773,21.11667454281927,4,0,3.9
15.57924084685299,22.265440025832138,122.5516481684227,44.328998133032016,21.765017441291377,3,1,26.36
17.091888174847693,67.69597743505236,137.6852104641868,28.888881940018212,3.1197285164358304,26,0,8.22
11.591507199406507,72.52917306363013,5.608640033214729,69.84250750196848,0.3769338457314153,27,1,11.53
43.61652809827395,36.72299806006845,42.91248394009182,4.591121870930071,19.745963964279667,31,2,34.45
9.682517829241764,44.861130530064614,190.25283387892202,49.357296979957816,0.22707302385425843,10,1,10.21
44.74280374801874,75.01874457669936,103.58258854157638,58.03643811688166,21.14410953702228,16,2,51.21
28.579425725362917,49.154010589714694,142.80151162053502,44.761090413442915,18.49842578401904,33,2,66.42
31.653544578732244,62.924796035684096,137.86216163221184,70.703172315965,11.554810129034799,23,2,44.38
9.558783060293315,70.3266196728479,193.41444864599623,18.833517164555126,4.2645691604881435,7,0,4.41
33.10819915793803,40.2327287891727,170.7782750566717,13.20264482213776,11.017058842958509,5,1,22.11
7.64107968948126,37.1526638407623,112.28313724675706,22.420576446026146,1.251323717665379,5,0,9.14
43.19928661615616,83.78737989195548,164.2407702002299,34.05927436839917,6.360931811337832,20,2,58.9
10.667851490250348,32.44851854783213,18.219441887464072,38.13081695382299,9.679171251084194,2,1,13.74
23.828925421287686,77.49661086901443,150.2351187412105,12.441574422440082,2.9518159319710593,14,0,7.67
32.595412395850396,63.69905155353881,69.43397960696092,56.64528046523025,20.04509279419093,34,1,27.3
12.27543998326545,57.04112790344375,116.64513033831423,9.259435590615377,26.68068019585003,18,0,6.38
4.805934496299852,58.700782467960835,84.8035667631879,32.98173850900872,18.603145148572032,21,1,17.85
30.01271590794812,86.74337593315009,182.63078102048917,12.462813424051081,20.41685621673181,27,1,26.73
10.54615056361168,90.40480748774154,136.6958013984847,68.32726688148708,6.057335165802255,34,2,56.72
37.282054694024666,67.46479151342824,133.92003211042095,18.6374467743105,24.51161065893874,33,2,63.78
29.776591966029518,93.79235272700132,120.17406041712361,49.91060153482466,16.8350233123926,14,2,69.03
41.08788092376285,60.354949344141254,193.89544720907261,5.981822388145977,10.104761029371087,4,1,24.61
19.595469632296794,69.14223658515655,54.025618902669656,25.463062620093414,29.76829976644034,13,1,27.46
26.50070294028312,41.56417528580636,62.22823901051058,60.058947686507004,6.930449587986653,18,0,7.13
13.921450719916942,41.499373909440436,120.38923251455265,70.03710195144471,28.622026535464443,29,2,42.19
19.149070363953946,82.60055912602726,183.150347797228,17.40949828910797,7.9738342046651765,11,0,4.15
4.815180523804356,91.07905007113195,67.58008835171327,32.36406171268162,5.026360056100973,10,1,15.83
15.605311051280434,93.80447633996721,29.36857456299904,2.730977891179711,17.345267706869482,29,2,61.8
37.09310137460394,70.9645169030683,30.664035726243256,16.669495000859296,8.570255647760604,13,1,15.75
12.380263214613167,82.65197352952899,93.90339902504157,23.5899069289738,12.372543136466192,7,1,20.34
41.659925403158226,24.949700225138876,187.72426976287716,2.512926888833909,23.12938004872345,29,2,50.23
13.124035926655196,84.41687314447796,61.79714037665698,31.23524568849791,6.398626942934852,34,1,13.91
13.973204259510153,24.12602862441101,133.17034581972442,35.22896523766372,0.358864491051718,11,0,7.29
39.23641178824858,43.34947080649495,17.733294087284925,54.82265253901668,15.732817033590713,31,2,46.24
5.832027923286238,24.30986585045625,98.97044258421298,23.061907335476853,0.1472187752844789,34,0,2.97
39.7340298128641,51.54518983489765,135.88647809541735,1.8153206252996075,24.417770336486033,23,1,16.18
19.616794956865462,83.94325795550338,75.74685162405783,65.46527685908205,26.023428095780456,12,2,42.21
25.51544816256899,59.97746637043075,8.753016451638885,68.94798227466742,27.84532980855129,26,1,11.98
4.698488707407373,79.09755837608344,181.0507278081783,37.07843200105381,15.9753142336737,15,1,27.14
37.470060146269105,46.62840778422343,67.72393599632728,1.3449395081420534,29.631869487690516,36,1,18.45
18.467710130388785,72.94608023915279,63.738043588818336,5.386606946320352,27.042664900860935,32,0,2.86
14.036360503071444,38.99324665933843,14.4025316918605,70.01420175495909,1.7992225994068156,33,1,25.36
23.94705187386808,56.13827936691934,103.35408181547199,59.41116113448273,14.536376474330568,6,1,26.84
39.19260874690192,87.91790220850557,75.00942690205856,38.11985081544749,8.430620119155815,16,2,49.18
9.882962539743051,56.053310871669616,173.40766819600444,60.891236030431195,28.952052642901016,25,2,52.08
32.08595664718592,33.71165801767545,79.63495041799125,66.93488938346901,4.3838142987834825,1,1,18.01
32.350981271968635,47.97968946747986,106.4971165837683,70.36287453771996,9.891091109044142,24,2,36.9
36.68477310014162,42.71406511446919,26.12485836194707,25.21230998121948,26.828296387327008,23,1,16.99
37.21100219647605,41.44529666828012,187.89251386468692,65.88338326784572,1.2978952088636386,17,2,36.78
24.876880442897555,67.31062012332575,132.90699321895795,5.022943024634649,1.6103829079847853,28,1,14.4
28.860888024085167,32.334820805018055,152.31932535392997,62.41511170828347,8.561330439530938,9,2,33.24
29.524779920578816,63.7333092038988,46.02654896498963,26.37168889876892,27.309131528106278,28,2,53.78
22.519580670140705,64.8836857759967,5.890741785171771,71.2622983875013,21.489314218157137,19,1,13.83
4.38523989099404,22.985181464043787,103.31610177379615,21.323670269301076,17.455496548024506,11,1,11.38
11.406569536014956,67.75596223978516,20.22287523721882,39.67733032779121,17.518752074690138,3,1,17.83
13.080791684847991,20.70144763281915,129.18342043866673,46.86512471768102,28.210701433971607,22,1,13.79
11.383341127916092,76.89435920737876,150.66134763528018,4.8031074257327635,9.674947220848932,15,0,8.46
41.814942287339484,94.74558328554801,156.1452331388699,48.14664830405891,11.756914979613683,19,2,52.93
29.0284699729727,57.33416498883212,84.64765915816925,23.538567753692785,2.640261366555068,8,0,8.55
42.89353811599062,80.11434718374187,41.149851014673345,28.477985867613402,27.833762856616133,0,2,40.16
26.55011365346529,50.804998978349204,15.974134799259975,45.48647400226162,2.9723359356045065,4,0,5.56
3.17623428182556,71.94449832991907,14.37057469981946,11.098621110574058,21.002250596087737,6,0,2.89
42.688615159468974,37.4285486403726,63.43919124713706,51.55624137945833,24.458786116676286,32,2,40.93
16.837746245882016,82.32615522900974,47.52030677343691,33.4738247176629,5.829769560667492,10,1,18.16
32.543287491474864,22.080200190457333,175.34031114504276,70.37845108497602,15.055847093010108,21,2,40.54
23.13920325696833,23.760501657705206,100.76743826550367,18.557213511844154,14.292958667345506,2,0,3.75
28.21086937076409,26.820967979235572,139.1446060436317,29.74358158726095,4.5519951930062685,32,1,28.02
20.732804694536455,57.81844420699058,170.2824397393558,1.783874433492717,12.848652172353706,31,1,28.95
21.95764107529921,68.09933308003683,74.6124293716878,45.99732516041054,21.602969868770632,11,1,20.29
29.685364073857603,88.1321671446022,1.3825182339334718,10.075925461222862,3.593194754995671,20,1,23.25
27.060970748134416,54.62996728694403,158.4685823628725,12.007372124478556,11.440143489519642,31,1,15.97
16.47184726117941,75.05080513543463,111.4408900372635,40.130206818924584,20.564609657786196,35,1,18.58
25.955486827544057,65.84381661056958,173.1032926924334,59.06679389289043,8.561338640516414,36,1,13.12
42.798825248693745,34.026356139725515,83.6241783749748,61.25248723279464,0.0030711757754064983,14,2,32.14
21.90149856611611,39.204708156973666,117.8807226405093,51.76335830049232,11.128442328905008,33,1,26.79
13.474453832541776,80.38168725468925,175.43026760636977,50.4231598887215,3.011524529115847,28,2,33.04
29.534712574875158,87.12019481694941,103.93099116012903,38.39674642519245,21.210535067296515,7,2,31.48
4.747524568696143,48.3693879855753,53.48627260843326,34.91734561358585,25.011874870052093,5,1,16.88
11.764152617253098,62.00031209414368,176.22688278962374,33.79982806254234,15.161979077167606,29,1,18.41
7.172877469082215,81.37416077068,106.92960628763053,45.752569969807,5.102471040542459,27,1,13.25
34.15489546989435,89.01837083746392,79.6384705334271,33.530810963160015,14.087850479874373,23,1,16.56
6.757771468013925,70.87392769889688,42.76532278249816,48.191565307242016,25.85787681347449,8,1,12.39
37.27719306145633,70.2877870630683,197.6250027396254,1.6439543363034967,12.331809492969686,14,2,47.32
15.683592235918542,93.34537344094686,195.6057945906339,23.346714914811997,10.56339348436364,9,1,19.59
40.52475247828456,64.75760236426925,88.13112624543382,12.101542502144193,6.07255690549535,31,1,24.85
18.509799635570673,76.23835201345662,142.56453988269902,41.79354991084716,17.139232023782043,22,1,13.5
6.021501742060884,81.49685905441852,136.73085689271497,32.834032954630615,7.422760052782027,23,1,19.17
16.98763144836574,39.15420027561069,144.29385060323176,23.962729365034658,4.081454747907384,31,0,8.46
27.392200809134213,85.38742692447444,102.91835187514752,59.84707365774735,28.560577212170855,32,2,54.2
40.892178711307785,92.91143638433842,58.044961135431095,68.86623051341779,14.9784674012248,7,2,69.54
3.7803229449235864,53.15289964616795,163.63592994434813,67.28151060259991,6.884037617158043,12,1,26.09
17.238999386223217,48.70403305740534,164.42919034344828,57.06691403528182,29.49345314268384,23,1,24.74
44.731342274791814,77.80901869044942,115.73600105599711,67.29467578688362,27.24595018374055,27,2,52.55
12.78775310146978,58.42696377313149,115.55635234239476,17.98363984930746,27.678037309604363,22,0,5.74
32.791654136009996,47.98498750612214,59.07381522207591,62.15452073839243,12.673637108676186,11,1,24.98
11.109605938688267,22.0410708286919,194.12035165629155,33.91119095226534,4.85273619083819,22,0,8.99
20.203618736710077,29.40281694669814,134.89337599739676,15.341879256087681,15.270481449110312,9,0,9.39
20.056496426307223,91.96201976210044,63.74503598766308,46.58841115528651,9.501811311189757,21,1,22.55
21.46028069106595,66.96324070193504,121.77968265132462,30.17891373789313,18.446899162941918,8,1,17.56
39.152373393186664,46.12496711249412,127.02740962316528,15.758374375451256,7.577091871617801,15,1,25.25
6.310945397911489,48.53950507233714,102.90948702420404,69.36256086716449,15.12944451021115,21,2,59.97
11.406624528205192,38.010519396612594,7.731929531026771,27.614087704832038,18.315411671287045,21,0,2.58
33.186370225831084,42.70421933494633,149.11680218255802,25.054225214224843,27.08515435280088,15,2,42.63
27.09203571350555,23.5963889670367,123.07243080544006,9.301392073280002,14.871978231661675,22,0,2.34
20.452916411077002,69.73175874860053,85.51178871944754,68.16252421062381,7.8290654394460795,13,1,22.23
20.630698231626802,65.59923933752269,169.0339046306894,66.1431289957956,0.7404819995154988,36,1,28.62
44.578260039156106,79.44747820376654,163.62803674862886,28.107759297047014,7.726241635049971,7,2,65.16
24.885822522547993,66.70599607214199,80.70469038643154,57.55000879872099,20.600983080114005,9,2,35.52
13.816559339483677,21.428764648763302,186.52228557330253,22.232543596204543,16.572905009143767,23,0,3.21
28.463014007542906,92.87158997656458,111.61840807342989,38.58869822607887,1.0578905431544061,28,2,31.79
39.42901527257922,28.641400841139216,199.67702992514876,63.127726339857205,11.776763119939606,15,2,66.88
16.933467223024074,26.293426137049522,190.69245594624206,44.6600408302902,10.085389340203163,35,0,5.0
40.24200399997953,58.320528271304525,145.01962493666085,17.212827681151897,15.112477826300637,27,1,26.32
19.02980238476917,37.847012583822135,187.42326918869722,29.48531433820594,19.62193285267442,25,2,60.93
27.42832803304566,57.70664055984524,101.83784447462779,26.21854831436384,25.152856707755017,30,1,18.77
38.482629834373796,36.881036303941514,153.40496471316,44.223345551042485,26.243707661400883,13,2,52.26
15.906541944942754,62.310544016515124,71.34854353862706,65.59474743085514,11.335441279267858,5,1,20.67
27.98839674329724,94.54785066050762,36.27726156113624,12.97371692620873,0.984680235735248,7,0,4.13
27.395705137905058,58.91706762762075,2.4458358047117823,56.331780031485685,5.941950427237503,20,1,10.32
12.14339487511832,40.120865938453505,31.501727621385278,34.895661027968885,8.510638788501266,2,1,21.6
29.569950718413246,90.28166153022428,184.38213039037285,52.33721604213745,23.117572217693755,4,2,57.67
15.405896345959823,46.30171869035282,114.94676559392443,51.99265030872936,12.183571378973285,12,1,19.19
41.10793825392228,20.487955091000956,33.38244256755976,58.74115126133707,26.817213197324484,10,2,69.66
9.677183646371756,47.43118835760916,191.8268617890546,20.12318537093894,27.805942377814972,22,0,9.73
11.449871682081724,20.754755178513,101.61615484471587,52.44200235535883,10.48966021610502,30,2,47.54
36.369878887340505,85.02687672744719,163.96510062473234,32.53635003986451,9.261831910965231,35,2,51.41
7.651828171463913,64.53418651918675,116.43342708206444,57.69954897345929,6.035908874012282,17,1,11.94
17.955112020733882,44.64115133361615,74.92107697288095,10.503732517178996,4.961854739228608,34,0,4.62
13.028110712970808,63.733649622007036,68.29422649100574,61.804018799829436,29.65633557709494,24,1,24.1
10.361886972488103,88.85064461154755,39.88851743768025,53.19243491438346,10.428289268229374,4,1,19.11
30.054692112139115,90.29178331861435,150.97996801442028,20.367502555059893,21.52517453303953,31,2,34.46
33.985216555794665,88.72635452695094,149.66022454464442,67.42940825130572,5.793323826280895,0,2,69.76
6.955860121410846,63.79235395997415,190.70924948417826,37.10157328759503,4.19394027533131,33,0,6.62
41.37825443668912,70.10997040252148,183.89382085666486,32.399780948339554,28.09881285705723,2,2,38.17
36.266094026967195,65.38433235168233,177.4300071001843,30.362196561703104,14.706053425126425,7,2,58.9
29.19470721557306,89.17933279178997,102.56798362140584,60.43700897846195,9.71499834229061,12,2,33.15
6.3734622553315035,35.177239584739226,7.527071816986797,5.620593278611311,9.181694782039418,5,0,8.22
26.062290065295738,60.89449301595215,8.062741470909662,10.454245970503866,15.39657267306783,11,0,8.89
25.34918293180948,61.45266666906025,137.07212255243664,49.676415948598404,23.69377465157921,16,2,67.75
29.16345231588844,44.49962119734619,37.75896651695494,20.22081001140202,9.23644719181359,31,1,13.49
20.218151033743748,44.68199496435537,163.0415255648479,8.37443359098462,20.483953504763587,16,1,21.76
5.019957280426347,81.82582006872028,172.25082257764828,5.044114981319821,18.095624642918573,3,1,10.25
31.05271934272751,22.129288866745732,15.54263960967841,52.13579530877074,16.637033711070583,20,1,22.28
26.190943951742682,94.72384436772901,20.87896802752458,58.10111346245112,8.199375693665027,22,1,11.61
8.954756778499455,34.76308259949233,36.23921076906906,6.772035413466334,25.64034348484066,25,1,15.18
16.98392330492892,52.42002526351335,80.25163657089973,18.95063253947423,29.725388224980385,15,1,15.36
15.548717533557083,83.31338813783468,179.67835004550992,20.462005389388224,0.6905854853325732,31,1,17.54
16.920986226610903,51.177231797573114,75.65332433098422,40.99980928804957,2.368208354945706,33,0,9.43
39.80893783552228,69.52447266362972,44.22171254968647,4.0380693309656195,2.9796319434529983,35,0,5.53
25.368148853809164,30.57933169862968,53.9670000898201,23.4027780102378,26.577670931702926,10,1,26.59
28.894376598034857,56.27672984369078,116.03118199215483,54.0036086517237,4.636140110788601,25,2,68.38
42.325816981292064,39.31354741089639,75.79362540369002,57.3623441804636,20.677822401523297,28,2,33.71
5.535840669439791,20.012412237585846,24.046045237549475,44.595898151965464,20.285782487323242,20,1,10.92
40.02908288456612,84.82622202954795,49.4920276292796,60.41589902219689,5.078438326288892,9,2,34.4
26.057642779788324,21.65699566484642,125.6905683467722,33.617293621844674,21.049173344275687,20,1,28.78
13.43567180360504,30.04443218643312,81.98376897341795,42.70899959549075,8.520585901003624,6,0,9.83
2.767982408658938,79.23326805460879,38.12853556066897,25.74998137525142,11.82693654827431,1,1,23.18
38.970837955038455,67.38474617796314,3.4571341939625633,12.866087894182785,10.468494664464385,0,1,11.56
2.3855094494149416,91.64011543385898,27.799176827294758,21.068224691532162,3.8790990628932542,0,0,9.39
20.95856771430533,21.678113432868383,154.17964427722964,46.34766926414139,20.990959911214507,30,2,66.31
25.28851103116317,75.24736774822094,143.2101778992424,38.685008924733836,14.782124232591078,2,1,26.41
28.203860002712105,28.88974582018555,126.1174242940258,64.34035799227581,10.131711989565588,19,1,27.86
6.531979326431816,50.608396404629936,134.81791995090975,41.568447060745015,18.55641358049619,33,1,25.96
7.643519621073311,73.14485635109959,7.81789778166837,65.19785833775963,15.53320979612527,23,1,15.07
3.115349318693618,36.3070508645622,96.58413956240062,29.23210495184933,18.87509193705094,33,0,1.63
7.873129424396646,58.32961576753406,39.054953701123196,36.59029029888129,8.817222386230648,6,0,5.53
23.219357989204426,44.53983056416692,101.39624232320064,25.2858896962366,29.826239697181514,33,1,22.54
17.364341612392696,61.64972132026623,30.6256138819895,9.656080242223593,19.842047946359305,24,0,3.11
38.50154851399718,20.779452690815642,173.85528079232353,9.089832620888581,21.636540191771974,19,1,23.62
24.128391871244727,40.792285489590554,112.08736856960249,53.26723473827835,2.4377524374551376,28,1,22.35
25.519429437660797,37.77253794687026,22.301420841391504,9.100946811637728,18.11307315714498,8,0,9.76
26.36380344162884,64.89501776252465,28.360520236293695,43.52427055857676,28.559182641227952,21,1,27.77
20.80121005328608,46.99537379095434,154.77382457993568,18.931833984730165,25.75911347210676,33,0,4.25
14.522380129698929,77.4779177759925,81.9094422833877,63.92234279994856,28.907659756062912,15,2,50.91
24.1078788882682,39.151216890073,40.46725027669329,20.214140942419814,0.08278945515842961,34,0,4.49
16.394581777978004,46.668060967624356,45.95504833142983,56.918049257659106,4.201188013440394,31,1,15.91
36.5167055586844,45.50991581325883,133.6061834519704,36.768354074511684,27.14204969537718,36,2,62.53
18.83969858956565,34.39678635760744,140.5228819188278,49.00032185235793,16.436928050970806,19,2,55.58
29.41645363192622,80.32292904085253,137.57647298518796,20.12316699859455,4.591696344694141,3,1,25.2
9.51727968808413,20.90520104438047,106.34983620716936,39.27380991392355,15.002273753960033,25,1,18.56
20.830929948518172,47.0363831156201,86.0056350633178,23.64428913580933,19.61773470201942,9,0,2.13
21.778263638205267,74.26139207214047,74.16739294712184,40.164431246983504,0.857120569278037,2,0,3.18
27.228820045373052,29.28939548497587,29.88355538225416,55.70637249142114,22.52076175726501,9,1,12.11
37.81734148392198,74.0815706523344,161.19122556560802,71.26681575591643,25.932948184671066,7,2,42.43
16.4184220741637,77.82027781135088,18.55075853157735,56.22658882374226,0.9599555604584542,36,1,27.23
36.40165841934887,91.38459561337466,109.88328596043175,38.74357401252714,27.60867627037018,8,2,60.55
23.36477180724432,64.16725861360428,156.43667906264199,16.727613415374858,3.848321824408898,3,0,2.42
26.752128273943843,75.58308477641636,12.687311931021682,69.47587557176058,0.00016610027213981304,32,0,7.12
27.412216630459067,52.967687068515325,56.909269960984176,24.122938666929752,7.264704902940311,8,0,6.3
2.805869822187888,21.621103831341227,177.66199329618226,7.83392936845474,29.99368115437786,34,0,7.07
21.31939994974761,74.29054725976653,192.31005959340428,38.862347117090856,24.373207211897686,35,1,10.8
14.175801004951877,94.9227306649083,65.46208708906396,30.7283759514915,29.701663733245045,0,1,17.32
15.413005844970758,37.53395777318053,84.64205103506445,50.59581724119778,1.2972907493779606,10,1,16.92
16.715676822769304,71.3190511371885,147.13221729804806,25.950575877428676,0.20208751049411222,7,0,5.84
4.435056238591187,66.43913473286837,134.55773878286686,12.368999543019898,18.4617715405822,4,1,11.49
18.519532714192888,62.93424992599106,199.96169623475296,9.579186067246296,23.792294134606685,28,1,26.11
8.196996704662507,56.98949068972608,14.30374715624314,37.83025068395367,0.5807036401214882,21,0,5.39
26.931842918963984,60.72415178339731,196.17669907490824,1.3784200890391465,14.627955302378227,3,0,3.64
25.23956323361772,51.757897373953995,134.60016668209428,30.224128119988386,24.641118077250983,29,2,51.63
7.797332641788261,57.75380376642908,41.37176732487631,67.37830845615818,13.45411025477729,30,2,31.86
21.058064423214894,85.57694636989494,111.0451580722353,52.862540276403955,12.706894717486426,10,2,55.91
5.071405382718805,32.81611019287145,95.23115977756382,32.434587523694304,22.57252501137776,28,1,23.27
29.735165959612097,64.70941789283403,161.13669613037004,47.48314860408528,25.025530392369724,28,2,36.36
8.825684145378805,27.97680729570239,129.6337076948749,69.6788580467364,20.344968768622866,7,2,47.38
31.384177730008123,39.610010480053745,21.582307474923624,23.99885110344487,7.6344764988006455,19,0,4.7
2.016806801420272,79.4355312990332,62.994325958183616,41.082426519372234,8.932523084818746,7,1,24.58
13.287195495707348,63.23975784466714,109.6632666186046,20.08125595439509,20.82186875931011,27,1,10.87
38.88536492378536,82.50312975781142,127.5907263450851,64.03660048958267,28.5629448432842,11,2,43.96
8.868913027209537,44.97583395065544,65.9607486752042,59.115866708669515,5.839782135874,20,0,8.05
12.706462537216707,75.25479892242387,76.30735758400942,22.787342109269424,28.684962698326064,22,0,3.27
31.90070780116792,90.8596100925448,154.74478561260386,59.95050300429873,16.34946842549371,33,2,57.11
31.040392782842297,91.00317925394904,73.4358066529113,3.3355140353385204,27.25333058272228,34,1,23.95
15.336080114629311,82.28114306411948,66.41162525428884,57.289441868891856,2.094895889211772,2,2,57.09
18.94114134866675,70.79077701448482,157.68740882553877,21.168736373876524,28.372295971649656,6,1,24.66
26.305462720773214,44.20127709877886,133.38789239182645,6.740868442770737,29.443061631407854,2,1,15.51
20.203571051517716,84.10765769151563,104.35001970013376,22.761728305124517,13.480493969036619,2,1,15.2
14.053724974524364,72.1295387312773,79.02784589589507,19.241491847775194,4.3214222145802985,7,0,5.69
21.893486205853527,32.30826177110732,78.44305715586322,52.468520231533574,6.522143992273886,3,0,4.39
2.060301816592059,24.04552163048426,87.86568925461238,4.79841823731593,5.217132354353242,5,0,5.32
24.169536454404724,30.058045082829146,24.963486430922078,3.850544038213063,25.52579778166201,29,1,12.31
5.983538187027753,36.54841706762211,145.1180099825691,2.5729050354544394,21.7696667396092,25,1,11.13
31.345822081731853,57.82929374409681,190.20031633524823,7.642382284287155,23.95816536825189,31,2,45.1
8.129457323228069,41.69691609732466,134.43907313164956,8.516280430927647,6.952283030062264,22,0,1.05
25.080518262673102,76.97906022968628,163.4061724448815,24.609474105192934,24.04686652725872,3,1,14.68
7.345599569536435,33.7834078220925,107.53640171072334,51.669560383771596,19.88736548322268,12,1,29.73
39.01850429501289,83.2607701378285,175.05736096325774,55.47448776867714,25.28977063640985,24,2,42.15
41.43853623363687,29.6955659726503,80.85795668099492,0.712144697800104,24.22360979897131,2,1,25.46
19.156157396136003,41.236337755723824,1.9362170559299008,20.843391671367538,11.387497559336383,18,0,6.1
10.117870420201504,76.24965952931653,160.51977385473225,27.26748643193176,4.687174220131471,28,1,29.71
21.352039777732884,39.301234187391266,3.7820245489396553,48.43816576074247,28.707490400421054,22,1,25.09
38.71422869012149,91.51984518612149,65.53255425700779,11.177523625859552,23.90616341385376,27,2,38.46
39.532467094880204,28.068000060571503,82.70794888010322,66.78261096933271,2.3434609447491885,32,1,24.47
42.71400760391152,57.46458386697019,67.54198260511728,46.73551109941315,27.48783645279658,35,1,18.07
20.14016670253971,68.7603808979068,150.02960703403295,67.51899347822989,21.1278477088265,1,2,44.92
36.07834428964525,25.788595041555293,139.9082409804183,39.02059492437566,3.1093177996877697,15,2,37.7
8.464789147664966,26.147968921499004,98.1598925507537,14.773886347722174,25.653835100628037,30,1,26.87
35.959918056817784,83.67925640453282,15.609061870386887,65.14046070862197,28.124899575127827,26,2,37.47
25.589267425632755,81.28973402872847,162.9616253178633,6.70114607153416,18.21064285111992,25,2,67.84
12.028092427983914,36.55285278172428,126.71081594931417,55.98396577750251,29.333611272279875,7,2,36.29
19.94687912419257,93.12237351778218,26.366633616995827,28.485034866128128,12.911859806229474,27,1,18.15
44.1638187597654,79.61559698884138,1.1741822103764399,8.534258614783225,16.619063664211858,9,1,26.25
12.347985547035615,77.24643641335528,107.07947108730565,28.525643396865426,23.603401556632868,0,1,22.71
27.192826185222064,42.55334537371952,98.65884507897607,16.373790125681914,18.43426961333328,35,0,2.11
26.064220044329456,27.657200878249796,84.33520057277019,66.4880123907163,26.17105583255555,35,1,21.45
32.08337082612148,39.111993995418246,100.35399903559095,10.114326163693239,13.835868118567996,29,1,11.44
42.309744508262995,34.51608193062282,151.8865491351688,22.91286636006952,20.301738621897275,16,2,64.49
27.274051647631225,76.51239031896512,65.8631983344613,35.416982749269486,27.862855146748394,16,2,69.86
42.54677538189409,72.01104729582663,100.11606793449046,14.44016251049704,26.47178209130613,1,2,44.81
7.078984839167447,86.76124974696046,91.28692641338299,3.89617196617995,21.865990574337378,30,1,14.74
8.653476385937998,44.41025324298815,72.1996579676314,42.59938367030282,23.69799890337229,8,0,2.85
18.40931059137982,60.13273719326663,2.6889908923099393,56.291277354848965,27.801485538953084,27,1,10.74
35.52456592770789,50.707570171420166,28.909317995663542,57.345131154447024,13.612969176852221,35,2,47.51
9.35321571611264,75.79413174193758,114.97782455879934,29.429107383225084,14.76350268573996,11,1,14.79
41.337551337284545,56.61349381604633,42.243658752087065,2.0032222114135587,0.706448121409502,24,0,4.04
44.93534196650544,25.522063174571855,128.59022785714714,12.972360367355147,25.185719678555472,33,2,46.06
25.14305462499042,57.312214154788386,163.6169676719282,17.74130885250636,25.83290429354255,30,1,26.54
12.559945713226615,21.393169682384126,97.93611027625433,32.55282396064778,1.8019496953029135,4,0,5.59
30.212350791221308,30.225554838753755,162.41284015793,66.85831315070993,7.883522134906748,34,1,16.45
9.529037392532693,78.45099401090256,143.25265235864234,47.07271959025492,12.999524980458716,6,1,11.71
27.174956067496517,83.15946871314713,51.960003127343256,47.179637631799466,3.5604150158605483,32,0,6.91
15.799796574963915,79.91401674173758,135.5504920546565,25.430246162793388,26.291908132333177,22,1,22.96
29.342681277297125,58.79904962031788,120.48514976308407,1.790816877923823,0.12197789842992246,5,1,20.48
23.157132044791776,76.81465812703271,108.24048880302124,37.50942178919282,21.537253617773132,1,1,19.15
24.52513276746282,64.39560743514858,24.334660323551205,5.899336661401408,5.002008333475888,0,0,2.71
32.64661308138689,53.34033548693749,68.68128914959036,60.72506237393064,23.53762446093684,15,2,44.88
5.758281093396948,50.85995496881392,93.07482374973179,32.02251360854726,18.75294565293371,23,0,8.8
43.30323167801656,32.76854481695125,56.29369412360803,20.05224004753482,3.018828817851631,7,0,5.62
10.810675714218686,72.72558633028572,104.27315178883603,17.20519551141086,14.520559040082462,26,0,7.22
27.23069142817377,65.42586128842066,149.10202743758396,64.07997832153461,13.205693913350665,27,1,12.05
4.776544314036281,91.50676574949517,129.18005498832116,28.967564575853554,15.18057706609817,6,2,46.5
13.450453427362003,66.63204113508228,51.73073295807773,16.596553840765882,0.6362415189424586,8,0,2.35
4.454101745103298,24.158168461417326,2.262617154662583,3.2188594675626407,25.759820242432628,0,0,9.96
11.373018737935023,39.035400280387876,14.827022910628362,21.57609637820755,25.78852378801869,12,0,8.88
30.823612955149372,22.2986996337333,36.86392712774214,69.32764890694621,13.631137493705632,22,1,17.79
3.228926689372513,23.012522519823914,15.903060832882776,20.257375421395174,9.126083029143935,27,0,4.64
41.91762444436803,26.374288811017166,13.31367288021601,65.2162124356595,20.07321398422227,15,2,31.1
17.779595987412907,51.53450606259414,64.54037414778715,40.35803623749279,11.659431694745955,22,0,9.14
28.212224721392623,36.35602699698134,163.77681826940702,46.77777212702906,6.637860626847276,30,1,29.94
7.012106435146588,21.625056288812598,36.92647143208592,13.868090883555473,25.74205334598947,8,0,8.76
33.96323426057178,22.257709348399285,118.54510994478771,40.30606738791237,25.22544988767556,18,2,65.21
16.872731920712084,83.91125627091199,36.36329565984555,20.51914660612379,5.317640321318805,34,0,2.01
31.175067568006515,25.581089490195513,148.6327344188959,7.959844469535575,17.564662787514127,29,2,36.96
23.640898955109314,40.47896066286779,147.63139559705746,64.44986616621475,20.688098586088866,19,2,41.3
29.626056590358363,89.8806948670351,115.6221721085351,37.09921326099015,29.270802070020245,31,2,35.68
3.8122285421640147,42.77687172531209,134.79436234522296,11.178458182527962,6.665970919274967,25,1,23.49
16.680615233037095,63.074787371551935,31.06251878093369,34.94470171272051,12.269231824140672,9,0,1.95
43.45677096809182,93.45258002935765,85.23293158236365,56.91317493603487,19.673742807692307,19,2,41.87
27.618300698946626,63.498253423585254,184.70173874055112,56.98759644930359,25.70542993808921,33,2,62.05
25.77297458980648,57.72843009145967,10.758588745546804,53.06318645655818,15.354319106416103,12,1,23.61
21.633458675297387,83.21653377068884,4.853909397877332,9.724402032148737,25.369729770188034,13,1,18.32
39.51100269043972,84.0900749529779,167.24891757120858,29.044791915861737,24.738683242690204,7,2,69.86
9.463708739447853,55.97116053004055,18.439473647568192,64.4657725123827,3.0044741493741323,10,1,16.8
27.361862068004157,49.122960580957866,196.77459690896214,5.235515675285442,17.3335890969203,21,1,23.82
24.11825929521483,36.032580865236056,37.6151025171934,68.66725143816815,24.532220661902933,28,2,40.74
31.98873446267963,62.512837350160005,90.78691415002214,14.049039678446718,8.328541688449697,15,0,8.07
16.44161030583839,41.208553765819964,135.87109190255632,69.0902448978336,17.431641568068905,28,2,30.57
38.704914292283426,67.32453784577719,186.81219987234593,42.67877899101292,7.216107075802479,21,1,21.12
5.111821667468311,65.32928841581833,153.96069459640492,8.751247978085193,3.5030907213603877,18,0,3.46
10.543849465287845,29.80017743186269,122.17080261639049,49.700980656262224,21.088086806371336,28,2,68.12
38.01972213520213,37.30339772373185,146.1807070341455,29.516415741633924,27.0922470107614,11,2,69.06
41.730210264268216,46.779182348604074,124.3934924600758,12.977337261477683,22.793553604164728,13,2,61.5
16.84516123569042,51.42594623888871,65.65766255300048,60.038755490854555,26.79333369682494,33,1,18.37
22.4261997327693,72.94447000199267,179.0763244069462,35.79959982449048,3.2668052468018183,18,0,5.95
44.86481431887966,79.61626285891393,4.966647457195306,26.86592321083478,7.416319083990146,33,2,40.57
28.764680751373195,24.545316154922407,141.43678546249154,69.84587224023521,25.82391921653577,29,2,61.55
24.319769949541357,44.63616538970561,121.25820201180491,39.696256641539534,8.768831978340092,16,1,19.73
13.340439795735856,91.57305568557274,172.47410094907607,58.89970603785416,6.428513060310198,11,1,26.19
23.652045237466556,36.606634007768996,75.61395673403042,61.521977259782325,26.7425502975788,24,1,28.88
4.569190028911618,60.09558406183465,0.20542772215701444,56.82190443415004,15.179186660550283,14,2,44.5
16.935241248747317,76.93145376594681,168.67504877380398,53.705326200358066,23.304203409728913,26,2,67.75
40.57315939749797,84.33570423560117,24.86619507568568,69.58834501080065,29.8902505615011,16,2,61.32
38.25998543844408,34.50639493576625,24.787976782569476,45.84261762898141,24.13870667086294,8,2,30.27
23.82129627884534,55.38420358405968,121.63776168567829,37.57775365310861,13.388608684153567,14,1,17.95
19.219983240152324,64.48687214847382,121.77034741948212,17.56429569792867,2.5343593984789683,4,0,5.76
31.84248501489017,48.6530439265056,107.2096792134276,37.98484650308376,4.949470480749497,20,1,18.79
25.413821270289134,41.47970596969268,182.6889492403841,24.52404533124228,21.897220034974453,15,1,13.13
23.632646205368655,90.5420965604477,114.26684696445679,30.819893296832237,0.20384782197428009,1,1,21.57
44.40025273445736,45.157298849829964,118.2213639206924,55.768409951823045,3.7022804994985603,19,2,66.25
16.49374064851205,88.15727247797146,90.16065235182896,38.284094015244406,19.694339514907266,25,2,61.25
33.95498516603267,36.73349110708314,81.68260883405713,20.130831171153183,7.159052523545151,19,0,1.41
6.416413929224494,21.50228505680564,19.15262522252794,23.33584778921702,0.9328384147399282,21,0,3.85
34.774051122176274,40.318764941786355,183.20920379162345,55.12384046882082,9.202721073701682,19,1,18.8
11.331991318323817,49.93255679189295,5.140844565269798,29.2008915537188,6.64987884651905,12,0,1.74
24.565881254497146,28.987563709147665,46.99271468385848,56.51993475516648,1.1026747388597768,12,0,5.77
3.2963431672052974,28.23549679609741,86.72538549169604,31.301102626772614,29.169140718806737,18,1,23.56
9.279432547140829,70.19375482878706,74.97233876447977,45.07463023748533,29.923625014028016,30,2,44.15
5.094501442474695,67.63975763255786,48.70952137157902,24.70361483839735,25.058992645490786,30,2,49.69
18.716120672895645,82.17664187490644,97.93322014241137,62.90694548430189,7.991395368917351,4,1,14.95
44.76900049574648,87.53249205810576,127.00248749861593,64.24531548556213,28.063882125234564,14,2,50.75
29.648229006046584,86.8155298345539,154.20272255965472,63.74699727358928,0.2855993662854317,26,2,46.94
34.576443136117256,43.23956648920122,143.74179861283665,14.463931118557035,12.24437435152403,36,1,22.24
7.868846395903822,84.4283197088117,22.35482118324066,6.804930824769462,8.312255268501307,19,0,3.17
30.676864727245466,61.889809556077054,109.79395178236393,37.02435301738469,28.316547301166352,16,2,44.41
42.82272294059868,28.39572051294499,47.93738320917888,68.12411725526326,4.521717181069327,12,2,30.04
9.36006811460717,86.56788837408196,174.82973758755884,62.16609903255482,11.722348267733784,34,1,12.13
5.6836614940964445,33.471072841800165,48.20954499596084,69.57333128818993,14.268411337550482,31,1,24.14
42.7224324242728,65.10085024303108,30.92264880396678,12.215869684713457,17.515884093857586,18,1,28.2
19.031514958211645,63.684929798815794,97.01796099371991,20.08635096124021,8.957182401241031,23,0,6.71
30.818736806925276,69.4938749856942,183.86822895159654,71.65714562373172,5.934620677863398,29,2,36.49
39.24706073334792,46.119913322872094,86.19995783048593,30.455777603775072,13.208006473919914,33,1,14.98
37.98924376147776,61.37646495313431,97.97023464336063,71.07506200279352,8.505237201194305,36,2,57.29
10.814096579196363,90.67210476939867,4.879674668249834,24.32953337408797,0.6495911547460997,21,0,2.62
39.237024632846605,49.464458227522826,141.32638519277123,52.850487315572984,9.008223903809707,17,2,64.61
43.84401749840344,22.167053176723773,62.81699006480519,24.099275915009112,12.427525674602988,30,2,50.55
19.537219388032046,52.54418668492624,146.73221931580412,44.715209985915,2.5758177187880116,20,0,5.26
7.833922959666492,38.76727425896189,72.41760360737499,48.880879140962605,9.725099858945395,9,1,15.99
9.26121295124969,90.09348979114712,90.9628942597517,29.323513866468762,2.067026432955786,31,2,57.79
39.092009691490475,91.3839097139156,89.1412289040655,30.280527780012076,13.813933871358921,8,2,61.02
13.606572274990842,89.67331973651757,60.65806147955746,55.4257446868715,19.28744946912039,15,2,37.24
19.174586989083263,41.929011673568894,33.742091351389725,41.94906759549939,11.205344722638866,4,0,2.76
15.532619588382067,45.70386342701741,50.43079242002253,31.559855406510916,13.907298817160159,33,0,9.71
28.203883132443305,22.917760082232313,122.45206817534691,6.911305383634312,21.31032715556242,0,1,26.75
19.935744683021188,54.541647160530964,118.02951620257005,14.594989612850613,27.81998522485084,4,0,2.5
11.423509015091364,30.764695630389124,112.57441509880141,48.511910753348744,17.08688221994749,29,2,34.62
24.868381502865265,39.74034866692607,35.6506109977125,50.549261494189764,6.308206008790921,35,1,14.07
5.267924492705601,62.101627125765525,80.02459853409343,58.16135859022122,1.6507270671399987,20,0,5.4
31.786751135854825,81.55754158548487,140.9039787255287,31.980285525258736,26.351629987579386,9,2,40.41
15.777167965751584,48.52074155342902,40.75325190639998,26.32839091485642,7.141370305809456,23,0,8.05
41.65231656457841,69.87507436987433,35.195313517712925,54.734613967501296,0.468343998815558,6,1,10.59
34.33618230456922,86.41104263991073,55.76805609236568,9.017594555834139,8.18879065969232,13,1,17.0
22.376448516433896,56.41041126798001,147.17641838147188,44.381390843574266,2.39858073732677,27,0,3.75
7.870635217685773,64.05419993295885,6.66937261090863,22.7359349455393,4.491687068302347,2,0,1.11
15.019371325458765,69.30301936863148,11.275593349409018,58.45917067492423,13.99571390120447,3,1,14.54
33.01049884891077,80.68858275849544,104.75927467445571,19.350568399399464,4.2471747417844,32,1,27.34
11.72133281485621,54.45323426329045,110.58347056128927,20.12172762420092,10.306627526085023,33,0,5.14
7.824186409588615,54.77164793004198,143.65749763238196,12.588045126514512,3.905056337092164,35,0,3.07
6.48163570611225,40.71026657555968,56.67722305851635,62.93218083896292,16.602038132117624,24,1,17.34
32.89817945834753,63.47964883989609,125.6286951564161,7.224158834329039,25.685139133537607,7,1,21.81
37.521747861253225,40.09436113553966,60.374843046082496,63.72082042018622,19.500107407912786,3,2,41.57
8.058543906129024,92.1452815703214,180.4198238303373,39.96046741102244,17.55889439871442,5,2,42.27
37.97254279207221,73.68878482218571,127.99784500714829,16.79661785098839,25.584119498294168,10,2,50.69
29.140862789868446,78.70194122694035,46.256404900915896,50.463500106861574,1.9672953988572317,13,2,43.38
21.09288925101763,66.54891777345402,183.02925147162028,1.6322747897979357,6.377194745196826,22,0,3.94
27.37596777917626,86.42151981910591,127.39556821447789,17.769148965236678,25.912585502102534,21,1,14.38
41.22097217268114,62.04295281633614,65.51122900334352,46.253124347708194,9.182159856697014,12,1,18.91
29.845353727777127,39.812771123263865,42.473845626531336,9.860059512926892,7.258387097643473,23,0,6.55
7.508447591969827,81.5383443318966,191.65258543722734,25.700460001616555,8.518572134027142,21,1,22.72
30.13659045733979,56.493542126783815,151.66641736688675,30.93593989082585,3.827952204988143,20,1,11.66
44.71753925763074,69.34701379124854,160.55646600851387,69.0334026915741,2.3697405538775196,18,2,67.12
22.916638719279433,92.91332656199165,159.3624723172616,29.19762526439846,11.43815468835744,18,1,23.69
24.738984104891994,47.386839069892,38.93928849572952,47.451031810223355,1.8791157509263268,31,1,22.95
9.062062194199711,24.84192126176793,167.2058281455397,44.63508159513038,5.297369174683919,3,0,6.92
18.176439694354787,31.691612239028625,167.05111884174806,36.89397559252755,16.710572299309817,14,2,30.63
2.487579504078754,23.45635221012043,93.84100012392764,42.05933171448451,18.73406431523891,14,1,13.79
15.866935487619054,52.47823984315922,17.881176239841533,71.8678599959326,22.65256390714904,34,1,21.76
22.097426025083564,64.50266019415061,173.2389942857635,60.110808404718796,12.79439506548947,9,1,15.96
2.46561692841407,28.054566173558733,116.615538751739,61.16601410914074,28.63347259970486,11,2,57.1
15.805190847238325,38.11005904200437,79.24179525982854,28.668715287651757,6.312989906796801,20,0,6.7
24.442959410887998,87.83289255032987,180.3220112376644,14.587935567928959,11.417328838088544,7,0,7.97
36.042404040237706,58.902738434196564,15.145150852751211,40.38152446024442,14.327408522080166,23,1,10.2
16.40330998412421,39.95780622905493,157.75417976315083,27.21815868708418,21.988763411555894,19,1,10.3
11.43241299665096,48.049083877142124,121.5691606233709,70.99284283662855,10.632287010429977,17,1,13.9
35.97863543365807,29.312615425459448,26.997397741501583,8.525589539460064,25.71507492928575,27,1,22.86
42.38272188163374,28.83716467512884,154.82835417277528,27.975315496934112,24.31748784932619,8,2,55.33
15.959839055342297,82.37190168271538,51.437842355348586,34.24335348607997,0.539319935285788,29,1,22.16
10.043567984200614,27.65851407426847,20.41117824663847,21.511609327544658,4.6251946215723185,26,0,4.93
32.84830682432286,35.43591558321225,9.145402073917985,51.20464426186203,25.374826601708765,13,2,55.75
4.007057370751728,34.64860554316734,178.72281997408683,46.989160284942855,22.16570804648733,21,1,17.73
25.021582110236785,55.20984641173656,117.49079150125365,71.77116576002122,18.676092933996763,30,2,37.68
6.07810677105697,93.17150867868982,85.17937282711338,0.6587530237289788,14.970535014868759,20,0,7.98
33.969819570722706,61.204331222997496,155.83625738639407,29.890046029477194,2.756799509940585,2,1,21.14
41.41380325864044,23.182631809677996,160.43616589743263,10.28366040670559,5.297316046949534,4,1,17.91
16.83976070151583,23.50626389908917,68.73623772011604,46.82612116905281,15.561203156421989,5,1,21.03
13.438116252210023,77.56319353226127,19.692049095876317,40.57241549744679,18.70594959732334,24,1,26.52
29.766055229862832,57.33076293225789,181.9188434352677,50.11582207636515,11.455066946872876,29,2,32.84
21.479072283886197,65.42076991797641,165.55863048221073,39.65063710446135,21.944074845429913,2,1,24.66
8.574669672819859,67.79721322246313,89.79091026773219,59.72694970765025,10.259234283959069,17,2,35.56
24.615141130930866,39.552301930767584,114.69421355299956,49.87864047120407,6.248409282732394,21,1,21.75
33.17947927621359,56.51996364264743,93.95263133381751,63.61353947719835,26.137692398405147,27,2,58.2
43.91724860977993,77.26734665196548,170.3479478330977,36.65394417660247,15.78370835336331,17,2,58.84
33.925214929161584,50.6791535984469,21.703437442781627,12.873338676690668,24.347102342240497,17,1,15.29
24.179934563326324,31.47900416383942,35.11917612490842,52.79327545295858,0.02726299926541942,34,0,2.36
39.43760760884347,28.18851341631114,41.51983360863591,69.88824186171574,4.042345909609731,16,2,58.16
22.799393642697588,58.923451485860475,186.42792628316752,30.608978405017567,13.402908463928277,14,0,6.75
42.67392912010796,77.24174398756716,37.90676484946851,5.26568892289177,10.523906953518921,16,2,34.24
6.531912221200843,26.76303676865344,9.39186066450224,47.65113822235129,17.649395692180924,26,1,20.11
8.780065137943152,59.8231651179941,39.15395809061606,46.204239960999,3.940275775051194,2,0,3.95
23.438064972247652,63.55301525052812,93.76276396277639,3.76316863143285,10.303811307563889,10,0,2.06
17.900881743416992,79.92440664000094,6.333122592527252,17.10009885009255,10.367543786523678,0,0,3.87
9.47630319032269,39.437401427699456,35.209495987163805,15.066306050091036,23.068708220200634,16,1,18.1
18.20409207201137,78.67210734318465,181.84418871859177,41.34678356084807,11.444268687728794,22,1,13.64
12.66937624881756,79.5188187812839,99.3051909353585,1.0036140765947346,17.740218999500406,21,1,15.01
37.845851069008425,38.86507792935336,143.40262275422157,29.65703381649875,1.788961744146288,26,1,16.28
44.215170970490725,35.732584723083896,86.10256920075787,70.3342969610597,12.218044801716287,25,2,34.4
14.674563364842824,56.668453536180564,76.85192601361388,45.532627943749766,5.815347919546765,2,0,8.73
28.25726221453515,20.093318952761372,86.65912815844638,38.42560237359769,13.483134222150925,31,2,31.63
8.822510901801028,49.31387604743822,59.48504307257731,43.33998769535663,10.846212464952703,4,0,5.61
25.042847692326408,29.220487822429753,164.83260493337642,16.354759432150402,11.10650927682635,17,1,16.79
23.58130322847096,82.82847214699828,56.857320696128255,11.778561341003426,8.163854132225062,7,0,9.34
15.26514383036155,38.52408619489003,181.07946281298314,0.6266945194483524,18.0173258397404,10,1,20.17
26.790818031217686,93.2141030518943,188.97481265220406,7.540530269792323,7.841232148500842,7,1,10.59
11.996801324512658,64.97785382646192,52.7556063114603,18.75139444670802,24.227992901910394,23,0,1.05
22.348977484642564,75.99553866595797,51.50799420642145,13.497437841755323,0.0812442510967426,7,0,9.36
3.8652767502275807,66.5323461586073,11.233982883878557,36.744224764845924,11.44589123132244,13,1,13.25
34.20660774318568,38.425007004468696,160.0848190864499,54.72898066587405,5.9513661214287445,9,1,13.23
20.08294999131627,33.726223676687155,187.62226332963277,69.37291027763563,15.341187354125726,0,1,28.02
21.18256200432524,63.31372348137046,153.37175106404584,53.82353778152746,5.559651316535352,17,1,16.96
4.940718930385577,74.44269916450638,112.6399380091493,18.358275655905246,19.638957457614993,30,1,16.68
17.240394669897093,54.955613115123086,12.84264333402312,43.191973339192266,10.692212866565539,8,0,4.8
23.302097150315046,73.07228137755115,92.53535810256392,22.576575557811477,4.9459913602959125,24,0,9.37
11.568362269877708,60.445059891648434,47.17634046876129,2.9703093616408234,12.068648284918384,11,0,3.37
12.25352699941433,29.707442839054835,25.06385158157023,58.15217125442984,21.445442235802208,6,1,14.4
29.088944888178293,94.16795248996954,52.80501177991936,12.416692161772914,16.389998464019992,23,1,28.44
19.517242521289596,43.426111884347876,114.21056297687558,1.167120372537843,21.33191425203382,7,0,7.31
26.935409422146467,72.87439128135316,162.57920743658863,25.366623603183356,24.369025504472088,7,1,12.02
25.548295630498416,65.18521789605391,187.49825393894707,40.47933117315675,0.16750592033967004,30,1,15.7
6.006953789369194,42.0074603130949,162.2718031505478,23.478275792408688,5.569657898052922,25,0,2.12
26.438621648019762,78.31909200298523,143.02463855387492,39.09880567270234,11.501505321820654,2,1,18.66
15.678761795612067,51.12895905529069,43.29436714567858,2.4241101309468096,6.5867892574138285,23,0,1.71
33.57743893370282,92.27169578956824,50.741111515033,6.414843949602002,27.45404273155298,26,1,24.43
35.132953328677615,55.641817074469785,62.1817405456101,19.23023136379218,11.984378313009769,27,0,2.59
4.988883445372483,85.93982264297892,118.78023073222155,38.750327283589776,3.9437367634892926,2,1,17.97
17.195137539536688,34.528583024410175,169.45649183792727,4.545624366730461,24.23381967260851,15,0,6.63
27.821820802519248,30.605270818576646,23.4121247489552,46.161626162903794,25.533229637526084,7,0,1.95
10.97270725897088,49.133070938965574,156.44014942121797,68.01842859766343,16.794109686209666,30,2,50.2
13.452412498772077,86.44839884727692,75.40783491525414,61.45000825177504,14.135267704461784,15,2,40.41
5.39744161889437,89.75421459413815,54.29269913970713,24.497174475978653,6.999046612236982,36,0,7.23
29.54676056515213,70.46461487617945,167.2226666341061,52.72942141934049,9.593233893752812,3,2,34.82
26.912403951590044,46.864341143943804,15.828479186603861,43.73866045404195,0.7931964922173929,13,0,6.44
44.62738927166838,39.50702851308237,64.47796427469501,24.89189229684293,21.947481355765053,27,2,68.97
33.64831334958575,45.30098370703535,122.72235509149093,22.452989625222788,29.525620213378957,16,1,22.1
35.486298344367924,67.37726609194132,44.87125146933704,53.54738399470219,4.239667183146089,17,2,61.77
8.462021279060679,87.99597458109503,68.2205327443677,30.248280332864784,14.053351886603084,22,1,29.9
19.131701458051435,57.83746470789356,64.58039795733414,70.3459978619496,21.770506616916816,14,2,60.05
10.493168217991956,42.753444245006925,12.176155485488781,46.353769325884656,13.114500725446531,5,0,2.31
8.406823767551298,65.78475042263571,46.31354245329946,54.06594895759425,15.425960777858181,11,1,19.88
24.11817791719116,92.23638594542251,168.76500042006958,66.0378532901909,24.600046244844826,4,2,64.43
28.922823767238583,81.6978310266558,72.41573418000596,31.413353211245926,3.4646854103325353,16,2,52.73
29.846458976626266,81.59827293903214,195.33530539859015,18.474671816537196,5.828759260424443,27,1,27.56
29.13234920392101,82.68817738636568,62.49216850983543,9.903575968874579,1.3001936282778914,3,1,21.04
18.501692665811955,64.68577135475707,103.09108983938214,34.442948213707325,8.643096293135184,2,1,20.48
31.766296923327907,37.908081423669515,114.49387084834282,12.831166479909601,21.77900842703857,16,1,13.31
8.90995546456827,38.79435981490789,92.4206044948068,46.32011383053053,18.007499725969357,31,1,24.75
44.0483620461492,69.55346982861528,74.82733874761553,10.949675341924333,4.585070831479523,18,1,24.28
42.761175160435116,33.386999596777244,98.68476821305818,67.8136642857002,11.463384929747717,10,2,34.11
32.111731678491694,34.66609897829168,134.72762263441737,64.82277224112624,7.307383628921827,8,1,26.71
24.594701463275126,76.15659638571398,68.33375631409801,54.97365322412957,14.550251399798173,10,1,29.3
37.078608803057776,39.821446893316036,72.95744865003033,28.49004723792303,6.19280517345552,28,2,34.54
37.00848651706781,63.56787071003069,65.37929909913593,56.36688680902326,14.975321666391968,22,1,16.34
30.327390050313436,61.109906800085646,54.40188712272973,42.95331377288163,9.973545995824024,2,1,28.91
35.32449641400337,87.79945952637668,56.4622404317453,69.49675955845812,18.681757401759317,14,2,34.16
35.09490609767899,56.45705504500613,23.743140953572308,69.86266190615571,18.726906720983713,10,2,65.42
26.23657809550987,84.380974132686,78.59443659360956,55.72599797422929,7.684133186879731,36,2,50.42
7.8483207970384585,54.32661552874717,142.16942180508354,43.63566319050417,25.641750882521606,19,1,26.87
17.729598510688724,25.47372939502631,183.84883410046717,34.484820638183265,9.484693351281274,25,1,20.66
25.324392658882065,52.353606724872165,192.27088947538562,69.75190687200102,1.1525035108312054,34,1,17.44
29.175897012559048,68.19309692649422,156.924058477072,8.738437086592057,15.686528749461825,35,1,17.23
27.851942521004577,36.583956842397754,111.1890313047298,11.6291187763213,17.39380382093717,22,0,4.77
12.55470597121932,44.81917308751957,99.66919343827267,18.207611423580726,23.485033901155877,31,1,15.39
11.408366076705914,51.75341892804141,124.2821681668814,59.88624172582959,16.48969561437188,10,2,68.07
38.883839225665696,30.855432369554755,14.657630923887277,1.3243780909451557,28.669868700584612,13,1,19.19
19.29276634312904,40.270427117104575,43.09707810797225,25.918872581304097,19.182506302907363,21,1,24.08
36.537004799849385,40.012974052518125,34.087603228559395,54.41766081593763,12.468545591059627,20,2,55.77
13.455212280375159,81.5225511027939,82.34935505098157,13.043875532337589,13.837604657093326,14,1,25.27
8.545931140419174,94.04008662012603,149.24925582475362,30.157262086321964,28.077492926661204,13,2,33.51
9.652798080290271,88.78546363949631,168.07183485977419,22.40525652323483,26.665187468081108,14,1,20.97
38.781468094235024,46.70549928507462,36.57408704692698,15.553652070867736,15.435236342352157,3,1,10.66
31.72865665485446,21.664859677289957,37.05475206550268,43.882028086278666,2.5931230782588255,28,1,25.69
13.510283269645042,23.64236692002152,195.75619923543016,11.071152017144472,24.917020242493344,27,0,4.37
44.49223705865957,84.91725445899127,177.5152702044966,49.518330102376986,4.796910920752696,12,2,62.86
35.0125470089412,92.13009235195334,53.4971898470074,9.17812671378308,12.076598194966463,6,1,16.63
9.231139013665077,67.39075632551686,194.38980751764296,62.29029424439227,10.705045637489631,5,1,18.39
44.734564105841585,81.94217613571807,111.62363561961439,7.461671915404157,28.634524459787063,35,2,63.66
21.2283692798213,28.97463328062993,187.57459674338776,67.94125697356493,7.633238035821885,27,1,14.07
17.103764206188906,76.30554206087682,112.03613923336968,68.75423624879367,6.836250452189204,31,2,41.32
26.420653681681554,78.53335786864413,183.77813009069413,10.397383961311217,10.31670752766018,2,0,4.66
26.58218046044887,78.75423896767796,97.27319554257716,24.35401282108572,4.576690976089352,32,0,7.1
41.59606035571461,64.56725188613134,70.65906333042622,3.496821710580204,12.40459658371205,22,1,29.4
41.47479724449618,29.493465493446745,22.53823336874976,39.044112784106936,22.711525036706497,23,2,35.46
17.12619408870696,68.37391526302866,177.12161984590077,40.43930875617857,20.628075324889068,14,2,52.05
13.079421194234115,31.269810413403697,110.87070095166278,68.72145313101436,26.348768676671543,28,2,32.28
28.359648105027343,42.82407808164304,112.35362978164032,16.349304299569802,28.4085542552276,24,1,29.24
38.277828329806965,62.021421647457935,64.9983989951838,34.795929885043336,28.331519264833975,35,2,44.4
16.866945574249677,81.02898375440736,156.8754700257699,52.189254622197026,20.083088790046286,32,2,69.8
42.65647910262467,54.685978432641065,83.71475811120497,1.4355309344960265,1.5304404876405342,13,1,21.8
28.821633255063617,77.48226904425462,59.216901380357335,49.87716177110487,2.273709673290083,12,1,19.48
22.543248329610325,90.8974928336403,65.90953562908473,47.56258653940049,17.660137679672285,18,1,14.96
9.94767381708328,72.1257417316335,192.9388965200609,9.044678442462883,11.975459705619434,29,1,14.43
7.8069147101996155,35.58209136694329,185.50620812871523,66.43522527378823,21.71651474830032,6,1,22.98
24.149942285777996,76.13943701671788,5.938185683697039,18.81978692671548,23.833511134197686,4,1,27.52
6.731273838254528,94.25060050676736,131.11860610576375,70.726992195473,14.509665470539755,15,2,39.89
15.1885366217926,31.295344594382726,28.72196492113246,37.578016591734055,22.476842843281055,33,1,27.47
27.5870034421239,69.59312833216285,56.13805534512528,28.835743585779696,17.72819622902037,30,1,27.73
11.240893282331447,40.323366046902876,124.26786199557476,53.40011736751992,22.189790555867315,12,1,19.09
10.300493179838234,31.415183564634443,132.93901320590194,29.779745808831755,21.299953817105425,13,1,16.5
37.34790014573358,21.97734772653513,11.917358795824917,51.451934645222764,5.75498566833609,16,2,37.37
39.57654556401304,67.46816862053802,172.21929839149323,42.98310897919825,11.063066410024131,19,1,23.06
19.949421939602587,81.93513816164473,25.8458605123457,9.72503146256085,6.732072467747921,8,0,3.27
14.985252275566548,57.968165368130414,55.52628980034604,70.57088485601241,14.781537034259033,26,1,24.01
33.67741152101061,36.684861952840315,181.90746259834114,12.528276170672678,16.752347293926423,21,1,14.27
8.459628822012412,87.96426844444967,35.166534016984976,28.69121405182698,21.362325362144443,23,2,49.11
17.677567341000067,46.15045678772424,26.370760351332855,65.8016830302229,0.8926981925314514,2,1,29.61
9.575824911018149,79.49198276517777,170.3185200152883,15.601801965385853,21.40799977214356,3,1,24.9
30.42024182491022,91.71627188453961,172.84527184766375,16.87146138041951,27.40697388816906,27,2,59.06
3.646516976981818,35.98587411540107,15.75271479734992,8.128175010400444,0.46216480764215917,19,0,2.61
38.04287204333852,35.25666168323363,197.2007326618155,66.02499100040352,18.1366826165359,24,2,51.34
5.512328849162516,73.13485165591625,148.54597535225707,40.46651236612723,6.429575871096037,31,1,20.05
15.918962529357643,86.00881355488238,142.3922347767539,56.6868385557774,23.203026483016718,17,2,36.35
14.944237482720226,24.956077869179882,30.69430191384137,61.720465275024736,17.671345139451105,28,2,51.06
32.68532858122303,45.84446076748755,117.31112286843461,71.4733331441278,9.047831256480999,32,2,42.83
21.77930295275872,78.7369671757952,12.218539896398962,45.339244740909464,22.820008330464685,19,1,12.11
32.65646250714296,42.44848007081302,89.6224892461428,24.584810097288045,2.76180764177107,11,1,19.23
30.187598562775516,93.85242137563333,162.66069039713724,14.23976782222224,17.330357799203007,18,1,14.94
32.2078100456968,69.48325073312594,74.99209334389754,20.837407612886587,27.57308103834297,34,1,18.64
8.369895105441646,89.96956501557062,105.25048135291557,36.5943192958277,12.728322323979361,20,1,28.97
43.4689672985891,51.36434088391613,49.47487021687142,44.64739845339842,3.98738975508559,20,1,26.56
24.283091092742687,82.06324948558361,171.5758086166147,39.43336811137194,28.11472457039645,13,2,30.4
35.64780176049383,28.65745847557354,12.792554408790323,11.858558936256792,23.160363806661856,22,1,12.83
31.467123257123102,84.1461337432233,150.82153910203644,15.00012711397809,17.51303691676007,20,2,40.23
44.06033263744263,92.54912213920173,1.2569233321984452,38.55468873865611,10.107577766254781,30,2,53.85
12.995148595513472,32.63883543785709,76.30580354763691,38.38426135542184,2.9232098946124383,0,0,1.14
44.4108329757444,65.74185762539734,136.79265896461814,44.727743943967546,9.32042771818759,11,1,18.06
24.115123892872756,50.62979955547924,105.49696825712374,62.006204266045664,1.428304126711747,22,1,23.34
39.134779442622495,24.407358074396072,190.6060836926472,13.908477012362638,29.398051041938526,27,1,18.89
40.12990916243904,22.81910686783012,80.11898542242855,64.48371004208428,22.653796669827752,36,2,60.93
25.327841570909076,93.45845933984869,84.68044336668703,14.474523060831217,10.380569983229508,0,1,23.18
29.741061658853457,72.13588005697471,85.783933002008,68.03736963283261,14.3896874996279,11,1,23.61
11.804244126385942,60.420079541796675,69.50077664564964,11.92950643382769,23.724430932531096,4,0,5.09
32.525532122196005,44.60490707271907,112.25789809398232,52.438650070883675,8.894160099442,34,2,52.75
31.986664702198564,58.333393473831606,62.372656987777454,63.92741759539153,12.684146464230595,4,1,25.66
36.930271056006056,45.20977673051423,164.2242476851358,4.157299270395386,0.2164594162691702,27,0,8.87
23.569532771008877,22.115465984980837,94.5158199230519,64.76712485908085,22.457280377244285,19,1,14.53
29.990577129266534,49.35509709295991,3.8418003277120416,12.692064431215138,6.527465485019118,32,0,2.68
34.27862783257401,80.57899169907948,159.08259614711525,50.198423803987666,16.254369438144,2,2,68.14
26.987060971116403,37.43225555969119,186.88013960282566,54.52472653228183,8.198745387332483,5,1,25.99
14.339917493115792,30.715494451862824,135.06231835714914,32.69820805248612,7.055091032099428,17,1,21.61
24.583448635094904,24.87399440359838,170.0901347147259,33.40981516761125,5.350062343079363,24,0,4.25
7.251805066518124,23.185506871043145,167.58303598385714,5.872649394101992,3.445354566191634,16,0,5.01
12.641654015467559,60.76311862698139,18.07450441000862,33.71253686726152,5.329169801319248,10,0,4.3
16.51927866780323,41.30305752994845,17.05141830246322,50.18125772155412,15.247601532643088,23,1,22.66
29.41125020602828,46.301486787305095,138.69069073887573,24.5404547111728,18.764203602498192,13,2,40.68
20.066069545166524,66.36308900717509,157.75898876212423,58.4399209558951,29.773333485214913,16,2,49.73
42.74149451103015,64.13719844055838,159.1575265964453,12.538051973534783,19.626310985668262,13,2,31.66
35.60797786271902,52.996251609662956,81.11620057644224,66.30642618115124,29.758974730608823,4,2,61.7
44.52797688741754,30.100225720936137,71.22568144662932,22.75175608396344,26.403967131567292,17,2,44.14
13.807385327981727,33.510599306432496,142.2192157332901,51.64752431296016,16.041944635985374,21,1,27.48
10.699435568729882,83.16745454406978,194.65729034699092,23.87864982059599,5.551704857956819,23,1,11.19
18.248312882388074,42.04207998738818,135.4755456514816,50.73837394363093,23.399314884724667,1,2,40.74
7.800946144241047,58.30484986581152,122.57738330251888,12.063833472373178,2.295196191586224,3,0,4.79
39.3101545562768,61.360890538520856,70.53723957262117,67.06004259047985,28.815191665206257,8,2,64.74
39.893462775670955,51.95694625830241,103.75963756899402,0.8298678229218263,0.9993618867385989,1,1,23.98
40.260406779477975,69.43272076133607,55.0045662293019,47.57145971319936,16.107717597576848,26,2,31.14
31.562021065755225,34.9789637756588,151.34576274234897,65.6918530922745,13.256013714049411,10,2,45.97
10.764795244137146,34.96258880037252,119.79412293810641,19.349940583429763,4.325849426340213,29,0,8.56
32.24026571225166,50.95343191614512,24.402188384068335,34.469996881891205,13.719651699302272,35,1,17.57
35.722621173760075,91.71834914290974,153.51669350856582,69.36912047713913,18.149862724111284,29,2,57.62
9.991008057805342,31.30574447041296,58.596532339968974,28.922153033026902,22.32800323909211,27,1,28.38
44.15308828531085,69.98495716174946,180.36243464311974,71.9344048898443,11.759002100132761,21,2,37.36
28.061473432592773,55.43170520243936,77.45040296913648,12.531488287327676,13.255788714318719,9,0,8.79
18.36778065445685,27.510340178222638,154.99609989341565,22.860693986196768,3.393168379576644,10,0,9.25
8.900308495275635,60.02582154403981,128.11975334627058,40.35636753162297,16.782239936174236,22,1,28.05
12.01538067284213,52.96650095571705,112.61585767047771,65.98704859783523,26.756504715458803,27,1,15.15
11.114693788543537,43.80109241148773,93.7508806673287,16.33929979606413,15.47801012286482,4,0,8.87
15.354296310093154,50.43503608181758,44.909353928743826,24.24086505235438,26.50051559756117,32,0,4.99
43.82371418415072,67.79143376059383,56.361044622778756,43.87145893604912,10.27605207444897,26,2,51.79
8.536677580848837,78.51512004471292,84.695043750271,54.147560704594845,6.832481832591656,27,1,21.36
24.890237788424024,78.01204204047202,51.57044447557566,53.88319641180423,17.015115068344063,35,1,29.41
30.270719021256106,21.150664361740976,60.29104129972966,64.04144698044475,22.768771833480564,33,2,66.01
27.35762168735119,23.842506026189497,179.91715016967063,71.85571922964311,21.261643182968836,28,2,52.18
3.8625888365656764,44.00333898202007,79.64584849358485,7.2578685509725585,16.47392986100489,4,0,7.76
11.14231344783415,54.74600172321357,120.41674418527519,57.79783465411216,13.58035832278448,36,1,13.76
34.260336653578285,62.46168363542349,117.0000125005078,15.515619997085533,18.871739449731347,32,1,27.71
26.784152993387693,70.49444804350827,97.02229250277554,16.72322438291001,26.46620918315806,9,0,6.35
39.689505892661764,48.6599579749504,61.62673389011213,40.331578774933135,15.27517362027465,30,2,61.85
40.06641473195634,66.43227375044452,4.340228818882852,62.73313839976049,25.19353478085351,10,2,35.01
14.800958645941485,85.97046515458858,33.13477959152482,19.41211392533668,4.346958400983,28,1,16.01
11.159094249433396,40.37125993085016,123.82593689444077,53.79221729316146,22.55801024562137,15,1,23.04
41.32189404412471,41.88665478259803,109.95220958805709,28.387119372095736,1.976919523629308,8,1,25.88
14.011713058691946,39.78717775133021,47.56770818749088,70.54366143373238,11.976586236849894,23,0,4.77
27.97859923861056,74.73821452384934,49.09265160388821,26.688582354519575,3.1732821164991156,18,0,1.77
22.63277383555801,84.89538751584044,71.1764045895919,55.45462454849123,20.281022199487083,15,2,63.8
5.39941287751183,79.99041246020766,184.5711096195388,28.195181852143506,22.187172817869055,4,1,14.72
12.573653159247115,65.36796159832511,8.045955205218313,60.28763724680547,29.10918580936943,0,1,14.93
37.49014515177498,64.67162583730784,177.54926758295062,36.01429898858664,29.649678554623947,13,2,62.37
9.752048834918298,23.65863631990395,82.13071948333312,9.184641772480385,29.36200153277389,9,0,8.43
7.66922568506773,39.791186963744344,144.20716451005657,34.51737689367947,22.73710606752052,6,1,21.11
41.10015428358321,67.1595727418325,137.66862050825594,4.463707219759613,2.189315606582487,20,1,15.48
12.269350434576989,32.88899994603082,10.05377023492262,3.761220947164143,5.61408419424981,4,0,6.0
21.132668633230292,64.55503876903924,131.82034907070272,46.846422971604326,7.825697604624974,25,1,28.35
2.7338129123409227,87.43656399863788,184.7097465906952,4.1426704895318975,0.148697755776368,14,1,16.03
26.242690103649892,92.21300650079992,6.6445366571012965,66.47402307864677,14.386933737947539,22,1,23.31
11.75046570647831,67.01201343766755,94.65245503697564,49.76454521287969,20.67230784388178,13,2,45.63
18.91696483072194,46.91253213758489,169.3805456954948,52.252794628010584,27.162870411754177,15,2,42.0
36.074446888031765,40.07251577294372,74.30581309400056,49.75995278764605,29.788335606945346,28,2,50.83
24.872660042767105,52.61041489283467,120.45953790765927,28.134694610778304,8.405650672231822,14,1,27.44
32.39633956277215,52.5514252768438,60.417007436916116,44.909434965837896,28.182433867324608,9,1,25.19
34.67934314895214,77.42245787188195,199.54161360038137,10.547006384158633,11.665176993680843,31,1,21.81
33.722130134760604,24.58258369635111,107.73647144637275,18.016978370969184,24.048817841139897,33,1,12.92
12.796649670624486,71.21218778298064,121.52024732675122,62.09975458723737,12.90311701829648,30,2,52.97
2.6291407187246065,38.019349131684095,63.213557992824,55.25748048420475,9.698307674044855,24,0,6.84
21.415740805385,91.06979009212752,49.4666402870416,2.0847652206000333,14.70149474782236,12,0,6.24
19.795300677287994,63.96283886117637,32.7158818634635,5.484362488003191,26.39868125794682,15,0,4.15
4.16111006166166,49.55201776116865,167.9756085306458,10.014337216050514,22.078195577411908,34,0,9.11
40.13575095982834,88.11649454698134,76.98334088706112,66.8410827968498,1.640940055884531,31,2,43.46
30.722682788500524,85.78059362454641,33.05780061705561,64.36874175236542,11.701129437818704,10,2,50.5
26.25831012801405,50.47098434085928,118.10223208746109,17.197392309285696,11.361865952811609,34,0,9.43
35.502197083589465,31.741983115100275,93.3861179886208,52.54504919025305,7.853026975439397,26,1,18.36
15.099168358738057,68.25765154545135,118.70142805174,66.20397415679858,22.987294026276427,25,2,67.1
30.102660481158257,31.882212110390505,28.57374536871142,40.360336768132036,1.393990870673878,22,0,4.59
14.94352500148913,44.746118105072284,2.351719830559307,58.12123535460831,28.723387476440507,11,1,12.24
10.076337872771125,59.602591967848554,8.754605592602704,9.575280458557994,25.900588169002464,14,1,16.96
42.27016431835216,21.938085430401742,116.05910261705417,43.21342640141201,23.63661201544984,0,2,44.23
4.1333501999514874,84.89528546143599,101.98188556848815,60.43939412529982,16.6344587929674,22,2,35.19
9.631306245220866,67.28694284018015,177.11232474673335,45.74379216441338,19.924143210257,2,1,23.3
7.5706913248593315,80.80296393083768,139.1577177963941,68.70894420013542,16.056389933519895,27,2,68.51
18.093982262044726,75.22958904896062,141.2819027936131,65.48339595829032,18.961667768495925,20,1,25.66
25.066801200212595,28.554528326212314,32.002175051765725,59.280425408765396,10.664606263955516,0,1,11.39
14.612980349935974,84.99405930286392,144.53362719241457,60.128669782920845,21.2581645424067,33,2,34.38
31.689813344701914,43.436834996514534,147.16395380928523,39.85750057033992,16.78218715630245,5,2,34.67
34.392621890155674,74.39370196579483,38.49807381965673,60.130023448070475,1.2208756530319664,25,2,38.43
27.787647589259294,79.9272961313343,195.27434242976298,62.01598495397968,16.737122660350852,3,2,49.3
38.694248236477534,83.43911917687728,119.4448805500022,34.60234811966932,9.340141682869854,34,2,60.58
16.176149501569512,83.26109186352829,10.450231424524127,66.82485369920686,0.0408576731551924,10,2,48.19
33.18673433355196,21.236435154000162,14.900632855404638,13.073109443724823,3.415142516649375,14,0,7.18
14.695195701928595,51.975319999262,56.353173699452164,32.38984001303975,0.15267097284847542,5,0,5.01
14.600368672468766,91.05532369518092,78.39396474821987,16.007916798592632,16.63538819003962,1,1,10.24
37.21895992364025,21.972118489642302,40.45816422773645,11.603096466954359,22.1349205276821,9,1,25.46
5.045406126595806,36.030838145811515,125.58664260345687,2.5218007706008563,17.76746446168053,29,1,25.9
36.039854242972496,41.51619091540449,138.68122755430704,54.87393281220575,3.513487724185298,0,1,24.47
41.15621063464492,79.5156706750245,102.25484133113952,26.622856975582604,13.444974827991823,6,2,37.39
2.7821972115676816,89.04289948565638,100.05945592924115,16.712469583393812,0.08569508451547247,13,1,14.89
42.71257089145689,30.491474580778192,41.46358893074338,20.541416655188275,0.39005699439123687,12,1,18.91
24.6332009046366,29.94256541469936,39.41712929700647,10.63805946217708,20.798867466592377,22,0,4.87
7.130957357653752,22.072122451722613,116.34604941965281,16.082986002600876,25.34784250598977,30,1,26.75
34.595215493703,83.33674175954704,69.13091979234491,25.048621384068188,28.32902459699449,29,2,51.94
37.94195571472256,50.32311619462543,153.436800300319,65.69927096402242,13.96821350882245,35,2,43.21
42.046565600161934,91.6868499962478,163.16326015302377,71.11649730793248,15.92292334534313,2,2,63.45
19.48896029382199,66.10651933809042,131.5319021697764,54.18905125127589,20.04602091780256,3,2,56.98
16.61622169466456,45.36990854075731,132.1348503690647,55.48513552519497,10.679955667657811,10,1,19.89
28.336222102617,24.2324660558261,111.87643480290401,20.320099274471414,11.084325839533104,12,0,7.97
23.40087165244857,32.06909919267826,49.40272799115215,51.38914605051239,4.1486038105921015,2,1,16.16
4.2101859363818095,45.775796442123564,127.7144415733238,58.69996944742855,28.85810044177084,6,2,47.15
4.403143872127602,77.10493379888297,25.555682942097334,69.48471435498936,23.97861828739937,28,2,66.97
9.36288203912391,65.63540877683717,10.271003151821345,39.79122167697295,1.9174192725916772,19,0,2.02
37.53602907131502,36.92655885353965,17.277348354795397,43.65109304321028,20.623520988000205,6,1,22.06
24.590215117123808,30.997495525424004,4.729360214036071,70.66781019897432,8.991925516091099,4,0,9.76
2.5555399892315935,74.1927701044772,45.33534304786706,59.75186545087781,16.614122554776642,34,2,38.41
5.034494456231236,50.944924763482156,123.23469708262935,13.262584118170944,9.150802316635612,35,0,6.21
44.421125300399446,25.228356811559408,113.9040195900102,19.105509198758128,0.05736034970870274,10,1,19.63
23.51101700308093,40.490516617304664,175.44315078708118,56.030864119967305,25.137208558754377,13,2,42.59
21.26765826381098,93.98751521085575,114.64813245071875,59.92348909064893,7.900287526357365,14,2,30.53
40.61416728313868,25.05171623301686,120.96934546193314,56.644949751291776,12.1142364282952,27,2,63.18
14.745321641264514,58.09596732492862,46.168122649448875,37.287030201588436,20.499970344698546,28,1,27.4
22.308355700618957,70.19147043615104,191.82477121278396,37.69079828728257,29.90039217461329,33,1,20.53
40.93634658678619,27.00083933577961,94.62455658045128,47.14474800523769,18.256243170450375,32,1,21.27
8.455848568305912,58.380800942589836,174.49975647938064,42.67553113064691,26.179909508605938,31,2,45.33
18.353560963648665,33.53562892288331,111.12190539881068,17.889164247713307,22.124338397024452,27,1,14.22
39.363500301840595,69.27128182422663,126.6776314893121,8.378040442610676,17.257854363020105,9,1,15.9
23.45168573664375,79.10453344721816,62.54562321345889,36.6500436053212,7.785699689314033,6,1,20.44
8.407115911907873,24.169428581130852,54.29377261968848,52.779783476914545,18.02449897016352,13,2,48.87
36.138244067688646,43.6978581644677,44.70747721174104,69.82903255859348,24.07729796237297,17,2,57.88
27.507918579470132,27.642533810522007,12.973225340276272,48.16238458938195,19.728034317754446,15,2,34.35
23.485849214343816,26.237776381646572,48.26475536056216,51.436429815066276,22.1659484273028,19,1,11.3
41.962057661897695,36.52239438629312,186.21976438118585,53.16842219067439,0.5670218199425237,22,1,18.26
32.157178411013625,35.76577954676745,167.34010285473778,60.968645658074564,19.04996457781732,6,2,62.52
2.9212813998990144,50.17522578306612,67.0237677359677,48.90308206511213,14.851730173452077,20,1,14.59
35.988838409488935,75.1004426859701,105.87027455063239,47.043949028033275,20.99796556959341,17,2,53.83
15.45379790927057,59.240474522647425,1.6959442051015738,49.65170258404071,5.8615639384452525,5,1,14.2
26.588016258685624,54.30011650090078,153.10952992559396,27.531120436080748,29.61518123824309,24,1,24.15
22.304255411052843,94.16375611312044,128.73964739686144,9.607435753034725,13.729267165692956,16,1,26.05
15.503603338971788,42.38285951638362,199.20962498380365,40.484738843435075,26.394944883599536,25,2,58.91
41.20679901003704,54.135968073990036,160.74509946321746,18.790907158993384,20.808130257656373,26,1,10.63
25.65093059548308,31.38212104348814,36.78262103852301,33.73769008010572,10.2818913730022,17,1,19.22
16.319540715153266,36.40098496237698,16.208748761890355,56.440960888660506,24.57012543496371,27,1,13.14
37.70672123932276,56.85869233269661,1.070474172837721,19.35170565417809,12.230905576478083,36,0,4.26
43.53003359228494,78.91824723342212,144.61696112324526,59.87106771215125,18.14656602235652,26,2,45.7
7.755717409219182,39.85329229601632,9.007099461303735,26.256959000046216,7.662193210020725,30,1,21.61
36.352394908891135,40.722996450053884,47.21983800178635,3.172127269047848,14.168053834301086,31,1,26.72
23.5999881118856,46.905447051202025,26.333793655992643,21.074141774304074,29.26286284996917,24,0,4.77
14.79920597325891,69.1125191078801,42.35039219728121,65.39094259777521,25.630309532009036,9,1,13.81
19.521643634236924,73.89001552193363,41.24157947709022,50.344119142826585,0.4223727656280851,36,0,4.83
2.9571725790540224,59.90987680263356,155.3301909887889,17.513312981856217,21.226591806339897,5,1,22.76
3.113709813041879,60.52755215862787,156.9963463997665,5.440712761655678,12.395185957395592,19,0,9.22
5.144721952747534,45.30451020138976,81.25441570677354,35.89666007452713,7.620403923027662,35,0,3.57
29.279240624107082,24.55664548174852,14.973992274556135,39.46561460153431,8.551933086103027,21,1,21.96
14.099213610643622,63.33976433682444,155.47266376775218,35.59026852204633,24.919309948168333,8,1,24.68
16.270982802723342,47.47523318089737,16.70993543817094,46.366733739591886,16.573521769046106,1,1,25.04
40.03448563073682,41.902355856672344,27.595963258415512,2.121233143983829,8.930410310334745,28,1,12.04
5.736267315340069,21.60616540030143,85.64754810707744,34.905912599870014,24.68034804569676,21,1,15.62
4.660479010891841,62.61054476240311,130.50820397294018,11.051739877607998,14.652982282491715,16,1,26.73
24.262610351751512,49.570606694974316,90.28694722424464,55.16961556145441,16.62893885275214,2,2,68.79
4.940115212898348,36.82366062300015,185.80858289711765,41.398772949392736,13.209761944434907,8,0,2.2
39.07242107884408,93.24682719002183,171.10973446217002,12.79669484018243,4.650395752959108,33,1,14.51
22.792876412242638,70.00302760510849,108.53562545829452,28.969711602265434,22.132700934350122,25,2,51.64
20.748358322690834,79.33439876435123,28.492149252080033,67.4104399372327,26.655140771742136,3,1,10.12
16.448142654288702,45.40484453071174,150.2000673356536,49.02418021379377,21.88440273805503,22,1,13.4
26.253989434500568,43.98792573573225,31.893869064164893,53.877365742703276,0.04178533557407049,16,1,27.29
31.633004384597214,75.78965335385084,80.72209842036699,43.41498054635011,15.023935221121423,10,2,31.91
3.7796124906123856,33.027519951024544,9.239787521760645,34.00517882234518,17.599121727541483,0,0,1.81
36.36473708464197,67.10068841867894,20.942044020773885,63.95927257966687,27.5235070436924,16,2,54.64
24.811792898975472,91.06193127599462,43.142494499632434,34.398472482360845,6.776684078321625,33,1,28.19
23.933033175492977,76.25970551886383,29.522709006197957,65.25147181610122,17.329019188975035,34,2,62.76
29.571822966204994,74.7216080724427,10.447311288822103,27.828051334387293,28.888102346390617,0,1,20.85
7.050237408536984,29.81802026355305,160.13158174502306,54.77627520317172,3.12758597173843,5,1,22.19
22.401302896186387,40.24901206500806,132.73583387130557,27.052055996381775,6.568587030364814,7,0,7.87
14.89416332763715,82.39014611178712,176.32875103618696,31.477405299746245,11.24064062180684,20,1,11.16
19.09000287205838,33.09618875055473,5.763675028172699,46.063060363327644,8.069802199047293,5,0,4.48
23.859852743810276,54.46951420555535,124.82952457396645,18.509777108879753,6.439172395602174,10,0,7.32
7.301461905466207,36.802973249526325,115.10630324072797,61.789896301412924,26.763439295054102,8,2,31.74
25.074243901758173,37.456277966262476,103.33713120742212,63.845838839216114,26.008275190372935,1,2,49.36
27.337761354661556,50.04482262773098,169.11569989017337,27.463580917376152,19.463374454002963,24,1,11.81
12.839268371699262,53.592439439229764,190.11529057977108,33.92746398282185,2.3582797057893403,7,0,1.79
44.81236498514946,41.73908518036168,196.92973744671076,23.40835306337543,0.3516935309007796,7,1,29.95
16.9301310323575,59.212716876536874,45.6788676171304,47.70345130796727,1.5543576508892032,23,0,7.43
39.60721585871433,67.41445859304991,191.69858321174755,20.81470961341098,28.163679925642413,1,2,59.81
12.846797407223088,21.554358308220433,99.21241044878799,49.46478073540738,5.709883901247056,17,1,18.41
34.14243484439776,68.24816020472221,69.58173469744891,12.627486405204062,6.736548049280695,1,0,7.06
13.56318810151657,26.88877997332039,67.14541356438357,21.38166290331392,13.526290823331955,9,0,4.06
24.351257215424777,43.919089391185736,107.01692197596087,25.52214226226481,5.292916108173488,10,1,10.97
4.955312667613191,76.44796695892391,89.30555791703887,29.493807109663152,4.374815525874239,3,0,8.18
10.315261290074208,70.90684311192175,20.34709890589239,37.458401151845685,14.304809822881694,25,1,12.05
26.4902355487945,80.71072633930547,47.10474112283411,57.0968342601032,8.758371720069011,32,1,12.7
44.61163848150106,91.8486073858822,160.04834861140094,38.7179958324237,20.2447372746222,17,2,30.34
10.13890366465587,29.862955236195944,82.63605160960958,61.66006318800409,7.227709828426204,26,1,27.44
6.998104160524763,78.34704754666825,115.64542364330606,42.3634471730108,23.38356365687479,17,2,51.24
22.496608384430637,35.80250269085883,88.4214135057799,52.275043152014455,20.026519396714164,13,2,49.06
40.867549935241314,66.97824472441357,197.11756817630027,2.71596946576969,21.12438409935357,26,1,24.59
20.390684264050673,48.48128023159023,153.03938114509737,62.59200249784548,10.72507200493374,24,1,19.88
10.758315895747101,53.900070354032415,54.27736065890025,66.47154017991527,16.527519226996038,19,1,10.17
15.173154120546124,58.50622578643979,106.21347657331953,42.84405366415172,24.706181716663263,29,1,15.12
11.701442327218205,20.062726728167384,133.18726355133643,11.738228923760213,28.70988845428184,27,0,8.65
25.98530216111082,52.87630352131848,99.3596816191718,57.91369494266683,19.213521166350056,7,1,22.19
37.360539783804064,31.981620666348853,188.82887695372332,29.875103931567025,25.81350895129132,0,2,31.16
40.587852462833,45.148753254373744,121.28770515986301,27.215945689992267,6.0864340614567265,3,1,22.72
23.739225066721744,46.25568536251711,17.75862148338185,17.212202277793796,5.524411943541506,9,0,8.02
11.079455644057926,32.62547774117705,30.78266891082526,71.41288829205519,24.62675205123989,14,2,38.58
17.083785798603387,55.825505451083025,84.39935885810019,67.29195266719566,21.624289877228506,34,1,17.2
3.709403649063746,70.22668947962653,61.05614260623386,48.73480279416912,27.406760825707305,25,2,46.58
43.8869414627569,24.667724584535204,184.56961382964147,6.417950146815052,10.11858640150769,13,1,25.54
6.283749376847123,41.298779248986044,173.38654091390444,22.462704847190448,14.10666102436466,34,0,2.6
17.121210401342722,32.42828653037198,176.83408397856297,71.18044967043862,1.4991518532848747,18,1,15.23
6.297846732505105,61.763413440169806,168.00864270556474,67.46360664700687,8.349855796338115,31,1,15.41
9.515666525965116,54.16080332424613,99.67115627540444,34.70439863110209,24.249912356378466,25,1,27.77
40.62145207571051,85.38157339924713,93.10351888591471,65.34033510846163,13.321672778787375,13,2,61.08
24.902471504924517,21.490604826695055,103.11723337832086,28.653802197279763,23.209355473676943,30,2,57.4
43.63866404663316,45.26957942942988,168.87422403941918,50.86999468859187,18.124151434602933,31,2,33.58
44.92409311312649,85.1681632926108,140.87150352401636,21.508087069360307,28.588711466996287,2,2,39.63
42.99228112049033,62.95762457910919,49.040109185633085,21.406550924107115,29.41969117889579,26,1,18.41
11.974527621549761,80.65419450869193,81.05410872803292,48.67561932361341,14.935454731990363,4,1,19.9
42.591620371556495,42.02837658381664,14.355758134399776,12.61955548904844,2.8642174344755054,19,0,4.75
7.692967114679357,51.49775179247928,154.3444811236222,3.631771282488506,22.360220431101265,27,1,11.29
14.842201419669365,33.29639902507592,76.97639025859874,15.185224888510913,24.73667635118128,9,0,9.83
22.16259441402443,74.23050301211063,165.384997187014,23.587303667334613,14.53457648806463,22,0,2.81
43.436155019433,53.06963519972362,2.6139546117748047,1.139108296115444,8.650577056535852,24,0,4.37
30.67499375855787,48.84346135112348,175.63175545162153,38.08142738246277,2.53544006573493,1,1,24.05
14.383822568155043,53.53842806948331,14.478578844627489,28.52687993409898,9.44099274906916,7,0,2.57
20.90029091028354,20.40024206892845,95.365141286967,47.05993660536401,0.41650979073962313,23,0,6.87
20.53618996172991,92.32494506668493,176.8378455599565,29.87373173436507,10.495388040724666,29,2,31.41
8.572354960681377,59.12101087641722,93.64868076521059,61.14673068064432,11.899776788866465,17,1,10.87
31.74081220902153,76.00114142388014,156.612332714956,36.414314962061766,23.749223326792002,19,1,23.61
17.263494824114233,89.6160577747794,124.65564190207759,36.554136376295894,5.724703613383349,23,1,28.58
10.77453021023634,61.83600153613035,69.9065081758165,46.539937413097924,12.66139727161291,15,1,18.63
40.24941539619973,52.16558231266642,150.57854004909723,69.94475966234188,18.977627294368766,25,2,67.73
7.703650033143867,79.93374637591702,108.59835456161812,38.07751820493093,28.850524427279375,4,1,26.61
12.743694791968842,72.08677035935821,184.6353808888008,60.647951836120406,5.95090818720254,9,1,20.34
6.169091723043696,71.65991657907017,4.349486127968749,28.40707945826225,12.511888131409094,21,0,1.09
30.638507024876013,91.83278179188495,54.41483120468318,19.781512367226078,21.1288034607818,10,2,62.98
18.654295516467695,73.83255010264804,160.2191152861629,54.35992610502821,20.30432394858369,2,2,56.39
43.34747867663648,65.53924125328032,121.64545124705985,71.57494589693711,2.807633693427163,12,2,56.24
4.930882564816297,50.14329908004679,146.05293956302688,60.7294009652353,24.401084999187866,24,2,49.56
9.450532444167557,84.28363625188297,115.46280529129997,4.74535839807327,9.026269908729569,29,1,16.71
24.415457018484013,29.08874535003824,135.92553933839926,36.07492688382129,22.60340928705555,7,1,26.58
42.79841078424094,89.9969594433291,44.96241815562956,40.075383926556036,4.121043012690086,24,2,37.41
20.949962910045404,42.351430724598686,11.899098915640117,32.16987672913173,19.648545778333574,35,0,7.46
23.03672173543731,29.604237319009826,12.269281979023905,23.268532784115592,2.6049249041224867,14,0,1.13
6.229798918022158,68.17772733137087,28.57086312030861,60.43873711745373,28.82212028086332,3,1,17.52
24.096053609552207,63.453173824818464,124.03652630376219,2.257141024270198,2.407937715757428,9,0,4.28
14.793069580219923,29.771256531604266,183.26276844526427,15.009165567547726,4.310735921821573,9,0,5.7
22.08828037008157,78.4098166885347,43.984436965133476,28.85184515243324,28.734761547838477,14,1,15.88
43.08311368974064,56.41274816159202,4.602903358169086,16.3509161020202,12.924361382586035,8,1,21.24
19.690793503989603,93.8499484530702,135.7987829615398,53.67610498062355,5.769012709984002,26,2,67.8
34.118465092523245,42.887687885716176,95.00180051445928,7.474045191021773,5.1928441187852385,10,0,6.04
41.39314208765052,60.66386079677011,52.122274161619984,4.752358581264994,26.548591582525106,25,2,59.49
14.262738019153277,31.128938007572266,87.92152260293255,36.076717853252624,25.099430794917417,6,1,14.58
21.21770842955716,20.2623467276226,188.8895264076651,18.781315943060562,24.91726566190024,5,1,13.25
42.35789073801455,62.14914405041467,198.7377162739319,41.479386735338466,19.691283281995638,18,2,62.87
31.0606440468098,76.9353310101943,139.16190625293103,60.94697289308182,6.687193928461196,14,2,44.4
29.411868489772225,43.82453491522777,127.02598090330608,55.601273971573754,6.508985346160168,18,1,26.49
14.626221705858988,87.838245487885,158.86613105307327,57.799803584240635,12.994607863483083,9,1,23.66
26.638145151946716,88.96099231038528,55.96170596082231,2.811342202295919,7.642188301432265,3,0,2.4
11.798112225255474,37.69301333158883,153.60162772851092,1.836319667794337,23.36730188116729,17,1,28.72
11.495015222801536,86.89946525483793,197.3450131343095,18.505999360989055,21.658012144096414,3,1,23.97
33.81767722856453,52.846010797413705,130.5068226734269,29.575611985751586,21.2500794049793,7,1,19.77
29.499612978371918,48.7440825224423,93.63293580142363,61.62663353086013,4.9494619004033735,23,1,20.25
41.59608500203322,88.78265133033774,46.00366794299835,22.10333981869209,4.862060438910897,33,1,17.96
37.096513565730696,94.70725337768354,8.973433255784924,53.361076763318344,29.673926673201628,27,2,58.63
31.94769794898688,94.1067053080668,18.333283137062793,30.68168585016862,28.218564087913453,22,2,56.04
18.20637395160612,35.70798305658636,35.266854538233794,37.414499027047846,11.32311639476325,2,1,13.92
44.84595984668893,47.6053121086218,82.54183241203981,1.9211384506595874,11.42477390551589,35,1,20.31
43.96286023357318,60.145133122144856,89.5486613096958,42.23015128551174,29.124244797514134,22,2,36.76
10.328630627447808,82.23605276496751,75.26023187821127,47.3332860769533,11.437390888116221,24,1,29.84
27.89250199009121,83.06202346899276,103.24635905027775,62.66967188738782,12.388148641449753,8,1,28.53
5.302700832210377,58.186803615592645,141.34958071525102,15.33576285654647,9.813786959140922,13,0,8.15
14.933021077464605,20.608673932526788,37.079920215292404,15.582251753655186,8.742491152391088,14,0,7.36
20.672465860259027,87.78526371269133,199.0930477021184,26.365257756442897,4.6197163894300655,11,1,16.54
3.9174590657259456,42.018638123828765,157.462062986647,35.11955225444267,28.55477410202973,2,2,43.76
41.88971149768877,78.72110920509127,119.0791813746398,65.29086880790311,18.01075440721617,9,2,44.25
17.776672037521514,22.88134206468391,100.82005938502152,29.184042611454135,21.62006616262119,12,1,20.39
38.84860903399849,69.31439958766462,171.63756274206122,20.237109605096936,19.11170684708465,19,2,45.34
7.465030171780864,24.454747174821648,43.21606995697091,5.011529551221286,1.6841480054069646,21,0,8.29
21.438310930764466,44.98320229972015,94.78724069989708,44.94219969558996,25.15030412686653,34,1,16.46
18.572895635802727,82.22148706020828,98.98157926541874,59.16587931098823,14.00545104459135,13,2,68.55
17.162229274421193,23.62571798285428,116.6965053419003,13.077519668823001,11.321843769901283,35,0,6.67
31.95981802219111,29.74445000803373,191.06899599594433,24.348735959413126,7.843350944558826,6,1,28.75
13.200799753451564,59.90391952874039,22.93631573134942,67.36081124504133,25.627704079632462,9,1,10.85
4.664635416571533,59.14529936505809,112.48357523671413,50.1317686277186,29.86626238777195,0,1,20.2
37.75828690551431,27.36168479555259,186.76600445868135,25.417774451364348,10.1274740404836,15,2,68.02
2.93943806625409,60.07912876351949,199.43508075335345,63.336356447077534,9.300763001138538,32,1,17.76
28.509557997202187,20.6548306799291,156.5728124187997,68.57170632293906,20.081198679680835,6,2,49.13
23.042880986557726,70.50073753604599,101.07353656407325,46.862040581177695,26.024656360959646,31,2,56.38
43.13608937591858,88.51147217972525,55.96201171826964,47.60883063120612,25.65700011524769,8,2,40.14
2.239461006817433,70.92458601840039,97.84530209800306,27.438524559114175,10.216098347207689,10,1,16.69
3.0270815924577676,26.094231273401885,51.249334891991325,51.522371816890896,4.647568085731118,21,0,3.21
5.407715016979575,90.92913161924916,177.31009624585332,6.5629301197420045,17.2222804754238,20,1,24.94
13.998594228495712,75.21784660035205,156.11505464876933,38.301572691127426,3.6284610455011435,31,1,26.9
28.529054004246635,49.21959079943654,177.45880973956378,41.94350962901379,13.628505860393105,35,1,24.35
6.894887450664424,85.74490757381227,136.5912111926274,23.76904092574552,26.137516632453952,19,1,26.97
29.862047236621336,29.851792989863096,194.55034194542867,20.164119121389632,23.570664960233692,5,1,15.51
7.1307883679306325,59.14754820856755,115.3686364218085,58.83281175607648,1.806455689377553,29,1,14.0
18.829266624414817,76.95489143260555,181.38516293411467,71.8999045724007,15.346827214145573,4,2,31.87
24.286055795662673,88.91357152286386,24.711868171980434,54.34163412841769,17.98137186402356,31,2,67.39
36.76451240706182,66.5599421115131,81.76911801503162,48.091923652658096,28.679003288337903,28,2,67.6
7.727693585791417,29.823686989492046,185.9874406494812,7.276806310946936,0.12238820548214013,11,0,1.93
41.67582107804611,56.18197732673095,85.09430660200738,39.041308301502575,6.7858387453495865,32,1,12.02
40.45748813675895,80.98260186438844,32.343257574846085,56.790508186065075,15.501182446181542,4,2,37.58
42.0873062713076,22.91022698932888,120.87012726080431,46.49059505935859,8.851954806495106,36,2,41.65
28.633078931408097,36.767554910749595,24.385733789249443,51.179993126284224,0.6820579044855113,8,1,12.89
34.53951671311044,77.62991163536535,94.80516694553354,68.83240278153062,17.380173323872434,15,2,66.97
4.487780947748704,68.61750380588947,182.67402906462448,32.53602883955776,27.04541790565143,23,1,22.19
33.32279984444035,20.051785586153695,177.44234454637072,63.87494446700001,16.238938008261265,14,2,56.87
6.026088795188031,64.1799003723126,63.61386502359747,59.91588615373145,23.998383786252443,27,1,15.15
13.214076735445408,75.86446491074003,25.367220012098123,15.141348225675218,27.228791846066155,7,0,6.59
24.79940379329139,40.101817836498995,174.4086363750988,12.018553306719166,7.617054150186432,21,0,2.05
13.94794409800922,74.18930146008921,85.59647194504996,45.96495387247505,27.84528588516628,22,1,11.38
21.428411157069974,46.2609295159914,134.47758509232568,68.43986292659623,2.824064927644123,13,1,14.07
33.67245520334235,88.77203390698834,84.47802374878026,2.3877483556082195,3.391413418123548,13,1,27.46
21.13676622747387,89.3259026029737,131.6407980188226,52.686885215364136,23.57809522348351,28,2,53.26
7.983844037900177,35.20321687280179,156.2320947449469,12.046471028218754,9.37255821665158,26,0,1.44
34.93498321327597,21.661447456167476,22.510290095979222,51.993347591226104,17.807429720187407,1,2,39.2
28.242984889690856,26.911506290062718,41.00631667196426,55.79508853513703,6.717253235663355,7,1,21.94
14.360911839749209,20.98482032398069,186.3532774153312,22.919817919320124,22.931323556042962,9,0,2.21
13.479683853366017,85.33199006016433,4.873618531832635,40.34171350429087,11.51550885594326,7,1,17.2
41.72370752598533,26.21415939511141,58.15789972433982,52.4467635928791,26.52975262390469,5,2,37.42
4.758818146010876,25.2542369562345,119.02331298933564,18.379841470786232,12.30693700911676,27,0,2.79
23.69287707050492,87.87182693107037,194.5924000587128,35.1746961742178,17.539411773464007,21,2,42.75
31.80561396838324,26.044128592656207,181.46458715437475,9.122135467058852,21.96187412731293,25,1,16.47
14.533744534794437,89.59153216052485,186.69823400712247,22.736749270601447,25.0779297846215,8,1,23.09
24.186821639652354,42.03345849127449,12.222872471292545,10.465540312695028,8.720234834197116,12,0,9.69
11.997760197131736,53.12016054063669,87.95656769814086,28.168587004500147,1.3464091526923683,23,0,1.66
4.700315752384743,65.99121025603435,185.33928578054457,40.56025206271841,2.109948615908662,28,1,12.66
26.199592781899657,35.03503358161137,57.00748501248298,17.336912448534132,19.350140132198575,16,1,24.43
21.235781009445983,70.97566713421207,196.49940597244196,26.312601358524134,18.501404890198888,10,2,33.72
9.92341377061064,64.84158579648063,141.62959902212236,28.30614999949726,7.378587420835561,25,1,22.22
40.42176570495385,66.2023922178063,6.482077767504668,54.21654317257035,4.825656397242042,28,2,47.41
14.086437360044066,55.63069118079816,150.92710064392068,35.67918421669103,25.41591988406814,3,1,11.55
3.107524844844853,54.26558914932828,65.17595211101708,71.10264353379748,26.055123508705893,5,2,50.04
21.78264065441038,76.5958985466414,155.75392751830526,34.85259624757578,2.2727340622127246,26,1,11.81
32.87413315749724,89.11013590446169,32.42122194231219,34.17210836348132,22.163237791794757,31,2,66.83
32.8640963767576,87.21058731567102,16.54453423091542,5.635273157715528,21.40574822327918,1,2,49.27
14.616634617712219,90.25422401754156,158.93238501086068,46.94595556554121,8.535115425405856,35,1,15.78
23.862687267671784,56.65134085915182,152.6011946052467,62.395682588342794,10.634054660827863,32,1,19.41
24.450350963870875,88.54668307914798,130.0621543791172,15.650603960919026,4.944259462411091,2,1,16.94
24.77022176157248,45.30128712480292,49.809821167155754,47.82133389014294,19.751200008333303,15,1,28.95
18.427059422794997,57.35580085798352,120.07500030486355,42.22106115279245,18.92141010363339,6,1,27.73
